subject,question,feature,rho,rho_partial,n
sub-01,pleasant,delta_frontal,-0.09058136132599623,-0.12688876279725997,33
sub-01,pleasant,delta_central,-0.10953561094266945,-0.14578565927500645,33
sub-01,pleasant,delta_temporal,0.014963881276320964,-0.03155872677969396,33
sub-01,pleasant,delta_parietal,-0.07521844321564004,-0.1246417304926033,33
sub-01,pleasant,delta_occipital,-0.025737875795272057,-0.04743176189752222,33
sub-01,pleasant,theta_frontal,-0.16500173087356582,-0.16342626617668116,33
sub-01,pleasant,theta_central,-0.08918473240687294,-0.07545023307740613,33
sub-01,pleasant,theta_temporal,-0.3218232066494095,-0.31346164847489355,33
sub-01,pleasant,theta_parietal,-0.12410045538495519,-0.105838634467424,33
sub-01,pleasant,theta_occipital,-0.061850709275459985,-0.049035698741752815,33
sub-01,pleasant,alpha_frontal,0.19832130651550717,0.2259826127545422,33
sub-01,pleasant,alpha_central,0.17417957805637602,0.19593229421453384,33
sub-01,pleasant,alpha_temporal,0.16959065446497093,0.18320397725830068,33
sub-01,pleasant,alpha_parietal,0.18036464898392202,0.20139833450250208,33
sub-01,pleasant,alpha_occipital,0.10893705569161662,0.12286349871774654,33
sub-01,pleasant,beta_frontal,0.11771586604039158,0.18926596941583115,33
sub-01,pleasant,beta_central,0.17816994639672826,0.23888698012401363,33
sub-01,pleasant,beta_temporal,-0.08020640364108036,-0.025863753965231866,33
sub-01,pleasant,beta_parietal,0.09217750866213713,0.1515838809052314,33
sub-01,pleasant,beta_occipital,-0.002593739421228967,0.02516216614134512,33
sub-01,pleasant,gamma_frontal,-0.0027932578382465797,-0.00851562508391615,33
sub-01,pleasant,gamma_central,-0.08758858507073204,-0.10820080781246888,33
sub-01,pleasant,gamma_temporal,-0.0808049588921332,-0.07311411756557247,33
sub-01,pleasant,gamma_parietal,0.1352734867379415,0.12488249895783979,33
sub-01,pleasant,gamma_occipital,0.23203991899148374,0.21885602021367287,33
sub-01,pleasant,faa,0.02394221004211354,0.0061398716304750635,33
sub-01,energetic,delta_frontal,0.12478472876995607,0.1274312508984958,27
sub-01,energetic,delta_central,-0.07723249197526692,-0.0832589859194558,27
sub-01,energetic,delta_temporal,0.0411693862182208,0.034970346606871164,27
sub-01,energetic,delta_parietal,0.03159511035351829,0.024528886818498036,27
sub-01,energetic,delta_occipital,0.0995724689929061,0.10596884812895797,27
sub-01,energetic,theta_frontal,0.002872282759410753,0.013207868644093535,27
sub-01,energetic,theta_central,-0.17265610809346862,-0.16635918944806688,27
sub-01,energetic,theta_temporal,0.0009574275864702511,0.011944882853207441,27
sub-01,energetic,theta_parietal,0.06765821611056441,0.09462384745846063,27
sub-01,energetic,theta_occipital,0.029999397709401198,0.046037066952314805,27
sub-01,energetic,alpha_frontal,-0.031914252882341704,-0.03463216816344698,27
sub-01,energetic,alpha_central,0.36031191504163784,0.35903459205566024,27
sub-01,energetic,alpha_temporal,0.09318961841643777,0.08891562701478828,27
sub-01,energetic,alpha_parietal,-0.06829650116821125,-0.0755126909642628,27
sub-01,energetic,alpha_occipital,0.03638224828586954,0.020647893753576216,27
sub-01,energetic,beta_frontal,-0.09255133335879094,-0.08352292895774974,27
sub-01,energetic,beta_central,0.03350996552645878,0.05176436969831218,27
sub-01,energetic,beta_temporal,-0.14680556325877184,-0.1363332204944355,27
sub-01,energetic,beta_parietal,-0.12957186670230733,-0.11887437565505168,27
sub-01,energetic,beta_occipital,-0.17265610809346862,-0.17901002093361282,27
sub-01,energetic,gamma_frontal,-0.17265610809346862,-0.19669538815522156,27
sub-01,energetic,gamma_central,-0.13148672187524782,-0.15481261095949128,27
sub-01,energetic,gamma_temporal,-0.18510266671758188,-0.19089861521907162,27
sub-01,energetic,gamma_parietal,-0.2763774299610791,-0.3197125431738073,27
sub-01,energetic,gamma_occipital,-0.3079725403145975,-0.35742982389024514,27
sub-01,energetic,faa,-0.30222797479577596,-0.31378837854046354,27
sub-01,tense,delta_frontal,-0.07476163548924192,-0.03572211330363778,29
sub-01,tense,delta_central,-0.15103870953569823,-0.12193434061018757,29
sub-01,tense,delta_temporal,-0.06895245435325352,-0.030037401452536267,29
sub-01,tense,delta_parietal,-0.16543537582923465,-0.11917093761952846,29
sub-01,tense,delta_occipital,-0.06693186961030104,-0.06984472593327165,29
sub-01,tense,theta_frontal,0.12249795004149434,0.17986321801937213,29
sub-01,tense,theta_central,-0.13184315447764958,-0.14886763589894234,29
sub-01,tense,theta_temporal,0.13537917777781644,0.17447444446770818,29
sub-01,tense,theta_parietal,0.13159058138478055,0.14039194434358107,29
sub-01,tense,theta_occipital,0.1055755528192673,0.13348335906701725,29
sub-01,tense,alpha_frontal,-0.07577192786071817,-0.10268969841228863,29
sub-01,tense,alpha_central,-0.036623098466013776,-0.04020275397580523,29
sub-01,tense,alpha_temporal,-0.09420976364015958,-0.11598795426321033,29
sub-01,tense,alpha_parietal,-0.10077666405475516,-0.11268074082690598,29
sub-01,tense,alpha_occipital,-0.016922397222227055,-0.014240809758142306,29
sub-01,tense,beta_frontal,0.007577192786071816,-0.05437477669916023,29
sub-01,tense,beta_central,0.30435057690721795,0.2453532393799525,29
sub-01,tense,beta_temporal,0.10961672230517228,0.04079486906180339,29
sub-01,tense,beta_parietal,0.18740923490884293,0.1245106855496888,29
sub-01,tense,beta_occipital,0.032329355887239744,0.008176568621078576,29
sub-01,tense,gamma_frontal,0.12982256973469714,0.16911061549262985,29
sub-01,tense,gamma_central,0.1421986512852811,0.21603788625182288,29
sub-01,tense,gamma_temporal,0.1790743228441639,0.17955694603353875,29
sub-01,tense,gamma_parietal,0.04066426795191875,0.06413709610759795,29
sub-01,tense,gamma_occipital,-0.022479005265346387,0.021978837216851618,29
sub-01,tense,faa,-0.03687567155888284,-0.01981418723618014,29
sub-01,angry,delta_frontal,-0.16705246486936037,-0.17165313049900813,35
sub-01,angry,delta_central,-0.2664922259479939,-0.27809352443582497,35
sub-01,angry,delta_temporal,-0.09025583410003357,-0.09686948561965816,35
sub-01,angry,delta_parietal,-0.2161389711342909,-0.2283104145983326,35
sub-01,angry,delta_occipital,-0.13348362832689176,-0.1352103220065604,35
sub-01,angry,theta_frontal,0.0739464465345889,0.07428139093836562,35
sub-01,angry,theta_central,0.029451903758958325,0.03106477493342919,35
sub-01,angry,theta_temporal,0.09785632539266798,0.09934673291540828,35
sub-01,angry,theta_parietal,0.1697443055355017,0.17268209020501246,35
sub-01,angry,theta_occipital,0.1301584133863642,0.13295502678082446,35
sub-01,angry,alpha_frontal,-0.16689412130076384,-0.16626207520123476,35
sub-01,angry,alpha_central,-0.10197325817617826,-0.10158870984906941,35
sub-01,angry,alpha_temporal,-0.18874553376708775,-0.18831821423546755,35
sub-01,angry,alpha_parietal,0.0729963851230096,0.07439107134322293,35
sub-01,angry,alpha_occipital,0.019159571800182563,0.019200173030174746,35
sub-01,angry,beta_frontal,0.19507927651094975,0.2109272965451092,35
sub-01,angry,beta_central,0.2482827155593906,0.2792658213473267,35
sub-01,angry,beta_temporal,0.16721080843795694,0.18123369110138587,35
sub-01,angry,beta_parietal,0.17924491965129477,0.19534012124188824,35
sub-01,angry,beta_occipital,0.08107190712143365,0.08329539656333618,35
sub-01,angry,gamma_frontal,0.3987091057261132,0.3988004288230037,35
sub-01,angry,gamma_central,0.25984179606693875,0.2606558652172233,35
sub-01,angry,gamma_temporal,0.31542038864432786,0.3182751574768831,35
sub-01,angry,gamma_parietal,0.17053602337848447,0.16988367075849228,35
sub-01,angry,gamma_occipital,0.2338734508171045,0.2338659290115438,35
sub-01,angry,faa,-0.18542031882656018,-0.19034970257296713,35
sub-01,afraid,delta_frontal,-0.11325806960872778,-0.11986473473859516,28
sub-01,afraid,delta_central,0.10510798519519648,0.10133618649523683,28
sub-01,afraid,delta_temporal,-0.10595109737590662,-0.11359105605122531,28
sub-01,afraid,delta_parietal,-0.03934523509980617,-0.04871629933268805,28
sub-01,afraid,delta_occipital,-0.07363179711535155,-0.07386745466055701,28
sub-01,afraid,theta_frontal,0.03512967419625551,0.035329779359758,28
sub-01,afraid,theta_central,0.09358545205882468,0.09481157993657588,28
sub-01,afraid,theta_temporal,0.10595109737590662,0.10611514279947788,28
sub-01,afraid,theta_parietal,0.025012328027733927,0.03200077853148535,28
sub-01,afraid,theta_occipital,-0.1669362117806062,-0.16501175322570713,28
sub-01,afraid,alpha_frontal,0.0944285642395348,0.10452619397599848,28
sub-01,afraid,alpha_central,-0.13321172455220087,-0.1366663359808276,28
sub-01,afraid,alpha_temporal,-0.04749531951333745,-0.05482366636976561,28
sub-01,afraid,alpha_parietal,-0.016581206220632604,-0.017292246659900784,28
sub-01,afraid,alpha_occipital,-0.05761266568185904,-0.057010953564891255,28
sub-01,afraid,beta_frontal,0.09246130248454451,0.11168321811542795,28
sub-01,afraid,beta_central,-0.10538902258876653,-0.08695171683068527,28
sub-01,afraid,beta_temporal,0.2765407952729234,0.30179457558508327,28
sub-01,afraid,beta_parietal,0.2057193720932723,0.22694942968141382,28
sub-01,afraid,beta_occipital,0.16862243614202643,0.17525306280166117,28
sub-01,afraid,gamma_frontal,0.2841288048993146,0.2745238613979429,28
sub-01,afraid,gamma_central,0.28075635617647404,0.2700598235690545,28
sub-01,afraid,gamma_temporal,0.14023765939145202,0.1333735772647654,28
sub-01,afraid,gamma_parietal,0.07306972232821146,0.06191821635568356,28
sub-01,afraid,gamma_occipital,0.2054383346997022,0.19423969726750548,28
sub-01,afraid,faa,-0.2973375623971067,-0.2944887147698614,28
sub-01,happy,delta_frontal,-0.2516215170210207,-0.2316506697471636,28
sub-01,happy,delta_central,-0.24135759852696176,-0.2070270819327111,28
sub-01,happy,delta_temporal,-0.2475781551900278,-0.23797162180835488,28
sub-01,happy,delta_parietal,-0.2472671273568745,-0.21662603355818352,28
sub-01,happy,delta_occipital,-0.11072590860257525,-0.12877864341591547,28
sub-01,happy,theta_frontal,-0.2911220518314899,-0.3148004043640091,28
sub-01,happy,theta_central,-0.2040342585485656,-0.26900951322928035,28
sub-01,happy,theta_temporal,-0.21616434404154436,-0.24519967114145366,28
sub-01,happy,theta_parietal,-0.2080776203795585,-0.26385884555543704,28
sub-01,happy,theta_occipital,-0.21492023270893115,-0.2720994589669908,28
sub-01,happy,alpha_frontal,0.542121513186204,0.5474727814338547,28
sub-01,happy,alpha_central,0.403714127432985,0.4113863427179741,28
sub-01,happy,alpha_temporal,0.4578329704016595,0.4597570528695389,28
sub-01,happy,alpha_parietal,0.4133559902607373,0.4020103379886754,28
sub-01,happy,alpha_occipital,0.1859946442256741,0.19207897788178122,28
sub-01,happy,beta_frontal,0.3660797596214355,0.3193165443097847,28
sub-01,happy,beta_central,0.28676766216734373,0.26750030327693136,28
sub-01,happy,beta_temporal,0.2609523520156198,0.24285394324046275,28
sub-01,happy,beta_parietal,0.31538222281744743,0.280104633156855,28
sub-01,happy,beta_occipital,0.13654121875429923,0.15693115817808156,28
sub-01,happy,gamma_frontal,-0.026748393651183908,0.03132388374178749,28
sub-01,happy,gamma_central,-0.2553538510188603,-0.18928981431224198,28
sub-01,happy,gamma_temporal,-0.04789828630560839,-0.014379158708650822,28
sub-01,happy,gamma_parietal,0.21460920487577784,0.29866290928808426,28
sub-01,happy,gamma_occipital,0.15551391657665065,0.28469370232598545,28
sub-01,happy,faa,-0.0024882226652264096,0.049199849322022926,28
sub-01,sad,delta_frontal,-0.0026095615892062153,-0.007239080463710495,26
sub-01,sad,delta_central,-0.016775753073468527,-0.027466485166240177,26
sub-01,sad,delta_temporal,0.00149117805097498,-0.011633230057559892,26
sub-01,sad,delta_parietal,-0.000372794512743745,-0.013524155198897072,26
sub-01,sad,delta_occipital,-0.1274957233583608,-0.12663480056941004,26
sub-01,sad,theta_frontal,0.3843511426388011,0.3885134744907377,26
sub-01,sad,theta_central,0.166639147196454,0.1747679429962037,26
sub-01,sad,theta_temporal,0.17148547586212273,0.17344357459710816,26
sub-01,sad,theta_parietal,0.2277774472864282,0.24857947545856843,26
sub-01,sad,theta_occipital,0.3090466510645647,0.31810376510053284,26
sub-01,sad,alpha_frontal,0.11556629895056096,0.11818326378953076,26
sub-01,sad,alpha_central,0.22815024179917195,0.22041986649261036,26
sub-01,sad,alpha_temporal,0.09170745013496127,0.08207174108280946,26
sub-01,sad,alpha_parietal,0.01192942440779984,0.003810627418055806,26
sub-01,sad,alpha_occipital,0.21323846128942214,0.20334954349339057,26
sub-01,sad,beta_frontal,-0.12488616176915458,-0.110846122426941,26
sub-01,sad,beta_central,-0.09468980623691124,-0.07184612442354443,26
sub-01,sad,beta_temporal,-0.166639147196454,-0.14691326551208325,26
sub-01,sad,beta_parietal,-0.15545531181414166,-0.14118167386774566,26
sub-01,sad,beta_occipital,-0.03877062932534948,-0.03840094745593167,26
sub-01,sad,gamma_frontal,-0.16179281853078534,-0.17443067433042422,26
sub-01,sad,gamma_central,-0.05368240983509928,-0.06873144652138229,26
sub-01,sad,gamma_temporal,-0.07940523121441768,-0.07889525134159156,26
sub-01,sad,gamma_parietal,-0.007828684767618645,-0.03342656022864719,26
sub-01,sad,gamma_occipital,0.02758679394303713,0.0022354968160621506,26
sub-01,sad,faa,0.15172736668670422,0.13975049424865504,26
sub-01,tender,delta_frontal,-0.09403400399083234,-0.12002893436150591,29
sub-01,tender,delta_central,-0.009755689174841395,-0.03261181876228085,29
sub-01,tender,delta_temporal,-0.0964729262845427,-0.11553435615159954,29
sub-01,tender,delta_parietal,-0.08644624574373348,-0.12740217213592545,29
sub-01,tender,delta_occipital,-0.03793879123549432,-0.053799458734483004,29
sub-01,tender,theta_frontal,-0.047694480410335714,-0.031737052127405865,29
sub-01,tender,theta_central,-0.11571331326825768,-0.09765096940748742,29
sub-01,tender,theta_temporal,0.0802134443264737,0.10299246640180466,29
sub-01,tender,theta_parietal,-0.01327857693242301,0.02274458367095819,29
sub-01,tender,theta_occipital,-0.1029767190677703,-0.0798674972191995,29
sub-01,tender,alpha_frontal,-0.0834653407180875,-0.07529824010030045,29
sub-01,tender,alpha_central,-0.2991744680284694,-0.30423456494893075,29
sub-01,tender,alpha_temporal,-0.07858749613066679,-0.08436725796918852,29
sub-01,tender,alpha_parietal,-0.027641119328717288,-0.020548878235583976,29
sub-01,tender,alpha_occipital,-0.0024389222937103486,0.007380774387544297,29
sub-01,tender,beta_frontal,0.08238137525421622,0.1352480138156671,29
sub-01,tender,beta_central,0.036312843039687424,0.08499072086051776,29
sub-01,tender,beta_temporal,0.18427412885811525,0.2092476113089688,29
sub-01,tender,beta_parietal,0.1704535691937566,0.2216326942984251,29
sub-01,tender,beta_occipital,0.09376301262486453,0.1031675788379691,29
sub-01,tender,gamma_frontal,0.25418990127781194,0.23232623651528272,29
sub-01,tender,gamma_central,0.34768192253670865,0.32281564585803024,29
sub-01,tender,gamma_temporal,0.29619356300282346,0.286769278758919,29
sub-01,tender,gamma_parietal,0.13847658800955426,0.10389660508311614,29
sub-01,tender,gamma_occipital,0.078316504764699,0.05779809796140816,29
sub-01,tender,faa,-0.04471357538468973,-0.05279949027698147,29
sub-02,pleasant,delta_frontal,0.5444663929983538,0.5257392477825986,30
sub-02,pleasant,delta_central,0.430848406029689,0.4251992438216676,30
sub-02,pleasant,delta_temporal,0.566515032053659,0.5491654260058432,30
sub-02,pleasant,delta_parietal,0.5111684483025867,0.48853835870430207,30
sub-02,pleasant,delta_occipital,0.4353481282858737,0.3995359269515202,30
sub-02,pleasant,theta_frontal,-0.39372569741616487,-0.3654870026260329,30
sub-02,pleasant,theta_central,-0.3480535165158898,-0.3861762952464669,30
sub-02,pleasant,theta_temporal,-0.33027961360396,-0.3485344483697498,30
sub-02,pleasant,theta_parietal,-0.30193136338999615,-0.29012949209182254,30
sub-02,pleasant,theta_occipital,-0.34400376648532355,-0.32306787504184453,30
sub-02,pleasant,alpha_frontal,-0.3044062106308978,-0.2662940270772667,30
sub-02,pleasant,alpha_central,-0.2283609045013756,-0.2099984275422054,30
sub-02,pleasant,alpha_temporal,-0.4922696148266107,-0.4638444717856116,30
sub-02,pleasant,alpha_parietal,-0.2645836686636628,-0.22867457482891532,30
sub-02,pleasant,alpha_occipital,-0.27673291875536166,-0.2309812025801546,30
sub-02,pleasant,beta_frontal,-0.4294984893528336,-0.43651258704694085,30
sub-02,pleasant,beta_central,-0.4632464062742191,-0.4549373010497565,30
sub-02,pleasant,beta_temporal,-0.41014968365123916,-0.40833022148227116,30
sub-02,pleasant,beta_parietal,-0.5314171984554179,-0.5291010860506395,30
sub-02,pleasant,beta_occipital,-0.38315135011413076,-0.371309757380117,30
sub-02,pleasant,gamma_frontal,-0.32105518297878133,-0.31560702715043604,30
sub-02,pleasant,gamma_central,-0.20068761262583948,-0.18619262043382928,30
sub-02,pleasant,gamma_temporal,-0.3289296969271046,-0.30966745771234433,30
sub-02,pleasant,gamma_parietal,-0.45559687843870517,-0.4509450382433563,30
sub-02,pleasant,gamma_occipital,-0.5608903792334279,-0.571515302133688,30
sub-02,pleasant,faa,-0.1615400289970322,-0.2363436582410191,30
sub-02,energetic,delta_frontal,0.017337496346707948,0.030717116316487297,31
sub-02,energetic,delta_central,-0.09260262754594596,-0.07945636883715154,31
sub-02,energetic,delta_temporal,0.07954851264960117,0.09973040467693775,31
sub-02,energetic,delta_parietal,-0.007546910174449341,0.013388702704090016,31
sub-02,energetic,delta_occipital,0.0756730722897488,0.10776835522215661,31
sub-02,energetic,theta_frontal,0.1348245304138112,0.12513527593761054,31
sub-02,energetic,theta_central,-0.16358437729482087,-0.1567805331386528,31
sub-02,energetic,theta_temporal,0.08587159955251818,0.08618028622743078,31
sub-02,energetic,theta_parietal,0.07098174974887488,0.0680361596627945,31
sub-02,energetic,theta_occipital,0.0624149868481486,0.04907466347070847,31
sub-02,energetic,alpha_frontal,-0.012034262170067868,-0.036322225269474526,31
sub-02,energetic,alpha_central,0.018153378527729497,0.0007901140417468286,31
sub-02,energetic,alpha_temporal,-0.05874351703355162,-0.08624018712953047,31
sub-02,energetic,alpha_parietal,-0.008362792355470893,-0.03452428114786315,31
sub-02,energetic,alpha_occipital,-0.030391611243052754,-0.05188865761854729,31
sub-02,energetic,beta_frontal,-0.14583893985760213,-0.15702893346736582,31
sub-02,energetic,beta_central,-0.03712263923648054,-0.05888789768357387,31
sub-02,energetic,beta_temporal,-0.1382920296831528,-0.15467382509636274,31
sub-02,energetic,beta_parietal,-0.10239321371820459,-0.1164485883516863,31
sub-02,energetic,beta_occipital,-0.2755642066400286,-0.2918521545980663,31
sub-02,energetic,gamma_frontal,-0.07118572029413027,-0.0732164619766925,31
sub-02,energetic,gamma_central,0.05955939921457317,0.06243626457918713,31
sub-02,energetic,gamma_temporal,-0.03895837414377903,-0.04378962723507834,31
sub-02,energetic,gamma_parietal,0.025088377066412672,0.023179721490785374,31
sub-02,energetic,gamma_occipital,0.019785142889772598,0.014008597149539146,31
sub-02,energetic,faa,-0.08321998246419814,-0.07311870261698178,31
sub-02,tense,delta_frontal,-0.283996156320335,-0.3292126286529549,27
sub-02,tense,delta_central,-0.40401648583002653,-0.43132564672182705,27
sub-02,tense,delta_temporal,-0.2758908873144857,-0.3074279257761375,27
sub-02,tense,delta_parietal,-0.19296775056233523,-0.22349551062303816,27
sub-02,tense,delta_occipital,-0.02119839586145201,-0.05940689469307275,27
sub-02,tense,theta_frontal,0.21167221749891052,0.20798412581534115,27
sub-02,tense,theta_central,0.1661580146199106,0.14874253321478534,27
sub-02,tense,theta_temporal,0.34416219163298556,0.33683484991956203,27
sub-02,tense,theta_parietal,0.2712147705803419,0.2615265648519878,27
sub-02,tense,theta_occipital,0.44111367858756756,0.4521794816806179,27
sub-02,tense,alpha_frontal,-0.05736036527216426,-0.02976425656908547,27
sub-02,tense,alpha_central,0.002182187809267119,0.02612724926798395,27
sub-02,tense,alpha_temporal,0.08011746671166421,0.10428866554136698,27
sub-02,tense,alpha_parietal,-0.05174902519119167,-0.023706030591595657,27
sub-02,tense,alpha_occipital,-0.23349409559158169,-0.22193416045432168,27
sub-02,tense,beta_frontal,0.31922290238421847,0.34531691664299274,27
sub-02,tense,beta_central,0.41181001372026627,0.44425657849886047,27
sub-02,tense,beta_temporal,0.36878973976614304,0.41081236227932205,27
sub-02,tense,beta_parietal,0.24752244579401317,0.26622187129392466,27
sub-02,tense,beta_occipital,0.10568023819165044,0.12606552790076825,27
sub-02,tense,gamma_frontal,0.38905291228076627,0.4155478819797868,27
sub-02,tense,gamma_central,0.13841305533065723,0.14826339537108763,27
sub-02,tense,gamma_temporal,0.29459535425106104,0.32942751191618413,27
sub-02,tense,gamma_parietal,0.3223403135403144,0.33002734232045194,27
sub-02,tense,gamma_occipital,0.4803930591543757,0.48892993587369854,27
sub-02,tense,faa,0.27682611066131446,0.27756475541778663,27
sub-02,angry,delta_frontal,-0.3354176288095172,-0.3466683101754819,28
sub-02,angry,delta_central,-0.21789278188648942,-0.2190081050697806,28
sub-02,angry,delta_temporal,-0.314257437392719,-0.3211792958018981,28
sub-02,angry,delta_parietal,-0.4089064017029919,-0.4243122541007685,28
sub-02,angry,delta_occipital,-0.47467456421466203,-0.5155537881454285,28
sub-02,angry,theta_frontal,0.05947729479316246,0.06016400845264951,28
sub-02,angry,theta_central,0.1767161931835308,0.17796053859579497,28
sub-02,angry,theta_temporal,0.09779439816952674,0.09777016529939259,28
sub-02,angry,theta_parietal,0.08892999365708425,0.08747682268218639,28
sub-02,angry,theta_occipital,0.03774520631104541,0.037361160618254154,28
sub-02,angry,alpha_frontal,0.2725089516244415,0.2969106779049362,28
sub-02,angry,alpha_central,0.21589114215787336,0.22785616667910455,28
sub-02,angry,alpha_temporal,0.23991081890126592,0.2473689166190435,28
sub-02,angry,alpha_parietal,0.2727949001571009,0.288975552524161,28
sub-02,angry,alpha_occipital,0.40576096784373816,0.43805760436745494,28
sub-02,angry,beta_frontal,0.17557239905289304,0.17787634537382183,28
sub-02,angry,beta_central,0.1607030753546024,0.16436172948315345,28
sub-02,angry,beta_temporal,0.2201803701477649,0.22566935861974005,28
sub-02,angry,beta_parietal,0.3748785263165192,0.37860330983940954,28
sub-02,angry,beta_occipital,0.37459257778385974,0.37944676208474803,28
sub-02,angry,gamma_frontal,0.12896278822940516,0.12946662627384664,28
sub-02,angry,gamma_central,0.19044172275118365,0.18957770430815188,28
sub-02,angry,gamma_temporal,0.2359075394440338,0.23936422751185601,28
sub-02,angry,gamma_parietal,0.33055650375430673,0.33065622796920613,28
sub-02,angry,gamma_occipital,0.20588294351479314,0.20745145864796818,28
sub-02,angry,faa,0.20330940672085823,0.20553863549244777,28
sub-02,afraid,delta_frontal,-0.06761131011854811,-0.05213678052308225,30
sub-02,afraid,delta_central,-0.011268551686424683,0.00011183821142975375,30
sub-02,afraid,delta_temporal,-0.016226714428451545,0.0007459062110689943,30
sub-02,afraid,delta_parietal,-0.08496487971564212,-0.06681143106807878,30
sub-02,afraid,delta_occipital,-0.0996139969079942,-0.07570555655408724,30
sub-02,afraid,theta_frontal,-0.27900933975587516,-0.29147192052933196,30
sub-02,afraid,theta_central,-0.23686495644864686,-0.223383019113355,30
sub-02,afraid,theta_temporal,-0.3249850306364879,-0.31948718426421385,30
sub-02,afraid,theta_parietal,-0.3531564098525496,-0.36160878432069227,30
sub-02,afraid,theta_occipital,-0.24137237712321674,-0.27669967099277776,30
sub-02,afraid,alpha_frontal,0.05611738739839493,0.03059088818234351,30
sub-02,afraid,alpha_central,0.012620777888795646,-0.004935245558620416,30
sub-02,afraid,alpha_temporal,-0.09420509209851037,-0.11873635493271416,30
sub-02,afraid,alpha_parietal,0.1144884851340748,0.09947083269401587,30
sub-02,afraid,alpha_occipital,0.10750198308849149,0.09063059064031549,30
sub-02,afraid,beta_frontal,0.1469419139909779,0.1375688872640782,30
sub-02,afraid,beta_central,0.12958834439388386,0.1100235772085738,30
sub-02,afraid,beta_temporal,0.19472057314141855,0.18605112168526056,30
sub-02,afraid,beta_parietal,0.1530269319016472,0.140414806331192,30
sub-02,afraid,beta_occipital,0.16812679116145632,0.15938980658030116,30
sub-02,afraid,gamma_frontal,0.08473950868191363,0.07915969760068789,30
sub-02,afraid,gamma_central,0.01757894063082251,0.014655882420206767,30
sub-02,afraid,gamma_temporal,0.0924021238286824,0.08515899262974388,30
sub-02,afraid,gamma_parietal,0.00924021238286824,0.00333756220574354,30
sub-02,afraid,gamma_occipital,0.02569229784504828,0.021227725543644,30
sub-02,afraid,faa,0.06648445494990564,0.08059941390970395,30
sub-02,happy,delta_frontal,0.034680373501111285,0.0899516344231007,29
sub-02,happy,delta_central,-0.004774834032761698,0.02360603063529727,29
sub-02,happy,delta_temporal,0.031413381794484864,0.0766165165650401,29
sub-02,happy,delta_parietal,0.11811431554726307,0.18210214176216494,29
sub-02,happy,delta_occipital,0.13721365167830987,0.21962216628386028,29
sub-02,happy,theta_frontal,0.4666771999388671,0.4563305821239896,29
sub-02,happy,theta_central,0.34026975159786,0.36157494057408296,29
sub-02,happy,theta_temporal,0.33222792585847183,0.343145406641962,29
sub-02,happy,theta_parietal,0.4729598762977641,0.47269678581835245,29
sub-02,happy,theta_occipital,0.31036421212951043,0.29557713560322185,29
sub-02,happy,alpha_frontal,-0.19099336131046796,-0.25022295244244064,29
sub-02,happy,alpha_central,-0.3844997931644947,-0.42066726054538994,29
sub-02,happy,alpha_temporal,-0.03593690877289068,-0.08884996679227863,29
sub-02,happy,alpha_parietal,-0.26663678467158747,-0.32684815750367663,29
sub-02,happy,alpha_occipital,-0.33499230345638653,-0.3908535070753204,29
sub-02,happy,beta_frontal,-0.00226176348920291,-0.044419055017460574,29
sub-02,happy,beta_central,0.06760159762173142,0.03033051976672356,29
sub-02,happy,beta_temporal,-0.08846008313326938,-0.1276549964906195,29
sub-02,happy,beta_parietal,-0.07061728227400196,-0.11152863622722615,29
sub-02,happy,beta_occipital,-0.105800269883825,-0.15575117905677213,29
sub-02,happy,gamma_frontal,0.019601950239758553,-0.0067546588880399,29
sub-02,happy,gamma_central,0.0050261410871175775,-0.013602636565398354,29
sub-02,happy,gamma_temporal,0.08242871382872828,0.04340539448524311,29
sub-02,happy,gamma_parietal,0.12917182593892176,0.09223566271753679,29
sub-02,happy,gamma_occipital,0.18244892146236807,0.15378487135023072,29
sub-02,happy,faa,-0.10027151468799567,-0.06441629295898865,29
sub-02,sad,delta_frontal,0.4188689209532437,0.431672171441338,26
sub-02,sad,delta_central,0.25278373783213204,0.2583271165036628,26
sub-02,sad,delta_temporal,0.44602750435669586,0.44849679133530584,26
sub-02,sad,delta_parietal,0.3743009892142451,0.37993321205029984,26
sub-02,sad,delta_occipital,0.28586149966967006,0.3030718475341576,26
sub-02,sad,theta_frontal,-0.037604192404779975,-0.05266673831374806,26
sub-02,sad,theta_central,-0.06894101940876328,-0.06100803544710688,26
sub-02,sad,theta_temporal,-0.03934512723833461,-0.03790706835349469,26
sub-02,sad,theta_parietal,0.1044560900132777,0.09168351150233643,26
sub-02,sad,theta_occipital,0.05466535377361533,0.03137249677906822,26
sub-02,sad,alpha_frontal,-0.5403861723353567,-0.5471785427262377,26
sub-02,sad,alpha_central,-0.4474202522235395,-0.44324875660035307,26
sub-02,sad,alpha_temporal,-0.44045651288932103,-0.4370796790373154,26
sub-02,sad,alpha_parietal,-0.5504835943699735,-0.5484490941394902,26
sub-02,sad,alpha_occipital,-0.3913621505830805,-0.3945347513944203,26
sub-02,sad,beta_frontal,-0.5031301668972877,-0.5246445784395847,26
sub-02,sad,beta_central,-0.22945521106250005,-0.2531028586384419,26
sub-02,sad,beta_temporal,-0.4710969659598825,-0.4807748538177965,26
sub-02,sad,beta_parietal,-0.24024900703053875,-0.24523772676544933,26
sub-02,sad,beta_occipital,-0.4275735951210168,-0.42856817029449557,26
sub-02,sad,gamma_frontal,-0.1270882428494879,-0.14124916803631082,26
sub-02,sad,gamma_central,0.13788203881752656,0.13048941623767155,26
sub-02,sad,gamma_temporal,-0.1368374779173938,-0.16477815177163285,26
sub-02,sad,gamma_parietal,-0.19916294495864947,-0.2217061050466238,26
sub-02,sad,gamma_occipital,-0.22214328476157058,-0.2342423569065072,26
sub-02,sad,faa,0.033077761837537946,0.03854097941749834,26
sub-02,tender,delta_frontal,-0.05070882698506532,-0.054499527701747805,31
sub-02,tender,delta_central,0.1483856658497403,0.15114734617781114,31
sub-02,tender,delta_temporal,0.020990129202834416,0.020781624502086735,31
sub-02,tender,delta_parietal,0.18766422445702452,0.19657997296563354,31
sub-02,tender,delta_occipital,0.154204711569338,0.16553134786175974,31
sub-02,tender,theta_frontal,0.2847175941374569,0.28774832702139325,31
sub-02,tender,theta_central,0.11513397602346798,0.11857752597752184,31
sub-02,tender,theta_temporal,0.16334892627156286,0.16484543296335188,31
sub-02,tender,theta_parietal,0.22839754449420815,0.2295039160031973,31
sub-02,tender,theta_occipital,0.03616121268607117,0.039554340453732524,31
sub-02,tender,alpha_frontal,-0.16833667974550373,-0.1724967667886782,31
sub-02,tender,alpha_central,-0.23026795204693595,-0.23162384058520677,31
sub-02,tender,alpha_temporal,-0.14277444319155685,-0.1451400592975947,31
sub-02,tender,alpha_parietal,-0.26455875718027927,-0.2683743858266034,31
sub-02,tender,alpha_occipital,-0.14921695809539712,-0.15321437065982063,31
sub-02,tender,beta_frontal,-0.13155199787518995,-0.13296214292474043,31
sub-02,tender,beta_central,-0.23608699776653364,-0.24867206011568257,31
sub-02,tender,beta_temporal,-0.13861798196327282,-0.14135533933206476,31
sub-02,tender,beta_parietal,-0.2238254371430957,-0.23095066264239855,31
sub-02,tender,beta_occipital,-0.25977882676775266,-0.26351373821943197,31
sub-02,tender,gamma_frontal,0.07294589455638494,0.07559567255479517,31
sub-02,tender,gamma_central,0.032628220642029734,0.034168413338086116,31
sub-02,tender,gamma_temporal,0.028679582475159893,0.031540180798183985,31
sub-02,tender,gamma_parietal,0.08603874742547966,0.08871591788340996,31
sub-02,tender,gamma_occipital,0.07273807149497073,0.07558262004658278,31
sub-02,tender,faa,-0.23795740531926143,-0.2405975319423485,31
sub-03,pleasant,delta_frontal,0.216840825721788,0.21451339899157035,34
sub-03,pleasant,delta_central,0.28138231346339093,0.26442224115349644,34
sub-03,pleasant,delta_temporal,0.12459447873378969,0.12017966564664637,34
sub-03,pleasant,delta_parietal,0.21761470447168732,0.2142480387760707,34
sub-03,pleasant,delta_occipital,0.10261632223664914,0.09605062457449702,34
sub-03,pleasant,theta_frontal,0.09286544998791778,0.07478363823962893,34
sub-03,pleasant,theta_central,0.062065075741925047,0.07349517869704073,34
sub-03,pleasant,theta_temporal,0.0009286544998791779,-0.00386401236331128,34
sub-03,pleasant,theta_parietal,0.19052894822521133,0.17472381994025188,34
sub-03,pleasant,theta_occipital,0.17025332497784926,0.15621206581395392,34
sub-03,pleasant,alpha_frontal,-0.07522101449021341,-0.07886857805989457,34
sub-03,pleasant,alpha_central,-0.12010598198437367,-0.1038006741773899,34
sub-03,pleasant,alpha_temporal,-0.041944228244542865,-0.04542086256655059,34
sub-03,pleasant,alpha_parietal,-0.14456055048119204,-0.146061062973553,34
sub-03,pleasant,alpha_occipital,-0.06005299099218683,-0.05152186548363186,34
sub-03,pleasant,beta_frontal,-0.3488645404546112,-0.3445451401234119,34
sub-03,pleasant,beta_central,-0.2487246302176398,-0.24455962265694375,34
sub-03,pleasant,beta_temporal,-0.21018546847265393,-0.20308939665678152,34
sub-03,pleasant,beta_parietal,-0.2686907019650421,-0.25652859724656873,34
sub-03,pleasant,beta_occipital,-0.22922288572017707,-0.21569169537195618,34
sub-03,pleasant,gamma_frontal,-0.1392981749818767,-0.11291132880929138,34
sub-03,pleasant,gamma_central,-0.07553056599017313,-0.05281102422329562,34
sub-03,pleasant,gamma_temporal,-0.17334883997744652,-0.17024601090028796,34
sub-03,pleasant,gamma_parietal,-0.102771097986629,-0.08762840547335746,34
sub-03,pleasant,gamma_occipital,-0.18449269397599666,-0.18168079075478805,34
sub-03,pleasant,faa,-0.18356403947611746,-0.17838667496312255,34
sub-03,energetic,delta_frontal,-0.10806448163726765,-0.09556907293770694,32
sub-03,energetic,delta_central,0.013577809224648088,0.03875892487548538,32
sub-03,energetic,delta_temporal,-0.16907162445486454,-0.15775493243332608,32
sub-03,energetic,delta_parietal,-0.16442168978888916,-0.15490987417628724,32
sub-03,energetic,delta_occipital,-0.06863303566979649,-0.05631551325914523,32
sub-03,energetic,theta_frontal,-0.1298261758740324,-0.11083119866538617,32
sub-03,energetic,theta_central,-0.23807665489793906,-0.23738503647550918,32
sub-03,energetic,theta_temporal,0.1387540504327051,0.17014144236922274,32
sub-03,energetic,theta_parietal,-0.08834875865353208,-0.07714126324675492,32
sub-03,energetic,theta_occipital,-0.08314083182763965,-0.06423719887172033,32
sub-03,energetic,alpha_frontal,0.15270385443063123,0.1474315147505456,32
sub-03,energetic,alpha_central,-0.07291097556249383,-0.08913762421971534,32
sub-03,energetic,alpha_temporal,0.13280213406025662,0.12136336884324853,32
sub-03,energetic,alpha_parietal,0.2412386104708023,0.23750395449858341,32
sub-03,energetic,alpha_occipital,0.1486119119245729,0.136127651689406,32
sub-03,energetic,beta_frontal,-0.07384096249568892,-0.08950458834260547,32
sub-03,energetic,beta_central,0.19976119325030195,0.18733768468901452,32
sub-03,energetic,beta_temporal,0.06175113236415294,0.04873875354096739,32
sub-03,energetic,beta_parietal,-0.04184941199377835,-0.06195510361207189,32
sub-03,energetic,beta_occipital,-0.13447611054000777,-0.14839255849737218,32
sub-03,energetic,gamma_frontal,0.0924407011595904,0.0779899983214928,32
sub-03,energetic,gamma_central,0.0825828396677226,0.06742717541708565,32
sub-03,energetic,gamma_temporal,0.1337321209934517,0.12509884159019113,32
sub-03,energetic,gamma_parietal,0.05933316633784574,0.04661363148088078,32
sub-03,energetic,gamma_occipital,0.19232129778474139,0.1910810999956847,32
sub-03,energetic,faa,0.1350341026999248,0.13304622160362206,32
sub-03,tense,delta_frontal,-0.15771449483355893,-0.17405318152388183,30
sub-03,tense,delta_central,-0.10717365528746854,-0.1411625204339958,30
sub-03,tense,delta_temporal,-0.2536067127223466,-0.27466441198272395,30
sub-03,tense,delta_parietal,-0.18163114211876244,-0.1966015588680933,30
sub-03,tense,delta_occipital,-0.2120910230952009,-0.23639811827092683,30
sub-03,tense,theta_frontal,-0.05189461203393213,-0.09366036288679899,30
sub-03,tense,theta_central,-0.07265245684750497,-0.07691727416589504,30
sub-03,tense,theta_temporal,0.2791027612433654,0.26799330504754254,30
sub-03,tense,theta_parietal,-0.08100072052252884,-0.10060490548532215,30
sub-03,tense,theta_occipital,0.1647089860207411,0.14464904561480757,30
sub-03,tense,alpha_frontal,0.15997078231329512,0.17114567345901677,30
sub-03,tense,alpha_central,0.2833897074548642,0.32012431583324624,30
sub-03,tense,alpha_temporal,0.3456632418955827,0.36231235452082966,30
sub-03,tense,alpha_parietal,0.1520737761342185,0.1633941377646932,30
sub-03,tense,alpha_occipital,0.20171210068841444,0.23267934406803878,30
sub-03,tense,beta_frontal,0.18388742959849863,0.1916179501930681,30
sub-03,tense,beta_central,0.022337246049388176,0.035791326938754656,30
sub-03,tense,beta_temporal,0.14124359623148483,0.16003493728869458,30
sub-03,tense,beta_parietal,0.203742759420177,0.21816902367039914,30
sub-03,tense,beta_occipital,0.21592671181075238,0.22806032879746171,30
sub-03,tense,gamma_frontal,-0.036777485919699725,-0.01969118965457574,30
sub-03,tense,gamma_central,-0.07603688806710925,-0.05994823829555403,30
sub-03,tense,gamma_temporal,0.006768862439208539,0.023880511444545772,30
sub-03,tense,gamma_parietal,0.08438515174213311,0.0948738750934718,30
sub-03,tense,gamma_occipital,0.015794012358153257,0.01372978212347091,30
sub-03,tense,faa,-0.2926404861217825,-0.28913810635641923,30
sub-03,angry,delta_frontal,0.28385172470727915,0.3333185783862549,31
sub-03,angry,delta_central,-0.014766852730436486,0.07438291659748365,31
sub-03,angry,delta_temporal,0.07855145271884964,0.1242678313369023,31
sub-03,angry,delta_parietal,0.18397037360002122,0.22511622444044815,31
sub-03,angry,delta_occipital,0.07998711895653096,0.1318798625520571,31
sub-03,angry,theta_frontal,-0.05065850867246961,0.03358507387014016,31
sub-03,angry,theta_central,0.21165822246958962,0.1927924018548174,31
sub-03,angry,theta_temporal,0.0641947903420364,0.08544574609485292,31
sub-03,angry,theta_parietal,0.05865722056812271,0.10835062600048241,31
sub-03,angry,theta_occipital,-0.2493957350029273,-0.18782115203836103,31
sub-03,angry,alpha_frontal,-0.27605810798843766,-0.29183573461016316,31
sub-03,angry,alpha_central,0.03855789324058416,-0.013894641591226732,31
sub-03,angry,alpha_temporal,-0.11280234724638984,-0.1438368784333606,31
sub-03,angry,alpha_parietal,-0.2553434951304643,-0.2787129638497103,31
sub-03,angry,alpha_occipital,-0.08655016461450274,-0.14904753809718346,31
sub-03,angry,beta_frontal,0.05435022185507874,0.018800259159979637,31
sub-03,angry,beta_central,-0.10152211252175085,-0.17131918501732904,31
sub-03,angry,beta_temporal,-0.00963947331014604,-0.05923025841507086,31
sub-03,angry,beta_parietal,0.07937183342609612,0.02399487464551377,31
sub-03,angry,beta_occipital,0.09208773438841643,0.04763043478468855,31
sub-03,angry,gamma_frontal,-0.12941505656813088,-0.22927382643641808,31
sub-03,angry,gamma_central,-0.15033476460291592,-0.23874683315337616,31
sub-03,angry,gamma_temporal,-0.03568656076522151,-0.0523374080919549,31
sub-03,angry,gamma_parietal,-0.023791040510147674,-0.08109060929016113,31
sub-03,angry,gamma_occipital,-0.06727121799421067,-0.07556159949119244,31
sub-03,angry,faa,0.0596826964521808,0.03355358639445896,31
sub-03,afraid,delta_frontal,0.2828458913202403,0.2705873992753661,32
sub-03,afraid,delta_central,0.05775387309680299,0.02823928519332636,32
sub-03,afraid,delta_temporal,0.08996276386232774,0.08665659020573457,32
sub-03,afraid,delta_parietal,0.1314270830087504,0.11979780686174743,32
sub-03,afraid,delta_occipital,0.07607962129098085,0.06126006817015472,32
sub-03,afraid,theta_frontal,-0.030728022224581077,-0.07638003229587598,32
sub-03,afraid,theta_central,0.0958862380261024,0.1142446195544771,32
sub-03,afraid,theta_temporal,-0.2076918128673492,-0.24444486205666777,32
sub-03,afraid,theta_parietal,0.16196999666571352,0.14887840571856495,32
sub-03,afraid,theta_occipital,-0.23268146949577356,-0.28508114319008765,32
sub-03,afraid,alpha_frontal,-0.2584115603946698,-0.2588724141674785,32
sub-03,afraid,alpha_central,-0.12883556306209895,-0.11510968659942158,32
sub-03,afraid,alpha_temporal,-0.24341776641761517,-0.24240481120201945,32
sub-03,afraid,alpha_parietal,-0.20158323013595655,-0.19931315307507957,32
sub-03,afraid,alpha_occipital,-0.07830092410239636,-0.06168333723727452,32
sub-03,afraid,beta_frontal,-0.09014787242994568,-0.07205008361652482,32
sub-03,afraid,beta_central,-0.061826261584398065,-0.04906844182796194,32
sub-03,afraid,beta_temporal,-0.030728022224581077,-0.013839891058638401,32
sub-03,afraid,beta_parietal,-0.010366079786605665,0.014202775456544994,32
sub-03,afraid,beta_occipital,-0.006293691299010581,0.015169723054420626,32
sub-03,afraid,gamma_frontal,-0.08126266118428369,-0.04339325532139659,32
sub-03,afraid,gamma_central,-0.03202378219790678,0.004730153434064558,32
sub-03,afraid,gamma_temporal,0.17196585931708325,0.17921678014850775,32
sub-03,afraid,gamma_parietal,0.05405170174444383,0.0820616516448122,32
sub-03,afraid,gamma_occipital,-0.05201550750064628,-0.0444489294126139,32
sub-03,afraid,faa,-0.08885211245661997,-0.059902682175647065,32
sub-03,happy,delta_frontal,-0.48812798038923466,-0.4561172133547202,23
sub-03,happy,delta_central,-0.5536823579208469,-0.48542274361205734,23
sub-03,happy,delta_temporal,-0.22792752803298974,-0.16584897208202873,23
sub-03,happy,delta_parietal,-0.37365995193018886,-0.3352217282104333,23
sub-03,happy,delta_occipital,-0.26927721232216045,-0.19265835351332167,23
sub-03,happy,theta_frontal,-0.32928468098571306,-0.27888976484700745,23
sub-03,happy,theta_central,-0.20926974365860784,-0.29126173189972837,23
sub-03,happy,theta_temporal,0.05597335312314571,0.0790803754082577,23
sub-03,happy,theta_parietal,-0.41299257844915616,-0.3844489768039823,23
sub-03,happy,theta_occipital,-0.2833966167135846,-0.1887738470835032,23
sub-03,happy,alpha_frontal,0.50880282253382,0.48497717391926015,23
sub-03,happy,alpha_central,0.6066301243886872,0.5615596507648782,23
sub-03,happy,alpha_temporal,0.3418912920494846,0.32193527678777567,23
sub-03,happy,alpha_parietal,0.366095985291926,0.3462070558880979,23
sub-03,happy,alpha_occipital,0.32424203656020445,0.22817037078527946,23
sub-03,happy,beta_frontal,0.22086782583727768,0.21826779837784094,23
sub-03,happy,beta_central,0.27079000564981304,0.2293032227873555,23
sub-03,happy,beta_temporal,0.19111622372677678,0.12961073032464984,23
sub-03,happy,beta_parietal,0.1709456460247423,0.13044997068199954,23
sub-03,happy,beta_occipital,0.19767166147993803,0.16865414949667878,23
sub-03,happy,gamma_frontal,0.2047313636756501,0.11142600648036971,23
sub-03,happy,gamma_central,0.21784223918197249,0.12363270224907993,23
sub-03,happy,gamma_temporal,0.20271430590544662,0.13817219567692893,23
sub-03,happy,gamma_parietal,0.10892111959098624,0.04592249246554034,23
sub-03,happy,gamma_occipital,0.06303305531885778,0.07814336963214788,23
sub-03,happy,faa,-0.08622921967619745,-0.10329683354596769,23
sub-03,sad,delta_frontal,-0.23721546826684387,-0.24894554783914707,28
sub-03,sad,delta_central,-0.04610979828137715,-0.059720773991497035,28
sub-03,sad,delta_temporal,-0.2913805927540038,-0.30749146281789885,28
sub-03,sad,delta_parietal,-0.35971198056857473,-0.372619540976252,28
sub-03,sad,delta_occipital,-0.3174909604555065,-0.3368514246647218,28
sub-03,sad,theta_frontal,-0.08999743760943492,-0.11467064186083813,28
sub-03,sad,theta_central,-0.0922195965627543,-0.09067719760942627,28
sub-03,sad,theta_temporal,0.10583032015183551,0.09691086550429938,28
sub-03,sad,theta_parietal,-0.1783282560038803,-0.19501561183940286,28
sub-03,sad,theta_occipital,-0.017221731888225202,-0.03441084566833038,28
sub-03,sad,alpha_frontal,0.34110139933452494,0.3482717600637032,28
sub-03,sad,alpha_central,0.07555340441285893,0.08775762462609749,28
sub-03,sad,alpha_temporal,0.44887610857051485,0.46746397713961846,28
sub-03,sad,alpha_parietal,0.3644340683443784,0.3757360419232474,28
sub-03,sad,alpha_occipital,0.22582690363108207,0.25222144759410686,28
sub-03,sad,beta_frontal,0.09666391446939306,0.09769732759056185,28
sub-03,sad,beta_central,0.05277627514133529,0.05918654317787277,28
sub-03,sad,beta_temporal,0.20693855252786733,0.21917372493457518,28
sub-03,sad,beta_parietal,0.20999402108868148,0.2171439780094443,28
sub-03,sad,beta_occipital,0.33332384299790707,0.33831585687710947,28
sub-03,sad,gamma_frontal,-0.08888635813277523,-0.07999732118457097,28
sub-03,sad,gamma_central,-0.017777271626555045,-0.007817584403987419,28
sub-03,sad,gamma_temporal,0.035832313122275014,0.04438737464338239,28
sub-03,sad,gamma_parietal,-0.02805475678565718,-0.02360428492101698,28
sub-03,sad,gamma_occipital,0.22499359402358732,0.22327206982029138,28
sub-03,sad,faa,0.09055297734776475,0.09602614052736302,28
sub-03,tender,delta_frontal,-0.08979724186683312,-0.10421851814792822,29
sub-03,tender,delta_central,-0.034208473092126906,-0.029045103097881476,29
sub-03,tender,delta_temporal,-0.10740454419366315,-0.11952300476042536,29
sub-03,tender,delta_parietal,-0.11017140598787929,-0.12853950739483305,29
sub-03,tender,delta_occipital,-0.01534350631338045,-0.01964208820681571,29
sub-03,tender,theta_frontal,0.0010061315615331444,-0.005842263051390581,29
sub-03,tender,theta_central,-0.08124512359380139,-0.12364098098932012,29
sub-03,tender,theta_temporal,0.024650223257562033,0.020192819736739438,29
sub-03,tender,theta_parietal,0.061625558143905086,0.053242391310940475,29
sub-03,tender,theta_occipital,-0.1936803255951303,-0.19428485786735758,29
sub-03,tender,alpha_frontal,0.08929417608606655,0.11896750992006716,29
sub-03,tender,alpha_central,0.07017767641693681,0.07270491753855572,29
sub-03,tender,alpha_temporal,0.24725683124677017,0.2791396608420029,29
sub-03,tender,alpha_parietal,0.08225125515533453,0.09886785158935715,29
sub-03,tender,alpha_occipital,0.004276059136515863,0.009754889505648824,29
sub-03,tender,beta_frontal,0.02615942059986175,0.03858120723415981,29
sub-03,tender,beta_central,0.12727564253394275,0.1488666290453174,29
sub-03,tender,beta_temporal,-0.09105490631874955,-0.0851418702566992,29
sub-03,tender,beta_parietal,0.05734949900738922,0.06196671267715654,29
sub-03,tender,beta_occipital,0.026410953490245036,0.02999338762384852,29
sub-03,tender,gamma_frontal,-0.10790760997442972,-0.13608752653542952,29
sub-03,tender,gamma_central,-0.14639214220307248,-0.1530705196494048,29
sub-03,tender,gamma_temporal,-0.14110995150502348,-0.13731034937647085,29
sub-03,tender,gamma_parietal,-0.21329989104502656,-0.2239529976518891,29
sub-03,tender,gamma_occipital,-0.07470526844383596,-0.05999040296185012,29
sub-03,tender,faa,-0.2751769820793149,-0.2862584341731237,29
sub-04,pleasant,delta_frontal,-0.38835112972408536,-0.3818383433836489,28
sub-04,pleasant,delta_central,-0.3715877716064989,-0.3464559250881923,28
sub-04,pleasant,delta_temporal,-0.3620885353398666,-0.3931687537925364,28
sub-04,pleasant,delta_parietal,-0.18467632859541036,-0.13585554418961232,28
sub-04,pleasant,delta_occipital,-0.2805068591676127,-0.27409537343513635,28
sub-04,pleasant,theta_frontal,0.27603663033625636,0.40892031361749814,28
sub-04,pleasant,theta_central,-0.09555114127024257,0.02341175508481547,28
sub-04,pleasant,theta_temporal,0.09583053057220234,0.12464895749256005,28
sub-04,pleasant,theta_parietal,0.1257251858818981,0.21244747233217598,28
sub-04,pleasant,theta_occipital,0.20032212950515768,0.24726473337678898,28
sub-04,pleasant,alpha_frontal,0.15701678770139277,0.13220571980599738,28
sub-04,pleasant,alpha_central,0.12656335378777744,0.15292062665771042,28
sub-04,pleasant,alpha_temporal,0.1620457951366687,0.1735174208811477,28
sub-04,pleasant,alpha_parietal,0.12768091099561654,0.06543472642925856,28
sub-04,pleasant,alpha_occipital,0.22462899877565798,0.17125424793372823,28
sub-04,pleasant,beta_frontal,0.1980870150894795,0.1792056005017975,28
sub-04,pleasant,beta_central,0.3810870078731312,0.3197679773568193,28
sub-04,pleasant,beta_temporal,0.25200915036771576,0.1825581780777129,28
sub-04,pleasant,beta_parietal,0.13159236122305337,0.1373009264158342,28
sub-04,pleasant,beta_occipital,0.048893127842960384,0.12237701803979963,28
sub-04,pleasant,gamma_frontal,0.15785495560727208,0.23251662108131568,28
sub-04,pleasant,gamma_central,0.07180305060366182,0.23646607348019624,28
sub-04,pleasant,gamma_temporal,0.118461064030944,0.3172311653359307,28
sub-04,pleasant,gamma_parietal,0.24558319642264104,0.4307058516408897,28
sub-04,pleasant,gamma_occipital,0.07152366130170205,0.17696893224854893,28
sub-04,pleasant,faa,-0.09862442359180008,-0.24418524365614774,28
sub-04,energetic,delta_frontal,0.020498829727621532,-0.04461089196284641,25
sub-04,energetic,delta_central,-0.08909106766235511,-0.15071724103562253,25
sub-04,energetic,delta_temporal,0.08081269411850796,0.06210249682505554,25
sub-04,energetic,delta_parietal,0.07489957015861713,0.019930654415091186,25
sub-04,energetic,delta_occipital,0.19907517331632446,0.14826467355196452,25
sub-04,energetic,theta_frontal,0.18212421796463743,0.19300922095373993,25
sub-04,energetic,theta_central,0.3370480657137771,0.32079959568184924,25
sub-04,energetic,theta_temporal,-0.024440912367548747,-0.015259208248796506,25
sub-04,energetic,theta_parietal,0.283435741810767,0.2951520555638825,25
sub-04,energetic,theta_occipital,0.3713441846811439,0.3833553418074076,25
sub-04,energetic,alpha_frontal,-0.10998410565396938,-0.13629490731768465,25
sub-04,energetic,alpha_central,0.083572151966457,0.040591449487509174,25
sub-04,energetic,alpha_temporal,-0.06859223793473358,-0.072637172422586,25
sub-04,energetic,alpha_parietal,-0.1088014808619912,-0.10100548127983029,25
sub-04,energetic,alpha_occipital,-0.4285043829600885,-0.4217215236647599,25
sub-04,energetic,beta_frontal,-0.1233871866297219,-0.04869097989425216,25
sub-04,energetic,beta_central,-0.1738458444207903,-0.08074603891926371,25
sub-04,energetic,beta_temporal,0.013008872711759819,0.11015714864683196,25
sub-04,energetic,beta_parietal,0.011826247919781653,0.08484209405570778,25
sub-04,energetic,beta_occipital,0.27831103437886157,0.29779177807534646,25
sub-04,energetic,gamma_frontal,-0.04296870077520667,0.008790364223549302,25
sub-04,energetic,gamma_central,0.13560764281349627,0.09148037529226187,25
sub-04,energetic,gamma_temporal,0.26372532861113085,0.19911442583522979,25
sub-04,energetic,gamma_parietal,0.09736944120620226,0.07949814648092765,25
sub-04,energetic,gamma_occipital,0.27279211868296344,0.2889638833262389,25
sub-04,energetic,faa,-0.030748244591432296,0.04631023479287388,25
sub-04,tense,delta_frontal,-0.06139850836308412,-0.054307308064108196,27
sub-04,tense,delta_central,-0.005037826327227416,0.03064959715166975,27
sub-04,tense,delta_temporal,0.03998774647236761,0.026487377874567786,27
sub-04,tense,delta_parietal,0.03243100698152648,0.10689252176146728,27
sub-04,tense,delta_occipital,-0.19584549847096575,-0.12474289970348067,27
sub-04,tense,theta_frontal,0.21694139621623054,0.3107903167497018,27
sub-04,tense,theta_central,0.1360213108351402,0.22209875836432133,27
sub-04,tense,theta_temporal,0.2710980292339253,0.3188454641524865,27
sub-04,tense,theta_parietal,0.037468833308753904,0.05486749324059626,27
sub-04,tense,theta_occipital,0.1945860418891589,0.18244641465035183,27
sub-04,tense,alpha_frontal,0.07367821003570094,0.12907477414958585,27
sub-04,tense,alpha_central,-0.06706606298121497,-0.02048818005189526,27
sub-04,tense,alpha_temporal,0.1360213108351402,0.2260367963025908,27
sub-04,tense,alpha_parietal,0.105479488726324,0.1679723574090924,27
sub-04,tense,alpha_occipital,-0.024559403345233648,-0.006423130134440913,27
sub-04,tense,beta_frontal,-0.16845231781666667,-0.23429967779608651,27
sub-04,tense,beta_central,0.023929675054330222,-0.06931329387726574,27
sub-04,tense,beta_temporal,-0.13255780523517136,-0.2582258391537743,27
sub-04,tense,beta_parietal,-0.17223068756208726,-0.24901923950340885,27
sub-04,tense,beta_occipital,0.04597016523595016,0.04519209206451422,27
sub-04,tense,gamma_frontal,0.1193335111261994,0.11115473237312869,27
sub-04,tense,gamma_central,0.040302610617819326,0.09381474116294619,27
sub-04,tense,gamma_temporal,-0.24024134297965735,-0.17485505115108727,27
sub-04,tense,gamma_parietal,0.20088332479819315,0.17816700855896653,27
sub-04,tense,gamma_occipital,0.2037171021072586,0.18570020166527215,27
sub-04,tense,faa,-0.05762013861766356,-0.12932434698132336,27
sub-04,angry,delta_frontal,0.24791810861841196,0.25345126551310115,30
sub-04,angry,delta_central,0.43510307911092405,0.4645425877764736,30
sub-04,angry,delta_temporal,0.3066117010609793,0.30917587536793645,30
sub-04,angry,delta_parietal,0.09993773848329036,0.12413775485160425,30
sub-04,angry,delta_occipital,0.047362783090720374,0.06314733993651026,30
sub-04,angry,theta_frontal,0.09427233380736688,0.15381604699637366,30
sub-04,angry,theta_central,0.23205497552582618,0.2929626100344193,30
sub-04,angry,theta_temporal,-0.08203505970737214,-0.06508222686483128,30
sub-04,angry,theta_parietal,0.10243051654069671,0.1466299892122113,30
sub-04,angry,theta_occipital,-0.2127925996276863,-0.2033243308197053,30
sub-04,angry,alpha_frontal,-0.4849586402590508,-0.4870410737391596,30
sub-04,angry,alpha_central,-0.38977984170353613,-0.38481617805873586,30
sub-04,angry,alpha_temporal,-0.23432113739619553,-0.23135590812453574,30
sub-04,angry,alpha_parietal,-0.21392568056287098,-0.22094252785474053,30
sub-04,angry,alpha_occipital,-0.38706044745909285,-0.3950127575655992,30
sub-04,angry,beta_frontal,0.20100855790176542,0.18486464342710496,30
sub-04,angry,beta_central,0.17041537265177858,0.14822552987287063,30
sub-04,angry,beta_temporal,0.21687169099435122,0.19922404643264455,30
sub-04,angry,beta_parietal,0.10786930502958325,0.08822798288962282,30
sub-04,angry,beta_occipital,0.2862162442276547,0.284633121119636,30
sub-04,angry,gamma_frontal,0.10084420323143813,0.0989801694179345,30
sub-04,angry,gamma_central,0.09744496042588403,0.13374142755359983,30
sub-04,angry,gamma_temporal,-0.09676511186477321,-0.0837087088369876,30
sub-04,angry,gamma_parietal,0.06934455323330352,0.08271280418521208,30
sub-04,angry,gamma_occipital,0.23386790502212165,0.24598499904660429,30
sub-04,angry,faa,-0.07659627121848558,-0.11956008119737235,30
sub-04,afraid,delta_frontal,-0.17880625087303365,-0.1940648843621705,31
sub-04,afraid,delta_central,0.21025148809553268,0.20348031646733314,31
sub-04,afraid,delta_temporal,0.15352674643925993,0.15063642915493985,31
sub-04,afraid,delta_parietal,-0.04829824017834817,-0.061340544363224586,31
sub-04,afraid,delta_occipital,-0.07337222018583106,-0.09080530812661916,31
sub-04,afraid,theta_frontal,0.0474761424731848,0.03947494555306802,31
sub-04,afraid,theta_central,0.07213907362808598,0.0655551999464492,31
sub-04,afraid,theta_temporal,0.0811821483848831,0.07371915469697903,31
sub-04,afraid,theta_parietal,-0.00945412360937879,-0.01412753334621603,31
sub-04,afraid,theta_occipital,-0.13749584118857414,-0.13806076827242236,31
sub-04,afraid,alpha_frontal,0.40364997323521623,0.403746154764659,31
sub-04,afraid,alpha_central,0.05425844854078263,0.04762748321975208,31
sub-04,afraid,alpha_temporal,0.2723198648353673,0.2693957830982112,31
sub-04,afraid,alpha_parietal,0.4020057778248895,0.4079177104948477,31
sub-04,afraid,alpha_occipital,0.2967772715639777,0.2973141496055425,31
sub-04,afraid,beta_frontal,-0.2677983274569688,-0.2640403741997834,31
sub-04,afraid,beta_central,-0.3245230691132415,-0.34124465694296147,31
sub-04,afraid,beta_temporal,-0.48606526817784435,-0.5422490036786376,31
sub-04,afraid,beta_parietal,-0.43139577078448005,-0.43049299741384844,31
sub-04,afraid,beta_occipital,-0.2698535717198772,-0.2650035610108305,31
sub-04,afraid,gamma_frontal,-0.07296117133324938,-0.06659267756516701,31
sub-04,afraid,gamma_central,-0.03226733492766239,-0.04139927399329517,31
sub-04,afraid,gamma_temporal,-0.4151593411075034,-0.4383944782737661,31
sub-04,afraid,gamma_parietal,-0.07152250034921345,-0.06909375744899317,31
sub-04,afraid,gamma_occipital,-0.11098319019705538,-0.10432598378234673,31
sub-04,afraid,faa,0.07378326903841274,0.08717802172681698,31
sub-04,happy,delta_frontal,0.15537558937738905,0.19212912480137198,32
sub-04,happy,delta_central,0.12929200613649888,0.1769329992496752,32
sub-04,happy,delta_temporal,0.19234296994181616,0.22259759410904284,32
sub-04,happy,delta_parietal,0.015012134239361262,0.04818847827951833,32
sub-04,happy,delta_occipital,0.05197951480378837,0.11397389521987307,32
sub-04,happy,theta_frontal,0.0178269094092415,0.06834909314649008,32
sub-04,happy,theta_central,-0.2034144189433451,-0.15040565008079018,32
sub-04,happy,theta_temporal,-0.021579942969081813,-0.0012295174886510826,32
sub-04,happy,theta_parietal,0.2664653827486624,0.3289324493962546,32
sub-04,happy,theta_occipital,0.01576274095132932,0.01949078139921423,32
sub-04,happy,alpha_frontal,-0.1272278376785867,-0.1367493945431067,32
sub-04,happy,alpha_central,-0.24469778810158854,-0.24338171766449151,32
sub-04,happy,alpha_temporal,-0.2653394726807103,-0.27086475956700223,32
sub-04,happy,alpha_parietal,-0.16156809475112557,-0.1762577762760087,32
sub-04,happy,alpha_occipital,0.03546616714049098,0.04129387570959136,32
sub-04,happy,beta_frontal,0.05610785171961272,0.009267333390943933,32
sub-04,happy,beta_central,0.2000366887394888,0.14897299251447846,32
sub-04,happy,beta_temporal,0.2411324062197403,0.18391721522296703,32
sub-04,happy,beta_parietal,0.1131539618291855,0.07777476440889083,32
sub-04,happy,beta_occipital,-0.0606114919914211,-0.0882409306128985,32
sub-04,happy,gamma_frontal,0.214298216266882,0.21456676922567605,32
sub-04,happy,gamma_central,0.06642869400917359,0.10617622710690722,32
sub-04,happy,gamma_temporal,0.18033326255032717,0.23286365412364532,32
sub-04,happy,gamma_parietal,0.15987922964919746,0.16927228626630036,32
sub-04,happy,gamma_occipital,0.15500028602140503,0.15114964560496452,32
sub-04,happy,faa,0.14186466856196392,0.10130502635427747,32
sub-04,sad,delta_frontal,-0.17353696353962988,-0.17336422880572921,28
sub-04,sad,delta_central,-0.12587737743020005,-0.09444046270256379,28
sub-04,sad,delta_temporal,0.18475098380067217,0.17825455609149113,28
sub-04,sad,delta_parietal,-0.20773972533580895,-0.2157268518179644,28
sub-04,sad,delta_occipital,-0.015979978871985306,-0.005399729580036272,28
sub-04,sad,theta_frontal,0.03308135977007484,0.08190673257869419,28
sub-04,sad,theta_central,0.010653319247990204,0.030947830700577952,28
sub-04,sad,theta_temporal,-0.23465337396231054,-0.21490901872004214,28
sub-04,sad,theta_parietal,0.24811019827556133,0.2879823792955845,28
sub-04,sad,theta_occipital,0.06251816295531094,0.06685791422038195,28
sub-04,sad,alpha_frontal,0.10372968741464145,0.12636766857430473,28
sub-04,sad,alpha_central,0.058873606370472176,0.08345847937396082,28
sub-04,sad,alpha_temporal,0.0333617102766009,0.0553357190165567,28
sub-04,sad,alpha_parietal,0.24698879624945705,0.25544321184090996,28
sub-04,sad,alpha_occipital,0.01121402026104232,0.02905529031812912,28
sub-04,sad,beta_frontal,-0.0033642060783126955,-0.03393181757056367,28
sub-04,sad,beta_central,0.17662081911141653,0.1385259747132328,28
sub-04,sad,beta_temporal,0.08831040955570826,0.03483797716412809,28
sub-04,sad,beta_parietal,-0.1415770057956593,-0.15710804193124345,28
sub-04,sad,beta_occipital,0.1314843875607212,0.128335066752781,28
sub-04,sad,gamma_frontal,0.17521906657878622,0.18719230623878144,28
sub-04,sad,gamma_central,-0.20633797280317867,-0.1513882076250724,28
sub-04,sad,gamma_temporal,-0.021026287989454346,0.04259887010499361,28
sub-04,sad,gamma_parietal,-0.000280350506526058,0.05038863848303252,28
sub-04,sad,gamma_occipital,0.1393342017434508,0.1626102255756677,28
sub-04,sad,faa,0.1654067988503742,0.12796735980563884,28
sub-04,tender,delta_frontal,-0.0803263592922289,-0.0574411800271244,32
sub-04,tender,delta_central,0.009427976442749869,0.07712800479475164,32
sub-04,tender,delta_temporal,-0.15216753978598288,-0.20389873214652576,32
sub-04,tender,delta_parietal,0.03469495330931952,0.04350338992496418,32
sub-04,tender,delta_occipital,-0.24927569714630654,-0.22548621548973716,32
sub-04,tender,theta_frontal,-0.16102983764216777,-0.07357984925037711,32
sub-04,tender,theta_central,-0.14877346826659293,-0.08454074646544828,32
sub-04,tender,theta_temporal,-0.2449388279826416,-0.20436660981343838,32
sub-04,tender,theta_parietal,-0.11068444343788347,-0.07591828034385588,32
sub-04,tender,theta_occipital,-0.22325448216431693,-0.2348809565550606,32
sub-04,tender,alpha_frontal,-0.287364721975016,-0.26647927286588685,32
sub-04,tender,alpha_central,-0.20967819608675708,-0.16499568673355705,32
sub-04,tender,alpha_temporal,-0.16423534963270273,-0.12082991549127829,32
sub-04,tender,alpha_parietal,-0.22532863698172187,-0.21362553210567625,32
sub-04,tender,alpha_occipital,-0.014707643250689798,0.054537364709438284,32
sub-04,tender,beta_frontal,0.6937105066575354,0.6741039284158215,32
sub-04,tender,beta_central,0.3158372108321207,0.24953678442607882,32
sub-04,tender,beta_temporal,0.5126933589567378,0.4586983654921871,32
sub-04,tender,beta_parietal,0.46762763156039355,0.4631539169506849,32
sub-04,tender,beta_occipital,0.37391354571945984,0.3701305459002237,32
sub-04,tender,gamma_frontal,0.2102438746733221,0.21848396763237055,32
sub-04,tender,gamma_central,0.054305144310239244,0.18154868794305035,32
sub-04,tender,gamma_temporal,0.14028828946811805,0.2972595927548245,32
sub-04,tender,gamma_parietal,0.17950867146995753,0.22079895538248592,32
sub-04,tender,gamma_occipital,0.022815702991454686,0.024122344895154687,32
sub-04,tender,faa,0.04167165587695442,-0.05783324320378555,32
sub-05,pleasant,delta_frontal,-0.12662436797629786,-0.04688811637546801,34
sub-05,pleasant,delta_central,-0.1392245814972808,-0.09501196311425979,34
sub-05,pleasant,delta_temporal,-0.09489049688641485,-0.0372058160494996,34
sub-05,pleasant,delta_parietal,-0.14373576905417595,-0.032236185221014534,34
sub-05,pleasant,delta_occipital,0.027222683532987867,0.1089568414669093,34
sub-05,pleasant,theta_frontal,0.14062460522183448,0.1292174759708039,34
sub-05,pleasant,theta_central,0.22307044677888346,0.1931426452414166,34
sub-05,pleasant,theta_temporal,0.1323800210661296,0.09134483010020585,34
sub-05,pleasant,theta_parietal,0.18775873728180775,0.16049329210439284,34
sub-05,pleasant,theta_occipital,0.06128992749712697,0.043953849156319884,34
sub-05,pleasant,alpha_frontal,0.23022612359326886,0.16718381357685427,34
sub-05,pleasant,alpha_central,0.2880937708748202,0.2985081624365201,34
sub-05,pleasant,alpha_temporal,0.1476247238446028,0.07082645170973473,34
sub-05,pleasant,alpha_parietal,0.14342465267094182,0.05702301908376071,34
sub-05,pleasant,alpha_occipital,0.032667220239585446,-0.05035110510908911,34
sub-05,pleasant,beta_frontal,-0.19351439037163948,-0.18412061688182624,34
sub-05,pleasant,beta_central,-0.27036013703047385,-0.27767320702934656,34
sub-05,pleasant,beta_temporal,-0.18433645706623217,-0.208412821929341,34
sub-05,pleasant,beta_parietal,-0.2138925134734761,-0.22924256440990384,34
sub-05,pleasant,beta_occipital,-0.1851142480243175,-0.20661087607433262,34
sub-05,pleasant,gamma_frontal,0.04340073546116352,-0.009171444976638056,34
sub-05,pleasant,gamma_central,0.09115710028760508,0.07217969529111062,34
sub-05,pleasant,gamma_temporal,-0.0476008066348245,-0.021420355982967557,34
sub-05,pleasant,gamma_parietal,-0.0071556768143853835,-0.03489159079695832,34
sub-05,pleasant,gamma_occipital,-0.05257866876657086,-0.03737088508458381,34
sub-05,pleasant,faa,0.34798367464739355,0.32608344932303973,34
sub-05,energetic,delta_frontal,-0.11150069677003058,-0.12693344764806996,29
sub-05,energetic,delta_central,-0.06795753527744527,-0.02742972599998966,29
sub-05,energetic,delta_temporal,0.05864483599868426,0.07384617215725087,29
sub-05,energetic,delta_parietal,0.011326255879574212,0.07451645343070115,29
sub-05,energetic,delta_occipital,0.059903308874192505,0.07672568712953623,29
sub-05,energetic,theta_frontal,0.011326255879574212,0.030210442741172915,29
sub-05,energetic,theta_central,0.0047821969269313345,0.002363611500456427,29
sub-05,energetic,theta_temporal,-0.07701853998110465,-0.07072081473483383,29
sub-05,energetic,theta_parietal,0.06971939730315682,0.06337229599158363,29
sub-05,energetic,theta_occipital,-0.13893540545611033,-0.14138464864017922,29
sub-05,energetic,alpha_frontal,0.25043610222614093,0.2229905087358817,29
sub-05,energetic,alpha_central,0.04983552587012654,0.004382148337235924,29
sub-05,energetic,alpha_temporal,0.030958432737502845,-0.020111749933973452,29
sub-05,energetic,alpha_parietal,0.09136513076189864,0.04420146068020958,29
sub-05,energetic,alpha_occipital,0.3211622778297043,0.2825140408956086,29
sub-05,energetic,beta_frontal,-0.06745414612724199,0.008804344942760915,29
sub-05,energetic,beta_central,-0.019883871433030286,-0.00782573335896896,29
sub-05,energetic,beta_temporal,0.03750249169014573,0.04227892457406499,29
sub-05,energetic,beta_parietal,-0.24993271307593767,-0.23091899524169285,29
sub-05,energetic,beta_occipital,-0.30580890874850375,-0.28429013049539376,29
sub-05,energetic,gamma_frontal,0.00906100470365937,0.04296007848294809,29
sub-05,energetic,gamma_central,-0.03448215678892594,-0.021675629180695443,29
sub-05,energetic,gamma_temporal,-0.16032944433975052,-0.11919514468092156,29
sub-05,energetic,gamma_parietal,-0.1975802414547946,-0.15330569194580837,29
sub-05,energetic,gamma_occipital,-0.2600004960800036,-0.20536374820615652,29
sub-05,energetic,faa,0.20487938413274243,0.16663276146788975,29
sub-05,tense,delta_frontal,-0.21370561880397573,-0.21073556266164134,33
sub-05,tense,delta_central,-0.025800837218589605,-0.01392763402515362,33
sub-05,tense,delta_temporal,-0.09013318791494132,-0.0878810342605788,33
sub-05,tense,delta_parietal,-0.09352803491738731,-0.0818053311170049,33
sub-05,tense,delta_occipital,-0.24986073938002565,-0.2460360008356059,33
sub-05,tense,theta_frontal,0.3669829609644127,0.3650111809150113,33
sub-05,tense,theta_central,0.06042827664353881,0.04940431385673292,33
sub-05,tense,theta_temporal,-0.08894499146408522,-0.0933937865560365,33
sub-05,tense,theta_parietal,0.07434714935356741,0.06451452099226712,33
sub-05,tense,theta_occipital,0.10965355817900582,0.11568607991426041,33
sub-05,tense,alpha_frontal,-0.0015276811511007004,-0.007003537195930359,33
sub-05,tense,alpha_central,0.10524025707582602,0.09938124019298646,33
sub-05,tense,alpha_temporal,-0.07044307530075451,-0.08057881825901475,33
sub-05,tense,alpha_parietal,0.03530640882543841,0.02640007785779219,33
sub-05,tense,alpha_occipital,0.14750610225627872,0.1368742970566976,33
sub-05,tense,beta_frontal,0.26004528038736363,0.29332014250139954,33
sub-05,tense,beta_central,0.2603847650876082,0.2666482107548253,33
sub-05,tense,beta_temporal,0.6073381287375895,0.6056450225811878,33
sub-05,tense,beta_parietal,0.32098278408126935,0.33229714229675783,33
sub-05,tense,beta_occipital,0.362060432810866,0.3764947359928831,33
sub-05,tense,gamma_frontal,-0.021217793765287502,-0.021405207873179462,33
sub-05,tense,gamma_central,-0.07740251165576881,-0.08088456521313,33
sub-05,tense,gamma_temporal,-0.030383880671891704,-0.016042645836377267,33
sub-05,tense,gamma_parietal,-0.24442898417611206,-0.2397048370157573,33
sub-05,tense,gamma_occipital,0.049395023885589306,0.06799126734994439,33
sub-05,tense,faa,0.29076864575949996,0.2887871538841029,33
sub-05,angry,delta_frontal,-0.07864177822184601,-0.07015862697658028,31
sub-05,angry,delta_central,0.09277272274608396,0.11124361758056943,31
sub-05,angry,delta_temporal,0.011059000062447095,0.020837709103786406,31
sub-05,angry,delta_parietal,0.021094018637630566,0.04857837347694592,31
sub-05,angry,delta_occipital,-0.043007222465072034,-0.02765100991738699,31
sub-05,angry,theta_frontal,0.30146014985040964,0.3023200234514223,31
sub-05,angry,theta_central,0.07884657451929873,0.07074778443896122,31
sub-05,angry,theta_temporal,0.045669574331957445,0.04044332179548721,31
sub-05,angry,theta_parietal,-0.005529500031223548,-0.010919496252443558,31
sub-05,angry,theta_occipital,0.22097520495148917,0.22674180925934842,31
sub-05,angry,alpha_frontal,-0.028261889048475906,-0.041062993117645205,31
sub-05,angry,alpha_central,-0.12594972293342524,-0.12653354851310658,31
sub-05,angry,alpha_temporal,0.13434637112898692,0.12070788143137429,31
sub-05,angry,alpha_parietal,0.07946096341165691,0.06610938805231444,31
sub-05,angry,alpha_occipital,0.1587171305258611,0.14533340250190144,31
sub-05,angry,beta_frontal,-0.0778225930320351,-0.06953433351570087,31
sub-05,angry,beta_central,0.028261889048475906,0.02649396124513144,31
sub-05,angry,beta_temporal,0.10116937094164563,0.0900321840529226,31
sub-05,angry,beta_parietal,0.03481537056696307,0.03269556368762456,31
sub-05,angry,beta_occipital,-0.1834974825176407,-0.18523827538937593,31
sub-05,angry,gamma_frontal,-0.032767407592435835,-0.04185797345902219,31
sub-05,angry,gamma_central,-0.08703842641740768,-0.08998178703580693,31
sub-05,angry,gamma_temporal,-0.12758809331304702,-0.11751883667073507,31
sub-05,angry,gamma_parietal,0.06901635224156798,0.0735087008073586,31
sub-05,angry,gamma_occipital,-0.12656411182578342,-0.11925792765778931,31
sub-05,angry,faa,0.05406622252751913,0.038721484249441517,31
sub-05,afraid,delta_frontal,0.22099009400351313,0.2414835359926421,31
sub-05,afraid,delta_central,0.4548237082304777,0.48052629931193513,31
sub-05,afraid,delta_temporal,0.3039633119550167,0.32065545732628037,31
sub-05,afraid,delta_parietal,0.16309232029779566,0.19335603761348663,31
sub-05,afraid,delta_occipital,-0.1895948223461875,-0.17921253607443044,31
sub-05,afraid,theta_frontal,-0.3463673152324436,-0.3512546133655951,31
sub-05,afraid,theta_central,-0.3977413961262492,-0.42963256142828915,31
sub-05,afraid,theta_temporal,-0.16248072409667894,-0.17413500337509785,31
sub-05,afraid,theta_parietal,-0.2990705423460828,-0.3015383431460583,31
sub-05,afraid,theta_occipital,0.13924006845424305,0.1435154992372465,31
sub-05,afraid,alpha_frontal,-0.013047385623823654,-0.02824443161178922,31
sub-05,afraid,alpha_central,-0.22384420960872456,-0.22126280564372586,31
sub-05,afraid,alpha_temporal,-0.01957107843573548,-0.037521264930007105,31
sub-05,afraid,alpha_parietal,0.016716962830524058,0.004525046948088753,31
sub-05,afraid,alpha_occipital,0.1924489379513989,0.18166535261438052,31
sub-05,afraid,beta_frontal,0.02507544424578608,0.03307308692523288,31
sub-05,afraid,beta_central,-0.23362974882659232,-0.230088079459485,31
sub-05,afraid,beta_temporal,-0.09561287277458272,-0.11544718175836999,31
sub-05,afraid,beta_parietal,-0.08358481415262027,-0.08963006854228132,31
sub-05,afraid,beta_occipital,0.08480800655485375,0.08312354660496979,31
sub-05,afraid,gamma_frontal,-0.13495889504642591,-0.14937345940756458,31
sub-05,afraid,gamma_central,-0.35370646964584435,-0.3580733210988405,31
sub-05,afraid,gamma_temporal,-0.32475758279298567,-0.3159698467372128,31
sub-05,afraid,gamma_parietal,-0.2499389808563719,-0.24616965393522153,31
sub-05,afraid,gamma_occipital,0.01427057802605712,0.020230381660445034,31
sub-05,afraid,faa,-0.037307368268120755,-0.08364776555142926,31
sub-05,happy,delta_frontal,-0.05939360839237,-0.062323517600933624,25
sub-05,happy,delta_central,-0.13884730968547424,-0.10957165009609818,25
sub-05,happy,delta_temporal,0.20650095633108775,0.2227475557674344,25
sub-05,happy,delta_parietal,0.1337339526715616,0.15540015207318417,25
sub-05,happy,delta_occipital,-0.03540016394247218,-0.014125468337634412,25
sub-05,happy,theta_frontal,-0.26589456472345774,-0.27005156876318115,25
sub-05,happy,theta_central,0.042480196730966625,0.010955660425614773,25
sub-05,happy,theta_temporal,-0.0491668943645447,-0.10204059209356972,25
sub-05,happy,theta_parietal,0.1734608033181137,0.16228671638002723,25
sub-05,happy,theta_occipital,0.04838022405471199,0.03284589808052529,25
sub-05,happy,alpha_frontal,0.03933351549163576,0.04630138810627678,25
sub-05,happy,alpha_central,-0.042480196730966625,-0.06563804700751254,25
sub-05,happy,alpha_temporal,-0.1707074572336992,-0.20496122084849974,25
sub-05,happy,alpha_parietal,-0.346528271481311,-0.35918739379037146,25
sub-05,happy,alpha_occipital,0.036580169407221266,-0.006534495679386851,25
sub-05,happy,beta_frontal,0.06922698726527896,0.08919468767666608,25
sub-05,happy,beta_central,0.0015733406196654306,0.009902989518791074,25
sub-05,happy,beta_temporal,-0.23403441717523277,-0.24045460291851858,25
sub-05,happy,beta_parietal,-0.20964763757041863,-0.213691457387656,25
sub-05,happy,beta_occipital,-0.08574706377176596,-0.07101990624778003,25
sub-05,happy,gamma_frontal,0.16598743537470292,0.16190298515539867,25
sub-05,happy,gamma_central,0.3288281895100749,0.3236367517980687,25
sub-05,happy,gamma_temporal,0.011406719492574371,0.050356643790766834,25
sub-05,happy,gamma_parietal,0.15458071588212857,0.15450725746366142,25
sub-05,happy,gamma_occipital,0.09046708563076224,0.11878074873538982,25
sub-05,happy,faa,-0.01652007650648702,-0.06019080910119305,25
sub-05,sad,delta_frontal,0.09656501377192415,0.09972822164331002,29
sub-05,sad,delta_central,-0.2103470455031836,-0.18841109964852548,29
sub-05,sad,delta_temporal,-0.38650957708710726,-0.37642854743528115,29
sub-05,sad,delta_parietal,-0.0708642478326265,-0.036506146726646475,29
sub-05,sad,delta_occipital,-0.05739005986445104,-0.04358746852107403,29
sub-05,sad,theta_frontal,0.08583556779726591,0.09216880948133037,29
sub-05,sad,theta_central,0.046660613889792805,0.021759100937538217,29
sub-05,sad,theta_temporal,-0.07286042382791176,-0.08462054431634618,29
sub-05,sad,theta_parietal,-0.08733269979372986,-0.0878443570808421,29
sub-05,sad,theta_occipital,0.13623901167821856,0.14999132833119028,29
sub-05,sad,alpha_frontal,0.022207457947548446,0.0009169954151437069,29
sub-05,sad,alpha_central,0.30940727926921435,0.30212967612709746,29
sub-05,sad,alpha_temporal,0.32687381922796027,0.3076252611483084,29
sub-05,sad,alpha_parietal,0.16243882161633752,0.13696219507181961,29
sub-05,sad,alpha_occipital,-0.09232313978194298,-0.14008626424945467,29
sub-05,sad,beta_frontal,-0.13474187968175463,-0.10314811069242508,29
sub-05,sad,beta_central,0.13299522568588004,0.13968611405325082,29
sub-05,sad,beta_temporal,0.24353347142480092,0.2436356272328925,29
sub-05,sad,beta_parietal,0.09531740377487087,0.10283978172933288,29
sub-05,sad,beta_occipital,0.09307170578017494,0.11883893307738305,29
sub-05,sad,gamma_frontal,-0.359810723150167,-0.36988609808023964,29
sub-05,sad,gamma_central,-0.11977055971711521,-0.12217315184995205,29
sub-05,sad,gamma_temporal,0.08259178180492738,0.09654774273292703,29
sub-05,sad,gamma_parietal,-0.22856215146016157,-0.2157866022504735,29
sub-05,sad,gamma_occipital,-0.11627725172536603,-0.08592477330133758,29
sub-05,sad,faa,-0.12575908770297098,-0.17502031628904377,29
sub-05,tender,delta_frontal,0.35469493865174107,0.45081757366554565,31
sub-05,tender,delta_central,0.23837135358382136,0.29282296456112056,31
sub-05,tender,delta_temporal,-0.07707204142461463,-0.01213396541496457,31
sub-05,tender,delta_parietal,0.18092508398085927,0.3007465457224453,31
sub-05,tender,delta_occipital,0.08933814881314746,0.1692161610721698,31
sub-05,tender,theta_frontal,0.1841960459511347,0.14334581776836533,31
sub-05,tender,theta_central,-0.03311848994903865,-0.05827879697102706,31
sub-05,tender,theta_temporal,0.1355404866432878,0.10018601220782342,31
sub-05,tender,theta_parietal,-0.14821546427810509,-0.19201719569371373,31
sub-05,tender,theta_occipital,0.29581762318678345,0.28696062019602475,31
sub-05,tender,alpha_frontal,-0.3728896646113981,-0.4653126801517734,31
sub-05,tender,alpha_central,-0.11264375285135984,-0.13508065718662052,31
sub-05,tender,alpha_temporal,-0.07625430093204577,-0.15363592706766094,31
sub-05,tender,alpha_parietal,-0.2371447428449681,-0.33665214442491104,31
sub-05,tender,alpha_occipital,-0.23326047550526602,-0.3412308139799532,31
sub-05,tender,beta_frontal,-0.2923422260933658,-0.24850697670805413,31
sub-05,tender,beta_central,-0.17642751127173056,-0.15679034360197927,31
sub-05,tender,beta_temporal,0.18480935132056134,0.13694901366522727,31
sub-05,tender,beta_parietal,0.04477129196814484,0.06732744018635436,31
sub-05,tender,beta_occipital,0.006746359063693058,0.02584260482669122,31
sub-05,tender,gamma_frontal,-0.3640989543162829,-0.4431979778109576,31
sub-05,tender,gamma_central,-0.32689176190439995,-0.3554315408097233,31
sub-05,tender,gamma_temporal,-0.06276158280465965,-0.02557490440873718,31
sub-05,tender,gamma_parietal,-0.1445356320615452,-0.13729526312679682,31
sub-05,tender,gamma_occipital,-0.16886341171546865,-0.16072827075319188,31
sub-05,tender,faa,-0.04150032999786942,-0.12654806171294078,31
sub-06,pleasant,delta_frontal,-0.034877096776937316,-0.007940503728793775,31
sub-06,pleasant,delta_central,-0.13478972107322243,-0.11925975065176184,31
sub-06,pleasant,delta_temporal,-0.0995023055106741,-0.08800218214073989,31
sub-06,pleasant,delta_parietal,0.0558033548430997,0.07865870771522522,31
sub-06,pleasant,delta_occipital,0.019284982923718278,0.04608744729413849,31
sub-06,pleasant,theta_frontal,-0.26588657307594565,-0.292775914641768,31
sub-06,pleasant,theta_central,-0.2521408937579762,-0.27507750592017166,31
sub-06,pleasant,theta_temporal,-0.28332512146441424,-0.29714844428791426,31
sub-06,pleasant,theta_parietal,-0.3565670246959826,-0.3821641122074086,31
sub-06,pleasant,theta_occipital,-0.3079442486010759,-0.3316122505997029,31
sub-06,pleasant,alpha_frontal,0.1163253757207262,0.09603407782123362,31
sub-06,pleasant,alpha_central,0.32825502848882177,0.3242967654986406,31
sub-06,pleasant,alpha_temporal,0.18772084441704495,0.17767746387378958,31
sub-06,pleasant,alpha_parietal,0.18320733777532364,0.17905068167961583,31
sub-06,pleasant,alpha_occipital,0.057649789378349324,0.041762787836250204,31
sub-06,pleasant,beta_frontal,0.317586740062935,0.3131628298713128,31
sub-06,pleasant,beta_central,0.23613846111914616,0.2332243390289049,31
sub-06,pleasant,beta_temporal,0.2652710948975291,0.26928991311573397,31
sub-06,pleasant,beta_parietal,0.24988414043711557,0.25936451129232174,31
sub-06,pleasant,beta_occipital,0.2599369506845857,0.25773717257863654,31
sub-06,pleasant,gamma_frontal,0.25255121254358726,0.24801097852838166,31
sub-06,pleasant,gamma_central,0.26814332639680627,0.2859250170195385,31
sub-06,pleasant,gamma_temporal,0.28291480267880326,0.2984719852960016,31
sub-06,pleasant,gamma_parietal,0.23634362051195165,0.24883955765229887,31
sub-06,pleasant,gamma_occipital,0.2728619924313331,0.27827153630758944,31
sub-06,pleasant,faa,0.07324190323156836,0.07529924136106263,31
sub-06,energetic,delta_frontal,0.1277026300202124,0.05828505534427402,29
sub-06,energetic,delta_central,-0.009784680885635135,-0.07421635196810508,29
sub-06,energetic,delta_temporal,0.005770452829989951,-0.03792689490787136,29
sub-06,energetic,delta_parietal,0.14426132074974876,0.09380760559985298,29
sub-06,energetic,delta_occipital,0.04064405906340748,-0.03340042894379067,29
sub-06,energetic,theta_frontal,-0.2624301591378038,-0.2199102829692092,29
sub-06,energetic,theta_central,-0.19218116816401312,-0.14029108469860432,29
sub-06,energetic,theta_temporal,-0.13347308285020235,-0.08953637871232122,29
sub-06,energetic,theta_parietal,-0.2757272895721285,-0.2329165867925981,29
sub-06,energetic,theta_occipital,-0.2360867875226323,-0.18841951085887484,29
sub-06,energetic,alpha_frontal,-0.07752477932464759,-0.02592963647990761,29
sub-06,energetic,alpha_central,0.23658856602958794,0.24106007987445288,29
sub-06,energetic,alpha_temporal,0.2140085332165838,0.2485315842379314,29
sub-06,energetic,alpha_parietal,-0.07978278260594801,-0.07372550733907199,29
sub-06,energetic,alpha_occipital,0.1016101476585187,0.14115954615660023,29
sub-06,energetic,beta_frontal,0.03387004921950623,0.026728856519932932,29
sub-06,energetic,beta_central,0.04741806890730873,0.04203722219874147,29
sub-06,energetic,beta_temporal,0.14877732731234958,0.13839265373099102,29
sub-06,energetic,beta_parietal,0.11867061689501074,0.09363073646746249,29
sub-06,energetic,beta_occipital,0.09307991304027269,0.08052093941134617,29
sub-06,energetic,gamma_frontal,0.08680768170332707,0.09910937544550207,29
sub-06,energetic,gamma_central,0.2797415176277737,0.2406064027669673,29
sub-06,energetic,gamma_temporal,0.03763338802167359,-0.009268790901496569,29
sub-06,energetic,gamma_parietal,0.08078633961985932,0.04126286120991727,29
sub-06,energetic,gamma_occipital,0.055195635765121265,0.035822412055061176,29
sub-06,energetic,faa,0.1685975783370977,0.13467672024669727,29
sub-06,tense,delta_frontal,0.3442098695619156,0.34776324993379354,29
sub-06,tense,delta_central,0.3312396425929159,0.3376209519198511,29
sub-06,tense,delta_temporal,0.29656922819501286,0.29464435586108556,29
sub-06,tense,delta_parietal,0.3913516560453954,0.4043898128500009,29
sub-06,tense,delta_occipital,0.4020770360389913,0.42057979125268524,29
sub-06,tense,theta_frontal,-0.10301353342686317,-0.10021129857763184,29
sub-06,tense,theta_central,-0.1396793673584585,-0.13589230216974996,29
sub-06,tense,theta_temporal,-0.0927870083166903,-0.08909155483684371,29
sub-06,tense,theta_parietal,-0.1411759320087277,-0.13737997788670633,29
sub-06,tense,theta_occipital,-0.09403414552524797,-0.08830435980763787,29
sub-06,tense,alpha_frontal,-0.011723089760442052,0.008117188093271048,29
sub-06,tense,alpha_central,0.24543660264414852,0.2649078289119854,29
sub-06,tense,alpha_temporal,0.0626062878695948,0.08758839660654981,29
sub-06,tense,alpha_parietal,0.12795627759801648,0.1449464886197246,29
sub-06,tense,alpha_occipital,0.01970476789521111,0.03312226301952969,29
sub-06,tense,beta_frontal,-0.07607536972201759,-0.0691767486788937,29
sub-06,tense,beta_central,0.07682365204715219,0.08928092903263737,29
sub-06,tense,beta_temporal,0.03940953579042222,0.04379871815848605,29
sub-06,tense,beta_parietal,0.0024942744171153304,0.005451302911369741,29
sub-06,tense,beta_occipital,0.0014965646502691982,0.011265511714007135,29
sub-06,tense,gamma_frontal,-0.1948028319767073,-0.18909382014188023,29
sub-06,tense,gamma_central,-0.12970226968999718,-0.12629748371824745,29
sub-06,tense,gamma_temporal,-0.036166979048172294,-0.0364706515370506,29
sub-06,tense,gamma_parietal,-0.08954445157444038,-0.08603599804891082,29
sub-06,tense,gamma_occipital,-0.13469081852422785,-0.13140156529713176,29
sub-06,tense,faa,0.24768144961955232,0.2501486659857429,29
sub-06,angry,delta_frontal,0.16866830991246634,0.16100123566013094,33
sub-06,angry,delta_central,0.10928049147859897,0.09941703871675946,33
sub-06,angry,delta_temporal,0.11825771984650915,0.11291074265680853,33
sub-06,angry,delta_parietal,0.06750185176640157,0.05789930210261131,33
sub-06,angry,delta_occipital,0.1619353886365337,0.1542470853643334,33
sub-06,angry,theta_frontal,0.034009884393813576,0.03847559955146238,33
sub-06,angry,theta_central,0.08407519644562038,0.0941875977691719,33
sub-06,angry,theta_temporal,0.0372900255282423,0.039313092760346044,33
sub-06,angry,theta_parietal,0.14277245885118697,0.1497628804256477,33
sub-06,angry,theta_occipital,0.05438128722868668,0.06073987413795953,33
sub-06,angry,alpha_frontal,-0.20198763827797914,-0.195585066896895,33
sub-06,angry,alpha_central,-0.2807110255042684,-0.27746306946885807,33
sub-06,angry,alpha_temporal,-0.28347324961747156,-0.2791720289066375,33
sub-06,angry,alpha_parietal,-0.23081835245953686,-0.22661297425013893,33
sub-06,angry,alpha_occipital,-0.13845648367430707,-0.13156761516770887,33
sub-06,angry,beta_frontal,-0.23737863472839427,-0.23340159106335662,33
sub-06,angry,beta_central,-0.14743371204221722,-0.14420442668037078,33
sub-06,angry,beta_temporal,-0.20716680849023503,-0.20900857029697337,33
sub-06,angry,beta_parietal,-0.18455109856338436,-0.1876347560598633,33
sub-06,angry,beta_occipital,-0.20026124820722718,-0.1987672506288651,33
sub-06,angry,gamma_frontal,-0.11773980282528355,-0.11582927982474939,33
sub-06,angry,gamma_central,-0.009322506382060575,-0.015108808973146847,33
sub-06,angry,gamma_temporal,-0.05731615034896503,-0.0675429963778808,33
sub-06,angry,gamma_parietal,-0.0248600170188282,-0.030559537815408336,33
sub-06,angry,gamma_occipital,-0.16348913970021045,-0.1685119583167485,33
sub-06,angry,faa,-0.16400705672143603,-0.16740153632205718,33
sub-06,afraid,delta_frontal,-0.09061686854131139,0.06526495304386419,28
sub-06,afraid,delta_central,-0.22570827379001487,-0.11811857116778002,28
sub-06,afraid,delta_temporal,-0.05475927332097651,0.01218195302229993,28
sub-06,afraid,delta_parietal,-0.0839456880352026,0.0470215016368502,28
sub-06,afraid,delta_occipital,-0.06059655626382174,0.11052834263534386,28
sub-06,afraid,theta_frontal,-0.07004739531414254,-0.18739663256737488,28
sub-06,afraid,theta_central,0.0958982197753142,-0.00216576952710545,28
sub-06,afraid,theta_temporal,-0.10479312711679263,-0.2048215886307181,28
sub-06,afraid,theta_parietal,-0.06115248797266413,-0.17148905818445032,28
sub-06,afraid,theta_occipital,-0.11618972714806185,-0.2267947746481116,28
sub-06,afraid,alpha_frontal,0.17956594195609557,0.10749133792521418,28
sub-06,afraid,alpha_central,0.1398168247738639,0.13510440829713533,28
sub-06,afraid,alpha_temporal,-0.17901001024725322,-0.24255966839000154,28
sub-06,afraid,alpha_parietal,0.1414846199003911,0.15648801008152252,28
sub-06,afraid,alpha_occipital,0.00472541952516041,-0.06407838481539539,28
sub-06,afraid,beta_frontal,0.12452870278069787,0.07248580511475089,28
sub-06,afraid,beta_central,0.059762658700558136,0.03557472346317205,28
sub-06,afraid,beta_temporal,-0.054203341612134116,-0.08414108713791094,28
sub-06,afraid,beta_parietal,-0.08144399534541177,-0.05639958761612367,28
sub-06,afraid,beta_occipital,-0.021125404936011248,-0.05354046642963316,28
sub-06,afraid,gamma_frontal,0.17400662486767157,0.1452192799079051,28
sub-06,afraid,gamma_central,-0.17372865901325035,-0.1328969985179162,28
sub-06,afraid,gamma_temporal,-0.007505078069372417,0.034128313998153956,28
sub-06,afraid,gamma_parietal,-0.07088129287740616,-0.04516124918670192,28
sub-06,afraid,gamma_occipital,0.024183029334644453,0.024583473974639558,28
sub-06,afraid,faa,-0.10201346857258063,-0.1302074933341607,28
sub-06,happy,delta_frontal,-0.1938420421358865,-0.19454561156416403,26
sub-06,happy,delta_central,0.022927553370911305,0.029532443970876662,26
sub-06,happy,delta_temporal,-0.013548099719174861,-0.010358294407853205,26
sub-06,happy,delta_parietal,0.0010421615168596046,0.01275921516919097,26
sub-06,happy,delta_occipital,-0.034738717228653494,-0.025228763883175517,26
sub-06,happy,theta_frontal,0.30118467837242574,0.33339962255547934,26
sub-06,happy,theta_central,0.26227731507633384,0.27879322367254555,26
sub-06,happy,theta_temporal,0.29736341947727385,0.32139825054961685,26
sub-06,happy,theta_parietal,0.2664459611437723,0.28507543632706506,26
sub-06,happy,theta_occipital,0.288331352997824,0.31983458422244204,26
sub-06,happy,alpha_frontal,0.09171021348364522,0.08895723534890784,26
sub-06,happy,alpha_central,-0.15701900187351378,-0.1544480414320532,26
sub-06,happy,alpha_temporal,-0.12783847940144485,-0.13290258733858765,26
sub-06,happy,alpha_parietal,-0.16987232724811555,-0.1676442834172591,26
sub-06,happy,alpha_occipital,-0.06843527294044738,-0.06917729628176239,26
sub-06,happy,beta_frontal,-0.024664489232343975,-0.02074510945506201,26
sub-06,happy,beta_central,-0.07885688810904341,-0.07516783957210041,26
sub-06,happy,beta_temporal,-0.10630047471967967,-0.10251038812845144,26
sub-06,happy,beta_parietal,-0.06183491666700321,-0.055890233191680176,26
sub-06,happy,beta_occipital,-0.03960213764066498,-0.035865553930923305,26
sub-06,happy,gamma_frontal,0.05836104494413786,0.06142876591969214,26
sub-06,happy,gamma_central,0.053150237359839834,0.06950837051437314,26
sub-06,happy,gamma_temporal,-0.0017369358614326745,0.011736591458521697,26
sub-06,happy,gamma_parietal,0.11394299250998345,0.13747422678193066,26
sub-06,happy,gamma_occipital,0.05349762453212637,0.06813458330152222,26
sub-06,happy,faa,0.2681828970052049,0.2671431661346213,26
sub-06,sad,delta_frontal,-0.019190966937191065,0.06831299527887992,27
sub-06,sad,delta_central,-0.06314447185785448,0.009954312560553055,27
sub-06,sad,delta_temporal,-0.1145267381735596,-0.07342062391092143,27
sub-06,sad,delta_parietal,-0.19098107419753046,-0.10197001597776868,27
sub-06,sad,delta_occipital,-0.2340059839438137,-0.15059707907879344,27
sub-06,sad,theta_frontal,-0.02383394280909213,-0.08777168673876685,27
sub-06,sad,theta_central,-0.0071192296702483,-0.07986229047902503,27
sub-06,sad,theta_temporal,-0.04395350492066341,-0.1098874113656153,27
sub-06,sad,theta_parietal,0.045191631819837035,-0.041372127310557644,27
sub-06,sad,theta_occipital,0.01795284003801745,-0.06780922074022244,27
sub-06,sad,alpha_frontal,0.09595483468595534,0.026577362702099004,27
sub-06,sad,alpha_central,-0.0575729008115732,-0.08155981570362579,27
sub-06,sad,alpha_temporal,0.10895516712727832,0.06772393709470251,27
sub-06,sad,alpha_parietal,0.10431219125537726,0.05478622587680491,27
sub-06,sad,alpha_occipital,0.11050282575124534,0.06620809817030195,27
sub-06,sad,beta_frontal,-0.18293324935290198,-0.19465878751681917,27
sub-06,sad,beta_central,0.0034048489727274475,-0.02054946574919484,27
sub-06,sad,beta_temporal,-0.04983460769173809,-0.028814331157703273,27
sub-06,sad,beta_parietal,0.058811027710746824,0.07985046025260373,27
sub-06,sad,beta_occipital,0.08388309741901258,0.08016877067054046,27
sub-06,sad,gamma_frontal,-0.14238459340496598,-0.18680353735742758,27
sub-06,sad,gamma_central,0.06345400358264788,0.11428696845349336,27
sub-06,sad,gamma_temporal,-0.13217004648678363,-0.08933128706269786,27
sub-06,sad,gamma_parietal,-0.009595483468595532,0.029787769228770102,27
sub-06,sad,gamma_occipital,0.03002457730496022,0.04719716413972077,27
sub-06,sad,faa,0.13093191958761002,0.13368786487350998,27
sub-06,tender,delta_frontal,0.24409026788175436,0.2352278480716968,32
sub-06,tender,delta_central,0.32950317172705434,0.32781293453610477,32
sub-06,tender,delta_temporal,0.3524917651033605,0.34716599598241477,32
sub-06,tender,delta_parietal,0.30258969655479356,0.29957310666505677,32
sub-06,tender,delta_occipital,0.4242610322293893,0.4355471647248485,32
sub-06,tender,theta_frontal,0.251192434941101,0.2606768764830494,32
sub-06,tender,theta_central,0.24820204881084978,0.26264171273166487,32
sub-06,tender,theta_temporal,0.2545566193376336,0.266919410830995,32
sub-06,tender,theta_parietal,0.24670685574572418,0.2605166570674336,32
sub-06,tender,theta_occipital,0.24614615834630213,0.2661318234683241,32
sub-06,tender,alpha_frontal,-0.19418819933318746,-0.18302579964279778,32
sub-06,tender,alpha_central,-0.23960468868637755,-0.23297202081175528,32
sub-06,tender,alpha_temporal,-0.15662147357190673,-0.14344676063170173,32
sub-06,tender,alpha_parietal,-0.22222306930429248,-0.21408552984711038,32
sub-06,tender,alpha_occipital,-0.26782645779062336,-0.26019489273872204,32
sub-06,tender,beta_frontal,-0.21437330571238306,-0.2073722840979641,32
sub-06,tender,beta_central,-0.3207189124694414,-0.3153518585128119,32
sub-06,tender,beta_temporal,-0.31492503934207977,-0.3132028893849338,32
sub-06,tender,beta_parietal,-0.31436434194265767,-0.3140887131831768,32
sub-06,tender,beta_occipital,-0.3395957249166522,-0.33412251851556446,32
sub-06,tender,gamma_frontal,-0.37398516541454097,-0.3685196156134005,32
sub-06,tender,gamma_central,-0.30969186361414014,-0.3090541150850964,32
sub-06,tender,gamma_temporal,-0.23829639475439265,-0.24277554163499565,32
sub-06,tender,gamma_parietal,-0.3050193852856226,-0.30371702025330105,32
sub-06,tender,gamma_occipital,-0.37211617408313397,-0.36831195315024856,32
sub-06,tender,faa,0.2590421985330104,0.2577872219260799,32
sub-07,pleasant,delta_frontal,0.2267442459248126,0.23563447460104667,34
sub-07,pleasant,delta_central,0.09717610539634826,0.0980811150059466,34
sub-07,pleasant,delta_temporal,0.22238377965702774,0.21928887679620968,34
sub-07,pleasant,delta_parietal,0.122093055497976,0.12440553515530689,34
sub-07,pleasant,delta_occipital,0.19341782516388548,0.19742353184605563,34
sub-07,pleasant,theta_frontal,-0.23266202157394916,-0.2255096460998453,34
sub-07,pleasant,theta_central,-0.17644315290715154,-0.17166550851655235,34
sub-07,pleasant,theta_temporal,-0.14919023873349618,-0.1475297249117097,34
sub-07,pleasant,theta_parietal,-0.010433972855056622,-0.003235410259202448,34
sub-07,pleasant,theta_occipital,-0.3028966746729124,-0.29702825215804235,34
sub-07,pleasant,alpha_frontal,-0.06229237525406938,-0.08446720655567141,34
sub-07,pleasant,alpha_central,-0.15479655250636243,-0.1718330660426738,34
sub-07,pleasant,alpha_temporal,-0.17675461478342192,-0.18273618931014257,34
sub-07,pleasant,alpha_parietal,-0.07132476966590945,-0.07780326049968309,34
sub-07,pleasant,alpha_occipital,-0.08362751377858815,-0.09956058345292128,34
sub-07,pleasant,beta_frontal,-0.17099257007242047,-0.159530538270611,34
sub-07,pleasant,beta_central,0.2636524782628487,0.3083424683755279,34
sub-07,pleasant,beta_temporal,0.028031568864331228,0.051717855326812674,34
sub-07,pleasant,beta_parietal,-0.23982564472816717,-0.23367492548211222,34
sub-07,pleasant,beta_occipital,-0.012769936927084224,0.007323418823009137,34
sub-07,pleasant,gamma_frontal,-0.14654281278519823,-0.13543463259339722,34
sub-07,pleasant,gamma_central,-0.2353094475222471,-0.23749866573839226,34
sub-07,pleasant,gamma_temporal,0.16927952975293356,0.16925521573601512,34
sub-07,pleasant,gamma_parietal,-0.2353094475222471,-0.22888843380137597,34
sub-07,pleasant,gamma_occipital,-0.10761007825140487,-0.0938974699829248,34
sub-07,pleasant,faa,-0.29246270181785583,-0.2894448591324719,34
sub-07,energetic,delta_frontal,0.24457766393262492,0.32240326490651383,31
sub-07,energetic,delta_central,0.18640341220995704,0.2710779765155265,31
sub-07,energetic,delta_temporal,0.13949530078569314,0.25808225671239954,31
sub-07,energetic,delta_parietal,-0.01495324075969985,0.09952394476399416,31
sub-07,energetic,delta_occipital,0.12433722111147685,0.1889380193803944,31
sub-07,energetic,theta_frontal,0.1663291985873463,0.19880009037963373,31
sub-07,energetic,theta_central,-0.026833897801653156,0.025716838093754423,31
sub-07,energetic,theta_temporal,0.1710404936212243,0.29161478047858513,31
sub-07,energetic,theta_parietal,0.0958646119936922,0.18185006782224128,31
sub-07,energetic,theta_occipital,0.14891789085344923,0.15578885475894458,31
sub-07,energetic,alpha_frontal,-0.23822765758261544,-0.2854933847923193,31
sub-07,energetic,alpha_central,-0.21753892721645537,-0.2623474725213517,31
sub-07,energetic,alpha_temporal,-0.11511946995823721,-0.2099230475152581,31
sub-07,energetic,alpha_parietal,0.035846810040376355,-0.06378328193073592,31
sub-07,energetic,alpha_occipital,-0.2441679861035921,-0.27661432006097053,31
sub-07,energetic,beta_frontal,0.07804362643076224,0.03227054237621973,31
sub-07,energetic,beta_central,0.27940027940041917,0.19524819656234133,31
sub-07,energetic,beta_temporal,-0.03871455484360646,-0.1061754830385559,31
sub-07,energetic,beta_parietal,-0.1235178654534111,-0.12372667234115675,31
sub-07,energetic,beta_occipital,0.10917914143726055,0.06974684099320282,31
sub-07,energetic,gamma_frontal,-0.03461777655327773,-0.059215840246234774,31
sub-07,energetic,gamma_central,-0.10487752423241539,-0.07905991739873569,31
sub-07,energetic,gamma_temporal,0.07701943185818005,0.06204227331565329,31
sub-07,energetic,gamma_parietal,-0.06698232504687468,-0.03879392466394991,31
sub-07,energetic,gamma_occipital,0.19992278056804186,0.1644171856079209,31
sub-07,energetic,faa,-0.14051949535827532,-0.21229451247710812,31
sub-07,tense,delta_frontal,0.06222167893640774,0.08869546247670503,29
sub-07,tense,delta_central,-0.009358545205882465,0.02975323097633231,29
sub-07,tense,delta_temporal,0.004046938467408633,0.04542265208267376,29
sub-07,tense,delta_parietal,-0.13784884154610655,-0.10485475441921978,29
sub-07,tense,delta_occipital,-0.11230254247058957,-0.09338898349720227,29
sub-07,tense,theta_frontal,-0.13127256653656755,-0.12958165650843279,29
sub-07,tense,theta_central,-0.0020234692337043167,0.03899307459443578,29
sub-07,tense,theta_temporal,-0.06272754624483382,-0.023999685909851423,29
sub-07,tense,theta_parietal,-0.21398187146423148,-0.20170439357134576,29
sub-07,tense,theta_occipital,-0.2122113358847402,-0.20951568942838047,29
sub-07,tense,alpha_frontal,0.07537422895548579,0.09727567281406388,29
sub-07,tense,alpha_central,0.05261020007631224,0.06048048597517715,29
sub-07,tense,alpha_temporal,0.0862503760866465,0.07239815343525526,29
sub-07,tense,alpha_parietal,0.17857115987440594,0.15629699862956917,29
sub-07,tense,alpha_occipital,0.20209398971621864,0.22049238032316545,29
sub-07,tense,beta_frontal,-0.2160053406979358,-0.3413092965868097,29
sub-07,tense,beta_central,-0.05918647508585126,-0.16653721952804365,29
sub-07,tense,beta_temporal,-0.04476925679570801,-0.10482179927672133,29
sub-07,tense,beta_parietal,-0.1398723107798109,-0.17146005453187732,29
sub-07,tense,beta_occipital,0.014164284635930217,-0.054383332295193015,29
sub-07,tense,gamma_frontal,-0.15378366176152805,-0.2528049449465633,29
sub-07,tense,gamma_central,-0.28834436580286515,-0.31146736964835803,29
sub-07,tense,gamma_temporal,-0.27595061674642624,-0.29883439647591364,29
sub-07,tense,gamma_parietal,-0.24610444554928754,-0.2887472430799683,29
sub-07,tense,gamma_occipital,-0.2994734465882389,-0.3918339006158894,29
sub-07,tense,faa,0.05261020007631224,0.038954487693377546,29
sub-07,angry,delta_frontal,-0.09167009881555425,-0.09404669235291076,30
sub-07,angry,delta_central,0.03863403167039569,0.039447995396701456,30
sub-07,angry,delta_temporal,-0.2560361862180069,-0.2554855168189536,30
sub-07,angry,delta_parietal,-0.18379740510649784,-0.1830013379664509,30
sub-07,angry,delta_occipital,-0.14104850615759845,-0.14247639039252682,30
sub-07,angry,theta_frontal,0.04320610642428866,0.04889278952735247,30
sub-07,angry,theta_central,-0.1874550649096122,-0.20205735616065781,30
sub-07,angry,theta_temporal,-0.25009248903794606,-0.25222211897787156,30
sub-07,angry,theta_parietal,-0.10424330438875995,-0.10178529192947133,30
sub-07,angry,theta_occipital,-0.2130586835314129,-0.2124041009300694,30
sub-07,angry,alpha_frontal,0.12938971553517134,0.13421081400447052,30
sub-07,angry,alpha_central,0.2459776217594424,0.24514355190157183,30
sub-07,angry,alpha_temporal,0.2871262945444792,0.28630692078108827,30
sub-07,angry,alpha_parietal,0.203228722810543,0.20232201723820337,30
sub-07,angry,alpha_occipital,0.19317015835197843,0.19709095609402225,30
sub-07,angry,beta_frontal,-0.00022860373769464904,-0.0047150150275938685,30
sub-07,angry,beta_central,-0.1049291156018439,-0.12575464306283513,30
sub-07,angry,beta_temporal,0.010058564458564557,0.007185752099508434,30
sub-07,angry,beta_parietal,-0.012801809310900344,-0.0128101255785922,30
sub-07,angry,beta_occipital,0.11864533986352285,0.11649678447649575,30
sub-07,angry,gamma_frontal,0.06355183907911242,0.06217538459384037,30
sub-07,angry,gamma_central,-0.033604749441113406,-0.029351861900445524,30
sub-07,angry,gamma_temporal,-0.16162284255011686,-0.16011442753476887,30
sub-07,angry,gamma_parietal,0.0349763718672813,0.036808736423037544,30
sub-07,angry,gamma_occipital,0.08138293061929505,0.07853835662707757,30
sub-07,angry,faa,0.018288299015571923,0.015766151503945454,30
sub-07,afraid,delta_frontal,-0.036178420267165154,-0.10961028506309027,30
sub-07,afraid,delta_central,-0.20660380882129536,-0.29902888596825716,30
sub-07,afraid,delta_temporal,0.13788756403712002,0.009461878049086348,30
sub-07,afraid,delta_parietal,-0.0084188776722334,-0.11638517480134702,30
sub-07,afraid,delta_occipital,0.13970786191219753,0.028884445582800334,30
sub-07,afraid,theta_frontal,-0.010466712781695581,-0.03228256124432898,30
sub-07,afraid,theta_central,0.24574021313546143,0.21283678320438895,30
sub-07,afraid,theta_temporal,0.03595088303278047,-0.05084640819597877,30
sub-07,afraid,theta_parietal,0.025939244719854263,-0.024564411787263218,30
sub-07,afraid,theta_occipital,0.06666840967471316,0.06985004383241265,30
sub-07,afraid,alpha_frontal,0.1672398672727446,0.2220082944866235,30
sub-07,afraid,alpha_central,0.18316747367967265,0.22312507018670064,30
sub-07,afraid,alpha_temporal,0.09829608525418457,0.2006167545001647,30
sub-07,afraid,alpha_parietal,0.012742085125542445,0.10772529609309904,30
sub-07,afraid,alpha_occipital,0.04664513304886073,0.1147454259960961,30
sub-07,afraid,beta_frontal,-0.2509735695263092,-0.19608016705627415,30
sub-07,afraid,beta_central,-0.22526186204083967,-0.12661293394080722,30
sub-07,afraid,beta_temporal,-0.34039570263949104,-0.27029596368213465,30
sub-07,afraid,beta_parietal,-0.026849393657393007,-0.027621661222896946,30
sub-07,afraid,beta_occipital,-0.35473054840572626,-0.2717341564824906,30
sub-07,afraid,gamma_frontal,-0.022526186204083965,0.013170812240486742,30
sub-07,afraid,gamma_central,0.22025604288437656,0.2251418950260189,30
sub-07,afraid,gamma_temporal,-0.07212930329994563,-0.09472722184755934,30
sub-07,afraid,gamma_parietal,0.0960207129103377,0.08880823013865076,30
sub-07,afraid,gamma_occipital,-0.14061801084973627,-0.09081974035747073,30
sub-07,afraid,faa,0.020933425563391162,0.06724898115663198,30
sub-07,happy,delta_frontal,-0.3004035987042029,-0.21205179289836756,26
sub-07,happy,delta_central,-0.09095747014129577,-0.06307182174815648,26
sub-07,happy,delta_temporal,-0.3087675040045519,-0.202133259372858,26
sub-07,happy,delta_parietal,-0.21990101018834343,-0.13210617917257617,26
sub-07,happy,delta_occipital,-0.26172053669008855,-0.1638163469337658,26
sub-07,happy,theta_frontal,-0.11360971366307443,-0.1695639685419528,26
sub-07,happy,theta_central,-0.4025129425792974,-0.41126370923291267,26
sub-07,happy,theta_temporal,-0.3484960541812098,-0.3281139680593887,26
sub-07,happy,theta_parietal,-0.12476158739687312,-0.12027911004106502,26
sub-07,happy,theta_occipital,-0.1916728297996654,-0.29021385423646806,26
sub-07,happy,alpha_frontal,0.23488634051813545,0.2612172680535347,26
sub-07,happy,alpha_central,0.25649309587737046,0.33198585498908284,26
sub-07,happy,alpha_temporal,0.22024950624252462,0.2018832876855162,26
sub-07,happy,alpha_parietal,0.2362803247348603,0.19547969754066397,26
sub-07,happy,alpha_occipital,0.22303747467597432,0.2549524125882129,26
sub-07,happy,beta_frontal,-0.025788708009409526,-0.27267464190372914,26
sub-07,happy,beta_central,0.08538153327439642,-0.1468512906896284,26
sub-07,happy,beta_temporal,0.11221572944634958,-0.13608942988150005,26
sub-07,happy,beta_parietal,-0.20387019169600779,-0.2966056892224134,26
sub-07,happy,beta_occipital,0.10106385571255085,-0.12949354254999215,26
sub-07,happy,gamma_frontal,-0.1941123021789339,-0.2605126195590543,26
sub-07,happy,gamma_central,-0.1380044374557591,-0.12142296739199385,26
sub-07,happy,gamma_temporal,0.017076306654879282,-0.014880485319509805,26
sub-07,happy,gamma_parietal,-0.24812919057702143,-0.28696433113291103,26
sub-07,happy,gamma_occipital,-0.28193330783259873,-0.5018808071855948,26
sub-07,happy,faa,-0.16100517703171896,-0.2838414655157518,26
sub-07,sad,delta_frontal,0.20789143933760612,0.167049121724259,28
sub-07,sad,delta_central,0.3745390006296817,0.3169320708889078,28
sub-07,sad,delta_temporal,0.3210334291111558,0.26559029999486655,28
sub-07,sad,delta_parietal,0.19033492368308974,0.11720842648180166,28
sub-07,sad,delta_occipital,0.20566204052433418,0.15964164650225426,28
sub-07,sad,theta_frontal,-0.020621939022765216,-0.005361107566368717,28
sub-07,sad,theta_central,-0.13348525394465593,-0.19301223198729575,28
sub-07,sad,theta_temporal,0.2561021886746113,0.19865176796228584,28
sub-07,sad,theta_parietal,-0.010310969511382608,-0.056231237043923105,28
sub-07,sad,theta_occipital,0.04180122774884841,0.059119269790596694,28
sub-07,sad,alpha_frontal,-0.18030262902336616,-0.18290781064101047,28
sub-07,sad,alpha_central,-0.12735440720815816,-0.11115162957386465,28
sub-07,sad,alpha_temporal,-0.13014115572474805,-0.08403277923376325,28
sub-07,sad,alpha_parietal,-0.17277840802857342,-0.11545497711461826,28
sub-07,sad,alpha_occipital,-0.17166370862193744,-0.16670032903357304,28
sub-07,sad,beta_frontal,-0.07161943687636027,-0.016140065401514702,28
sub-07,sad,beta_central,-0.2427257957949798,-0.16481297398211395,28
sub-07,sad,beta_temporal,-0.29344461879691586,-0.25395829923463636,28
sub-07,sad,beta_parietal,0.03985050378723548,0.057678632811149745,28
sub-07,sad,beta_occipital,-0.1655328618854397,-0.11347944788019579,28
sub-07,sad,gamma_frontal,0.0039014479232258514,0.018450554940798412,28
sub-07,sad,gamma_central,0.07691425905788107,0.0670168159350154,28
sub-07,sad,gamma_temporal,-0.08304510579437883,-0.04562489045704924,28
sub-07,sad,gamma_parietal,0.04793207448534618,0.04455076570965564,28
sub-07,sad,gamma_occipital,0.2048260159693572,0.2668053745699349,28
sub-07,sad,faa,0.07301281113465523,0.13297207265517644,28
sub-07,tender,delta_frontal,-0.07194660183817322,-0.04930869059700505,35
sub-07,tender,delta_central,-0.08854966380082858,-0.06651813269408163,35
sub-07,tender,delta_temporal,-0.01788022057516731,0.03846952955890942,35
sub-07,tender,delta_parietal,-0.013055399150122165,0.014293827614218883,35
sub-07,tender,delta_occipital,-0.030084180650281504,0.003987673252238865,35
sub-07,tender,theta_frontal,0.38243805119107854,0.3780614911871211,35
sub-07,tender,theta_central,0.2971522371777805,0.32827889841315333,35
sub-07,tender,theta_temporal,0.15198187488892215,0.18941847600167716,35
sub-07,tender,theta_parietal,0.36257113944089264,0.39203106685922184,35
sub-07,tender,theta_occipital,0.3165934293904624,0.305773315590623,35
sub-07,tender,alpha_frontal,-0.14091316691381858,-0.12459386291487498,35
sub-07,tender,alpha_central,-0.13097971103872563,-0.11749010148226371,35
sub-07,tender,alpha_temporal,-0.07918383397574094,-0.09965535177267165,35
sub-07,tender,alpha_parietal,-0.10870038857601713,-0.13192389528166745,35
sub-07,tender,alpha_occipital,-0.14531226880135972,-0.13705901482371408,35
sub-07,tender,beta_frontal,0.2586955722899207,0.20496396178934095,35
sub-07,tender,beta_central,0.1416226994763252,0.059051247194078366,35
sub-07,tender,beta_temporal,0.1734097582766226,0.10936343214699487,35
sub-07,tender,beta_parietal,0.40358212155377643,0.385658932188928,35
sub-07,tender,beta_occipital,0.09436783081338303,0.021978945796052352,35
sub-07,tender,gamma_frontal,0.21115689060197587,0.17663912503049956,35
sub-07,tender,gamma_central,0.17582216898914518,0.17066402651200957,35
sub-07,tender,gamma_temporal,0.09933455875092952,0.08720103434035568,35
sub-07,tender,gamma_parietal,0.34227850815320277,0.33104489826101996,35
sub-07,tender,gamma_occipital,0.2928950418027407,0.24389568014225863,35
sub-07,tender,faa,0.13083780452622426,0.10983936559243701,35
sub-08,pleasant,delta_frontal,0.07090907309350256,0.07313138040777531,29
sub-08,pleasant,delta_central,0.2119781797759988,0.21296025771172694,29
sub-08,pleasant,delta_temporal,-0.06167091920456031,-0.0736572058127401,29
sub-08,pleasant,delta_parietal,0.04294493159183957,0.04087527440679757,29
sub-08,pleasant,delta_occipital,-0.11660048286854116,-0.12068384099740567,29
sub-08,pleasant,theta_frontal,-0.012234311906977552,-0.016448626103436486,29
sub-08,pleasant,theta_central,-0.12234311906977553,-0.1252399785876641,29
sub-08,pleasant,theta_temporal,-0.1747758843853936,-0.17515214092755738,29
sub-08,pleasant,theta_parietal,0.09737513558614785,0.0976367325937439,29
sub-08,pleasant,theta_occipital,0.048937247627910206,0.04848023613946707,29
sub-08,pleasant,alpha_frontal,-0.1885082753013888,-0.18810550139090823,29
sub-08,pleasant,alpha_central,-0.11410368452017838,-0.11334254083553738,29
sub-08,pleasant,alpha_temporal,-0.2089820217579635,-0.20970063531343233,29
sub-08,pleasant,alpha_parietal,-0.14481430420504038,-0.14444123075958276,29
sub-08,pleasant,alpha_occipital,-0.04444301060085723,-0.042595324490437944,29
sub-08,pleasant,beta_frontal,-0.06017284019554264,-0.06436167789588336,29
sub-08,pleasant,beta_central,-0.24144040028667946,-0.24311379905916777,29
sub-08,pleasant,beta_temporal,0.1253392770878108,0.15705083549604382,29
sub-08,pleasant,beta_parietal,-0.06591547639677701,-0.0658674148100429,29
sub-08,pleasant,beta_occipital,0.22920608837970188,0.24226919579484213,29
sub-08,pleasant,gamma_frontal,0.13233031246322657,0.15811765374275408,29
sub-08,pleasant,gamma_central,0.16978228768866804,0.16938536601213483,29
sub-08,pleasant,gamma_temporal,0.22795768920552048,0.22761321345539715,29
sub-08,pleasant,gamma_parietal,0.22845704887519303,0.23208499577595773,29
sub-08,pleasant,gamma_occipital,0.010486553063123615,0.011690664354990233,29
sub-08,pleasant,faa,-0.05118436614143669,-0.04948208008442081,29
sub-08,energetic,delta_frontal,0.03574764018492513,0.184931748966818,30
sub-08,energetic,delta_central,-0.1907294979486828,-0.14609821079420315,30
sub-08,energetic,delta_temporal,0.012443798798549887,0.0972263997095141,30
sub-08,energetic,delta_parietal,0.03506888752318605,0.09095077418976331,30
sub-08,energetic,delta_occipital,0.07624654900202384,0.10300208445997433,30
sub-08,energetic,theta_frontal,0.3504626243446141,0.41409427747302663,30
sub-08,energetic,theta_central,0.22444088014839067,0.28384527693974887,30
sub-08,energetic,theta_temporal,0.11651920693187622,0.13835540125461743,30
sub-08,energetic,theta_parietal,0.06968527327187936,0.11745430591314365,30
sub-08,energetic,theta_occipital,0.30362869068461723,0.32114808586184435,30
sub-08,energetic,alpha_frontal,0.022172586950143434,-0.012196352971847008,30
sub-08,energetic,alpha_central,0.10339665547158725,0.06694847001964133,30
sub-08,energetic,alpha_temporal,-0.023756343160867967,-0.06593476919439137,30
sub-08,energetic,alpha_parietal,-0.06380275020347395,-0.0969913673228876,30
sub-08,energetic,alpha_occipital,-0.18281071689506015,-0.24125982056967726,30
sub-08,energetic,beta_frontal,-0.14050180097999052,-0.31703408013958134,30
sub-08,energetic,beta_central,-0.010860042587825355,-0.058867465001094736,30
sub-08,energetic,beta_temporal,0.2925423972095455,0.20879852285427938,30
sub-08,energetic,beta_parietal,0.04321391946405506,-0.08897995701628753,30
sub-08,energetic,beta_occipital,0.18145321157158198,0.1280648677049372,30
sub-08,energetic,gamma_frontal,-0.1961595192425955,-0.3736791581853477,30
sub-08,energetic,gamma_central,-0.10905292765274628,-0.11551347010713307,30
sub-08,energetic,gamma_temporal,-0.08077156674695107,-0.10692580661463735,30
sub-08,energetic,gamma_parietal,-0.19050324706143645,-0.2525590904855256,30
sub-08,energetic,gamma_occipital,-0.0918578602220228,-0.0989028253964065,30
sub-08,energetic,faa,0.13054676194115064,0.10960294142083438,30
sub-08,tense,delta_frontal,0.11935904362441782,0.004355500584674848,30
sub-08,tense,delta_central,-0.08002225900243455,-0.14500347978062772,30
sub-08,tense,delta_temporal,0.25939799687867826,0.17853535397453069,30
sub-08,tense,delta_parietal,-0.02090469125625397,-0.07653606457625509,30
sub-08,tense,delta_occipital,0.11486341109619115,0.09295974477504891,30
sub-08,tense,theta_frontal,0.26816448030872025,0.21512740881594816,30
sub-08,tense,theta_central,0.10969343368873051,0.08650294308962445,30
sub-08,tense,theta_temporal,0.16454015053309573,0.16308654893667449,30
sub-08,tense,theta_parietal,0.05574584335001058,0.00611955639165894,30
sub-08,tense,theta_occipital,0.28524788391598155,0.28411777273418204,30
sub-08,tense,alpha_frontal,0.09216046682864652,0.1186317537142577,30
sub-08,tense,alpha_central,0.06563623491210924,0.12037054452414855,30
sub-08,tense,alpha_temporal,-0.040011129501217275,-0.0011750930645345594,30
sub-08,tense,alpha_parietal,0.09395871983993719,0.13583046573656252,30
sub-08,tense,alpha_occipital,-0.12655205566958047,-0.07512699568942774,30
sub-08,tense,beta_frontal,-0.25625105410891963,-0.14674172274554587,30
sub-08,tense,beta_central,-0.05147499244819525,-0.05458521883652539,30
sub-08,tense,beta_temporal,-0.20882213093612834,-0.10346800265757958,30
sub-08,tense,beta_parietal,-0.027198576795771295,0.04859513416494972,30
sub-08,tense,beta_occipital,-0.22815335080750299,-0.20697325584298087,30
sub-08,tense,gamma_frontal,-0.24523675441476428,-0.10634843864592573,30
sub-08,tense,gamma_central,-0.13981417162784912,-0.15279865107069257,30
sub-08,tense,gamma_temporal,0.024051634026012632,0.046546330404579,30
sub-08,tense,gamma_parietal,0.08429310990424989,0.0863119881055688,30
sub-08,tense,gamma_occipital,-0.09530740959840518,-0.10566778702542938,30
sub-08,tense,faa,0.14970456318994776,0.19344280721211687,30
sub-08,angry,delta_frontal,0.1476085452645349,0.3549155288714233,28
sub-08,angry,delta_central,0.2133997825824419,0.3239285243861619,28
sub-08,angry,delta_temporal,0.25276206131965123,0.4416489507824601,28
sub-08,angry,delta_parietal,0.09812453770918607,0.2020463035892318,28
sub-08,angry,delta_occipital,0.29296781745837214,0.37716403148770467,28
sub-08,angry,theta_frontal,-0.16644620723162792,-0.07540073063882313,28
sub-08,angry,theta_central,0.013214479290348842,0.08368906688758397,28
sub-08,angry,theta_temporal,-0.14788970439837212,-0.10991858633852006,28
sub-08,angry,theta_parietal,-0.2665388588776745,-0.20066587821471654,28
sub-08,angry,theta_occipital,-0.32220836737744196,-0.3005846990529441,28
sub-08,angry,alpha_frontal,-0.19877950762290703,-0.25708488682033565,28
sub-08,angry,alpha_central,-0.14788970439837212,-0.2665144278224449,28
sub-08,angry,alpha_temporal,-0.05285791716139537,-0.14558437501961644,28
sub-08,angry,alpha_parietal,-0.09981149251220933,-0.17217432915094844,28
sub-08,angry,alpha_occipital,-0.13355058857267446,-0.26088236482719923,28
sub-08,angry,beta_frontal,0.12511581455755816,-0.06155335973093058,28
sub-08,angry,beta_central,-0.17881720912046517,-0.1595226408367464,28
sub-08,angry,beta_temporal,-0.1203361092823256,-0.3155947594521115,28
sub-08,angry,beta_parietal,0.27497363289279075,0.2011183407907631,28
sub-08,angry,beta_occipital,-0.11471292660558143,-0.19643078028090807,28
sub-08,angry,gamma_frontal,0.11133901699953491,-0.06394365191188174,28
sub-08,angry,gamma_central,0.04920284842151164,0.08311075711064034,28
sub-08,angry,gamma_temporal,-0.04835937102000001,-0.05119670690490145,28
sub-08,angry,gamma_parietal,0.13214479290348838,0.15413280423309017,28
sub-08,angry,gamma_occipital,-0.010402887951976745,0.024905972948674842,28
sub-08,angry,faa,-0.19315632494616283,-0.19279169843337884,28
sub-08,afraid,delta_frontal,-0.38671460224700777,-0.44098028596573563,35
sub-08,afraid,delta_central,-0.5107417322108718,-0.5340018115269829,35
sub-08,afraid,delta_temporal,-0.41100857615745545,-0.4355549999021123,35
sub-08,afraid,delta_parietal,-0.40830924572296123,-0.42521766544113654,35
sub-08,afraid,delta_occipital,-0.3136906104927969,-0.3185108950514042,35
sub-08,afraid,theta_frontal,0.05668593912437769,0.06283414854028076,35
sub-08,afraid,theta_central,-0.18994762057466913,-0.1955549064587733,35
sub-08,afraid,theta_temporal,-0.13070442103866536,-0.13246976117161763,35
sub-08,afraid,theta_parietal,-0.011791811898053506,-0.009527171552168407,35
sub-08,afraid,theta_occipital,0.08481580365226439,0.0896706268627382,35
sub-08,afraid,alpha_frontal,0.3483556960726168,0.3567616764480074,35
sub-08,afraid,alpha_central,0.3808897313094151,0.4016634819663404,35
sub-08,afraid,alpha_temporal,0.31283819035558824,0.323187810142638,35
sub-08,afraid,alpha_parietal,0.3362797441288271,0.350197799611443,35
sub-08,afraid,alpha_occipital,0.22461270615448908,0.24334550876167887,35
sub-08,afraid,beta_frontal,0.2801620850959219,0.32734234104226834,35
sub-08,afraid,beta_central,0.20131322240411834,0.20166800443733177,35
sub-08,afraid,beta_temporal,0.3656882388625268,0.404846591459409,35
sub-08,afraid,beta_parietal,0.2781731047757683,0.29232780530653596,35
sub-08,afraid,beta_occipital,0.029692634779435935,0.028228356079370458,35
sub-08,afraid,gamma_frontal,0.0839633835150557,0.09133899860338715,35
sub-08,afraid,gamma_central,-0.22859066679479628,-0.22993288749305593,35
sub-08,afraid,gamma_temporal,-0.16863711714445198,-0.16837504464297745,35
sub-08,afraid,gamma_parietal,-0.06364737024491532,-0.0631747031319832,35
sub-08,afraid,gamma_occipital,0.012644232035262194,0.013120707665182967,35
sub-08,afraid,faa,0.16579571668708964,0.166065066213885,35
sub-08,happy,delta_frontal,0.06492390316926083,-0.05155691411588349,26
sub-08,happy,delta_central,-0.04904577467677857,-0.14953576658780404,26
sub-08,happy,delta_temporal,0.014113891993317572,-0.06881478468215883,26
sub-08,happy,delta_parietal,-0.10832412104871238,-0.2061763285898029,26
sub-08,happy,delta_occipital,-0.031050562385298658,-0.09520836304040138,26
sub-08,happy,theta_frontal,-0.19230177840895193,-0.33363048889939295,26
sub-08,happy,theta_central,0.09950293855288889,0.03164948541960438,26
sub-08,happy,theta_temporal,-0.21064983800026477,-0.2622506832395143,26
sub-08,happy,theta_parietal,-0.22158810429508588,-0.3585460318801141,26
sub-08,happy,theta_occipital,-0.45658440598382344,-0.5429238829654427,26
sub-08,happy,alpha_frontal,0.09315168715589597,0.14439932691494084,26
sub-08,happy,alpha_central,0.0038813202981623322,0.08460194887826156,26
sub-08,happy,alpha_temporal,-0.08327196276057368,-0.049421748428182956,26
sub-08,happy,alpha_parietal,0.08997606145739953,0.16814967382923143,26
sub-08,happy,alpha_occipital,0.1563113538259921,0.24500662796023814,26
sub-08,happy,beta_frontal,-0.19759448790644601,-0.11517476389316711,26
sub-08,happy,beta_central,0.011291113594654057,0.014096612743550532,26
sub-08,happy,beta_temporal,0.025405005587971628,0.09421203782399379,26
sub-08,happy,beta_parietal,0.01093826629482112,0.056222270121880434,26
sub-08,happy,beta_occipital,0.0592783463719338,0.13339496822028232,26
sub-08,happy,gamma_frontal,-0.24205324768539638,-0.15763643984587736,26
sub-08,happy,gamma_central,-0.0924459925562301,-0.07987442574096441,26
sub-08,happy,gamma_temporal,-0.03916605028145626,-0.0039792043985743195,26
sub-08,happy,gamma_parietal,0.016230975792315208,0.05089758316725724,26
sub-08,happy,gamma_occipital,-0.14502024023133805,-0.1038836005106378,26
sub-08,happy,faa,-0.29145186966200787,-0.24345999757806597,26
sub-08,sad,delta_frontal,0.17640855346025205,0.07519899700741396,29
sub-08,sad,delta_central,0.22336622596406017,0.19639296107512175,29
sub-08,sad,delta_temporal,0.2880916664422822,0.22544513789993936,29
sub-08,sad,delta_parietal,0.22717360481572024,0.20770427192258956,29
sub-08,sad,delta_occipital,0.2144823419768532,0.16174308934782536,29
sub-08,sad,theta_frontal,0.44064064576546413,0.39780335691336316,29
sub-08,sad,theta_central,0.48074503633628396,0.4930819163356196,29
sub-08,sad,theta_temporal,0.30611325967347336,0.31674121293316554,29
sub-08,sad,theta_parietal,0.513488494460561,0.5109268651713413,29
sub-08,sad,theta_occipital,0.2649935680755441,0.2608925106885081,29
sub-08,sad,alpha_frontal,-0.317027745714899,-0.3153110891222291,29
sub-08,sad,alpha_central,-0.2561096840883372,-0.25341543417928664,29
sub-08,sad,alpha_temporal,-0.21981267236917737,-0.2101759408339671,29
sub-08,sad,alpha_parietal,-0.31550479417423494,-0.3146749105492349,29
sub-08,sad,alpha_occipital,-0.3888602933828865,-0.3427438743073601,29
sub-08,sad,beta_frontal,0.21727441980140397,0.3614914503084527,29
sub-08,sad,beta_central,-0.05508008072068302,-0.02975992060808454,29
sub-08,sad,beta_temporal,-0.14518804687663908,-0.03479719278148623,29
sub-08,sad,beta_parietal,0.28276133604995796,0.38511233290218655,29
sub-08,sad,beta_occipital,-0.11472901606335817,-0.01300997854114002,29
sub-08,sad,gamma_frontal,0.09340769449406153,0.29556682903692477,29
sub-08,sad,gamma_central,0.13173530826744004,0.17732473066987842,29
sub-08,sad,gamma_temporal,0.025636350934511446,0.08019924237093538,29
sub-08,sad,gamma_parietal,0.18300801013646292,0.2944441849243768,29
sub-08,sad,gamma_occipital,0.15534105714773275,0.20998600723475555,29
sub-08,sad,faa,-0.10381453002193249,-0.07949392941490256,29
sub-08,tender,delta_frontal,0.1319123778629135,0.16181103862331922,28
sub-08,tender,delta_central,0.27003904333393,0.2863576228536786,28
sub-08,tender,delta_temporal,0.11665912646120616,0.138132586095777,28
sub-08,tender,delta_parietal,0.41212025546464837,0.422350002235446,28
sub-08,tender,delta_occipital,0.24659423099426866,0.25541235176894495,28
sub-08,tender,theta_frontal,0.18558122538743935,0.1917039243089934,28
sub-08,tender,theta_central,0.3302046460851089,0.32988731493649376,28
sub-08,tender,theta_temporal,0.2875520356840384,0.2879655899659449,28
sub-08,tender,theta_parietal,0.23586046148936354,0.24206849698968588,28
sub-08,tender,theta_occipital,0.1595942044808268,0.16031075076747633,28
sub-08,tender,alpha_frontal,-0.35929881079577297,-0.3625806789093669,28
sub-08,tender,alpha_central,-0.490363785803036,-0.5012660174950414,28
sub-08,tender,alpha_temporal,-0.43019818305185703,-0.4397568470674169,28
sub-08,tender,alpha_parietal,-0.4499709163503666,-0.45303258467621493,28
sub-08,tender,alpha_occipital,-0.3621234869812743,-0.37217423404484157,28
sub-08,tender,beta_frontal,-0.1485779673573715,-0.18141434117594896,28
sub-08,tender,beta_central,0.24574682813861828,0.24575050667176104,28
sub-08,tender,beta_temporal,0.10423055124500018,0.10750399469788803,28
sub-08,tender,beta_parietal,-0.035308452318767,-0.05161518595233398,28
sub-08,tender,beta_occipital,-0.03982793421556917,-0.04672221029376686,28
sub-08,tender,gamma_frontal,0.292918920436491,0.32851102396745374,28
sub-08,tender,gamma_central,0.37878907647573234,0.378725964498145,28
sub-08,tender,gamma_temporal,0.35986374603287324,0.3594038903741718,28
sub-08,tender,gamma_parietal,0.2279513681699597,0.2271911970640843,28
sub-08,tender,gamma_occipital,0.22230201579895698,0.22281668944993435,28
sub-08,tender,faa,0.26975657571537986,0.26929223180407147,28
sub-09,pleasant,delta_frontal,0.20330165958887395,0.22397615232114926,32
sub-09,pleasant,delta_central,0.04984303149635669,0.07454296914515034,32
sub-09,pleasant,delta_temporal,0.11974736612610175,0.1845131948482071,32
sub-09,pleasant,delta_parietal,0.16710858692554437,0.16747315541163094,32
sub-09,pleasant,delta_occipital,0.23825382690374644,0.2579402081886066,32
sub-09,pleasant,theta_frontal,0.023370384062607077,0.05640322820160402,32
sub-09,pleasant,theta_central,-0.02068175580761688,-0.08747201450093217,32
sub-09,pleasant,theta_temporal,-0.0024818106969140257,-0.02997035391914707,32
sub-09,pleasant,theta_parietal,-0.19978576110157906,-0.13102419070328536,32
sub-09,pleasant,theta_occipital,-0.039502153592548245,0.027701645722537305,32
sub-09,pleasant,alpha_frontal,-0.14622001355985134,-0.13818853047348262,32
sub-09,pleasant,alpha_central,0.21633116574767258,0.21863404335061015,32
sub-09,pleasant,alpha_temporal,0.06163163230669831,0.0757200133914655,32
sub-09,pleasant,alpha_parietal,-0.22315614516418614,-0.2509221839511448,32
sub-09,pleasant,alpha_occipital,-0.03495216731487253,-0.014186975716578967,32
sub-09,pleasant,beta_frontal,-0.21550389551536786,-0.25132663790955895,32
sub-09,pleasant,beta_central,-0.20909255121500664,-0.2467845541590848,32
sub-09,pleasant,beta_temporal,-0.18117218087472386,-0.22825499746908262,32
sub-09,pleasant,beta_parietal,-0.10402923171231292,-0.14722916828313082,32
sub-09,pleasant,beta_occipital,-0.29967864165236857,-0.3559494496463353,32
sub-09,pleasant,gamma_frontal,-0.11437010961612136,-0.11248649060319216,32
sub-09,pleasant,gamma_central,-0.15097681739560323,-0.1686426501201944,32
sub-09,pleasant,gamma_temporal,-0.16566086401901123,-0.2544072520598934,32
sub-09,pleasant,gamma_parietal,0.09368835380850447,0.08515076022584882,32
sub-09,pleasant,gamma_occipital,-0.041983964289462265,-0.03185343345076502,32
sub-09,pleasant,faa,-0.23018794213877586,-0.25862207240780916,32
sub-09,energetic,delta_frontal,-0.07384638758958267,-0.11356534954102039,30
sub-09,energetic,delta_central,0.04502158945981991,0.0222377853493992,30
sub-09,energetic,delta_temporal,-0.06066933701597684,-0.12691087269621984,30
sub-09,energetic,delta_parietal,0.035687845303515785,0.01192437098292234,30
sub-09,energetic,delta_occipital,-0.09937692307594395,-0.13621467386918368,30
sub-09,energetic,theta_frontal,0.09031770080658995,0.04529881525134079,30
sub-09,energetic,theta_central,-0.16608574160482348,-0.13581189621508305,30
sub-09,energetic,theta_temporal,-0.08784700382403887,-0.09534125791281427,30
sub-09,energetic,theta_parietal,0.2704040586458696,0.23335403095117277,30
sub-09,energetic,theta_occipital,0.1303978963013077,0.07882363849548849,30
sub-09,energetic,alpha_frontal,0.08098395665028582,0.08440214743499748,30
sub-09,energetic,alpha_central,-0.1372609434750607,-0.13968783737137117,30
sub-09,energetic,alpha_temporal,-0.10678901402359724,-0.09293962698835148,30
sub-09,energetic,alpha_parietal,-0.1229858053536544,-0.09109216610117161,30
sub-09,energetic,alpha_occipital,-0.06561073098107902,-0.060345528691254965,30
sub-09,energetic,beta_frontal,0.016471313217007285,0.07156259935754483,30
sub-09,energetic,beta_central,-0.004392350191201943,0.02451194380087793,30
sub-09,energetic,beta_temporal,0.032668104547064446,0.09246040547419682,30
sub-09,energetic,beta_parietal,-0.05051202719882234,-0.0019565845059419606,30
sub-09,energetic,beta_occipital,0.0590222056942761,0.12492460017047592,30
sub-09,energetic,gamma_frontal,0.08784700382403887,0.12004026726090018,30
sub-09,energetic,gamma_central,0.21330350616024435,0.23959928328808297,30
sub-09,energetic,gamma_temporal,0.2050678495517407,0.29608548787362765,30
sub-09,energetic,gamma_parietal,-0.1806354016131799,-0.17300328730894893,30
sub-09,energetic,gamma_occipital,0.1715761793438259,0.17065509703950948,30
sub-09,energetic,faa,0.21467611559499494,0.2376624481009291,30
sub-09,tense,delta_frontal,0.11332953619667628,0.13030283257529307,29
sub-09,tense,delta_central,0.06095965272192856,0.06540326202433779,29
sub-09,tense,delta_temporal,-0.053201151466410385,-0.033307946207167496,29
sub-09,tense,delta_parietal,0.06511599268024187,0.07658657999943877,29
sub-09,tense,delta_occipital,0.14630316653262856,0.1636034481542726,29
sub-09,tense,theta_frontal,0.3167131048234743,0.32128337436327664,29
sub-09,tense,theta_central,0.29038961842082334,0.2816991567793299,29
sub-09,tense,theta_temporal,0.06788688598578409,0.053505394243329285,29
sub-09,tense,theta_parietal,0.09864380167730258,0.1134205806425694,29
sub-09,tense,theta_occipital,0.22749034038501523,0.2557516758300491,29
sub-09,tense,alpha_frontal,-0.14214682657431524,-0.15086683570814677,29
sub-09,tense,alpha_central,-0.1814935115130146,-0.18684862336115793,29
sub-09,tense,alpha_temporal,-0.2599097920598591,-0.26739267991664795,29
sub-09,tense,alpha_parietal,0.004156339958313311,-0.007308657180209257,29
sub-09,tense,alpha_occipital,-0.23801973494607562,-0.23427969115570033,29
sub-09,tense,beta_frontal,-0.14851988117706233,-0.17587685273776402,29
sub-09,tense,beta_central,-0.027986022385976295,-0.039793260991085676,29
sub-09,tense,beta_temporal,0.18093933285190614,0.16970725445178936,29
sub-09,tense,beta_parietal,-0.1831560474963399,-0.21624308049360558,29
sub-09,tense,beta_occipital,-0.15683256109368893,-0.19178656287265813,29
sub-09,tense,gamma_frontal,-0.06179092071359123,-0.061669783671831416,29
sub-09,tense,gamma_central,0.21502132051007528,0.22708225786655717,29
sub-09,tense,gamma_temporal,0.2701620972903652,0.26532716152135055,29
sub-09,tense,gamma_parietal,0.035190344980386035,0.0358501959026725,29
sub-09,tense,gamma_occipital,-0.10307723096617012,-0.09832498945447853,29
sub-09,tense,faa,0.14768861318539964,0.15009524763709514,29
sub-09,angry,delta_frontal,0.04814229218201206,0.06172243114832069,34
sub-09,angry,delta_central,0.1082796335945591,0.11638560021608511,34
sub-09,angry,delta_temporal,0.09304267916658224,0.12387042025734137,34
sub-09,angry,delta_parietal,0.13129716049639653,0.13945858210999335,34
sub-09,angry,delta_occipital,0.06483810394883778,0.07714682702784192,34
sub-09,angry,theta_frontal,0.0761847721398844,0.09606989051908797,34
sub-09,angry,theta_central,0.14458897180590827,0.1335500386836032,34
sub-09,angry,theta_temporal,-0.024800574760430457,-0.03575911038322154,34
sub-09,angry,theta_parietal,0.0074563819541163465,0.04383649910275309,34
sub-09,angry,theta_occipital,0.012319239750279182,0.044866870674520797,34
sub-09,angry,alpha_frontal,0.021558669562988565,0.015572930084839436,34
sub-09,angry,alpha_central,0.1638783077306875,0.15753477540262434,34
sub-09,angry,alpha_temporal,-0.03128438515531423,-0.03774693102408737,34
sub-09,angry,alpha_parietal,0.06921467596538435,0.05339563996906394,34
sub-09,angry,alpha_occipital,0.002755619417825606,0.003267792848795391,34
sub-09,angry,beta_frontal,-0.0235038126814537,-0.0426428457442074,34
sub-09,angry,beta_central,-0.11071106249264052,-0.1219323978079733,34
sub-09,angry,beta_temporal,-0.07796781999847745,-0.09912585365457027,34
sub-09,angry,beta_parietal,-0.12351658802253597,-0.1485098070454623,34
sub-09,angry,beta_occipital,-0.08477582091310541,-0.1085928773094453,34
sub-09,angry,gamma_frontal,-0.1231923975027918,-0.12864505068457863,34
sub-09,angry,gamma_central,-0.2491404144234092,-0.26212507271829133,34
sub-09,angry,gamma_temporal,-0.21056174257385074,-0.25075426962478586,34
sub-09,angry,gamma_parietal,-0.135511637253071,-0.148451252449729,34
sub-09,angry,gamma_occipital,-0.033715814053395646,-0.03435295119529774,34
sub-09,angry,faa,-0.10698287151558236,-0.11129660637213988,34
sub-09,afraid,delta_frontal,0.12590025195066443,0.11866383950878039,28
sub-09,afraid,delta_central,-0.025865645821547396,-0.03915273707256481,28
sub-09,afraid,delta_temporal,-0.06793627456743775,-0.09974112061216131,28
sub-09,afraid,delta_parietal,0.0707409831504971,0.05115799343481826,28
sub-09,afraid,delta_occipital,-0.03895428587582439,-0.05682016404083847,28
sub-09,afraid,theta_frontal,0.40761764740462647,0.397417475395979,28
sub-09,afraid,theta_central,-0.039577554449837585,0.01343505774694813,28
sub-09,afraid,theta_temporal,0.09722989754605768,0.11926455181775204,28
sub-09,afraid,theta_parietal,0.25678665249343435,0.22312487276367238,28
sub-09,afraid,theta_occipital,0.48739602487831485,0.471435551743053,28
sub-09,afraid,alpha_frontal,-0.1414819663009942,-0.14205043148164884,28
sub-09,afraid,alpha_central,-0.38798468732321095,-0.3730468551068418,28
sub-09,afraid,alpha_temporal,-0.20848333800741214,-0.2134498571383787,28
sub-09,afraid,alpha_parietal,0.07229915458553007,0.11895470085401187,28
sub-09,afraid,alpha_occipital,-0.17077558927961414,-0.1743390852890434,28
sub-09,afraid,beta_frontal,-0.16298473210444925,-0.1438102516174945,28
sub-09,afraid,beta_central,0.13337947483882273,0.14588294576810942,28
sub-09,afraid,beta_temporal,0.14459830917106015,0.17425033727559738,28
sub-09,afraid,beta_parietal,-0.16547780640050203,-0.13555791712860757,28
sub-09,afraid,beta_occipital,-0.03427977157072546,0.0017095900175796571,28
sub-09,afraid,gamma_frontal,0.031163428700659513,0.02634242438752801,28
sub-09,afraid,gamma_central,0.19664123510116155,0.21317290798320188,28
sub-09,afraid,gamma_temporal,0.23902349813405846,0.2798348598722511,28
sub-09,afraid,gamma_parietal,-0.03365650299671227,-0.024771325481433307,28
sub-09,afraid,gamma_occipital,0.16298473210444925,0.16306652173094194,28
sub-09,afraid,faa,0.0632617602623388,0.06605768928188682,28
sub-09,happy,delta_frontal,-0.060277751071549465,-0.044369337110513184,26
sub-09,happy,delta_central,0.08049513341852878,0.09236071666010655,26
sub-09,happy,delta_temporal,-0.008985503265324143,0.01625282820064367,26
sub-09,happy,delta_parietal,0.030326073520468986,0.049368215481431686,26
sub-09,happy,delta_occipital,-0.17559170964320933,-0.16832514873040527,26
sub-09,happy,theta_frontal,-0.060277751071549465,-0.0450599864716058,26
sub-09,happy,theta_central,-0.17147335397993574,-0.18559375259203328,26
sub-09,happy,theta_temporal,-0.07413040193892419,-0.08281910641164328,26
sub-09,happy,theta_parietal,-0.10258449561245066,-0.09709947201700889,26
sub-09,happy,theta_occipital,-0.020217382346979326,0.008229294492482801,26
sub-09,happy,alpha_frontal,-0.1007125157655081,-0.09903948865491546,26
sub-09,happy,alpha_central,-0.26582113826583925,-0.2907577978783899,26
sub-09,happy,alpha_temporal,0.033321241275577035,0.021083319776194,26
sub-09,happy,alpha_parietal,-0.22463758163310357,-0.24376693508600136,26
sub-09,happy,alpha_occipital,-0.012729462959209206,-0.003535451561919405,26
sub-09,happy,beta_frontal,0.10782603918388971,0.0875569777376704,26
sub-09,happy,beta_central,0.0819927172960828,0.06324755145738668,26
sub-09,happy,beta_temporal,0.004118355663273566,-0.018863841953080378,26
sub-09,happy,beta_parietal,0.11156999887777477,0.08992865530035328,26
sub-09,happy,beta_occipital,0.17634050158198633,0.16022025767716036,26
sub-09,happy,gamma_frontal,0.06402171076543452,0.056269561958067364,26
sub-09,happy,gamma_central,-0.26432355438828525,-0.2548921020886836,26
sub-09,happy,gamma_temporal,-0.11681154244921386,-0.12116791839287319,26
sub-09,happy,gamma_parietal,-0.04342993244906669,-0.038935959548287054,26
sub-09,happy,gamma_occipital,0.010857483112266673,0.012160942781387062,26
sub-09,happy,faa,0.04043476469395865,0.05046601440958426,26
sub-09,sad,delta_frontal,0.24917045258269288,0.24369471039644472,28
sub-09,sad,delta_central,0.16258867728207546,0.1699999459565532,28
sub-09,sad,delta_temporal,0.25049231174758785,0.24230067119538373,28
sub-09,sad,delta_parietal,0.04031670452929513,0.03700818125097457,28
sub-09,sad,delta_occipital,-0.02114974663831876,-0.02675415083780096,28
sub-09,sad,theta_frontal,0.0204888170558713,0.008211535328885891,28
sub-09,sad,theta_central,-0.05221343701334943,-0.03703830775400281,28
sub-09,sad,theta_temporal,0.06411016949740374,0.07365055151644297,28
sub-09,sad,theta_parietal,0.1209501135878854,0.106943127856174,28
sub-09,sad,theta_occipital,0.09781757820222425,0.07324315447530984,28
sub-09,sad,alpha_frontal,-0.0733631836516682,-0.06618405483565416,28
sub-09,sad,alpha_central,-0.13020312774214984,-0.12285614446378543,28
sub-09,sad,alpha_temporal,-0.136151493984177,-0.1314136564278739,28
sub-09,sad,alpha_parietal,-0.13549056440172955,-0.12735652179339169,28
sub-09,sad,alpha_occipital,0.04626507077132228,0.04358322759761259,28
sub-09,sad,beta_frontal,-0.2901480866944355,-0.28260999379437207,28
sub-09,sad,beta_central,-0.24123929759332335,-0.2427970907855098,28
sub-09,sad,beta_temporal,-0.3337694391359679,-0.33085567239914915,28
sub-09,sad,beta_parietal,-0.14408264897354656,-0.13498310026040528,28
sub-09,sad,beta_occipital,-0.0495697186835596,-0.033503275684566104,28
sub-09,sad,gamma_frontal,-0.13086405732459733,-0.1307680451384833,28
sub-09,sad,gamma_central,-0.003965577494684767,-0.01697948616533229,28
sub-09,sad,gamma_temporal,-0.10178315569690902,-0.09647471785592421,28
sub-09,sad,gamma_parietal,-0.07204132448677328,-0.07237754510586379,28
sub-09,sad,gamma_occipital,-0.04229949327663752,-0.04623497427622599,28
sub-09,sad,faa,0.14804822646823132,0.15196827728776877,28
sub-09,tender,delta_frontal,0.322166482617445,0.31961968934533413,33
sub-09,tender,delta_central,0.4330762553218114,0.4311180258256597,33
sub-09,tender,delta_temporal,0.3774453217113673,0.38130095551916027,33
sub-09,tender,delta_parietal,0.3973386618948489,0.3952039470028116,33
sub-09,tender,delta_occipital,0.3218143881009232,0.3191565915386286,33
sub-09,tender,theta_frontal,-0.22481234879916792,-0.23066309710096047,33
sub-09,tender,theta_central,-0.06232072942435822,-0.05253389540093642,33
sub-09,tender,theta_temporal,-0.4307876409644197,-0.4291037523619098,33
sub-09,tender,theta_parietal,-0.27586605369482864,-0.3041262817856833,33
sub-09,tender,theta_occipital,-0.05791954796783575,-0.07107440485382267,33
sub-09,tender,alpha_frontal,0.006689795813914159,0.009403294652595004,33
sub-09,tender,alpha_central,-0.22146745089221084,-0.21953316302511933,33
sub-09,tender,alpha_temporal,-0.19963759086785937,-0.19643390178144535,33
sub-09,tender,alpha_parietal,0.052286035703486985,0.0634082094526131,33
sub-09,tender,alpha_occipital,0.056687217160009455,0.05685492121341831,33
sub-09,tender,beta_frontal,-0.26512717094091376,-0.26225038280984087,33
sub-09,tender,beta_central,-0.407549402873981,-0.40616743229413305,33
sub-09,tender,beta_temporal,-0.2153057968530794,-0.21058449200646862,33
sub-09,tender,beta_parietal,-0.38536744833310776,-0.386494760462322,33
sub-09,tender,beta_occipital,-0.3637136355670172,-0.3665849481916793,33
sub-09,tender,gamma_frontal,-0.2904779761304832,-0.28837331784361137,33
sub-09,tender,gamma_central,-0.14083780660871914,-0.1438870219288836,33
sub-09,tender,gamma_temporal,0.02182986002435147,0.03115146095489268,33
sub-09,tender,gamma_parietal,-0.12393726981567284,-0.12131572265333937,33
sub-09,tender,gamma_occipital,-0.17340654938698544,-0.17417202230534215,33
sub-09,tender,faa,0.28836540903135244,0.2906148173266598,33
sub-10,pleasant,delta_frontal,0.22044716431263234,0.22611872007668712,29
sub-10,pleasant,delta_central,0.0027587244680761726,0.0033924539869526938,29
sub-10,pleasant,delta_temporal,0.2417645806568573,0.25951550890761654,29
sub-10,pleasant,delta_parietal,0.16577426121803182,0.16714509173306266,29
sub-10,pleasant,delta_occipital,0.09153949371343663,0.0987797688402523,29
sub-10,pleasant,theta_frontal,-0.07072366363613461,-0.055975003263667084,29
sub-10,pleasant,theta_central,0.2859041721460761,0.29824330283354045,29
sub-10,pleasant,theta_temporal,-0.003511103868460583,0.017214430397982303,29
sub-10,pleasant,theta_parietal,0.047650695357679344,0.05228592193243519,29
sub-10,pleasant,theta_occipital,-0.10106963278497251,-0.0905807870024454,29
sub-10,pleasant,alpha_frontal,-0.25380265106300787,-0.282631745751716,29
sub-10,pleasant,alpha_central,0.0117872772726891,-0.022218595516518322,29
sub-10,pleasant,alpha_temporal,-0.2706057910049264,-0.3245967675804626,29
sub-10,pleasant,alpha_parietal,-0.24627885705916377,-0.25320167675534694,29
sub-10,pleasant,alpha_occipital,-0.08526966537689988,-0.10892810232602738,29
sub-10,pleasant,beta_frontal,-0.3014533464206872,-0.322866986229571,29
sub-10,pleasant,beta_central,-0.15549174274611152,-0.18135397990490112,29
sub-10,pleasant,beta_temporal,-0.3348088331710627,-0.3523532888478796,29
sub-10,pleasant,beta_parietal,-0.2956851043510734,-0.2995836223598375,29
sub-10,pleasant,beta_occipital,-0.18934881576341,-0.2058702632309204,29
sub-10,pleasant,gamma_frontal,-0.04915545415844817,-0.04691156874656442,29
sub-10,pleasant,gamma_central,0.08953314864574487,0.10116368434591536,29
sub-10,pleasant,gamma_temporal,-0.18057105609225854,-0.174482572625585,29
sub-10,pleasant,gamma_parietal,-0.06119352456459873,-0.06623234901461628,29
sub-10,pleasant,gamma_occipital,-0.10232359845227985,-0.09541060376194166,29
sub-10,pleasant,faa,0.1549901564791886,0.16535629973182414,29
sub-10,energetic,delta_frontal,-0.1218211240850499,-0.133564301800582,30
sub-10,energetic,delta_central,0.03464429736991195,0.018368469624059868,30
sub-10,energetic,delta_temporal,-0.1089144250648866,-0.12629771233552298,30
sub-10,energetic,delta_parietal,-0.062495595255527454,-0.0740611326963688,30
sub-10,energetic,delta_occipital,-0.028530597834045143,-0.047444865631838425,30
sub-10,energetic,theta_frontal,0.07970452728241181,0.07447446536965767,30
sub-10,energetic,theta_central,0.20016705147060243,0.20082839508579678,30
sub-10,energetic,theta_temporal,0.10823512511645696,0.09366228365354268,30
sub-10,energetic,theta_parietal,0.13336922320835387,0.13725261999210714,30
sub-10,energetic,theta_occipital,-0.019246831872173308,-0.0008353798961455666,30
sub-10,energetic,alpha_frontal,0.05479686250665813,0.08291770294260015,30
sub-10,energetic,alpha_central,-0.09510199278015047,-0.07454772002752523,30
sub-10,energetic,alpha_temporal,-0.057740495616519914,-0.030837460071175504,30
sub-10,energetic,alpha_parietal,0.018114665291457232,0.03142813072423979,30
sub-10,energetic,alpha_occipital,-0.1116316248586052,-0.07436430074600996,30
sub-10,energetic,beta_frontal,0.24907664775753696,0.2642706869952178,30
sub-10,energetic,beta_central,-0.08672396008285149,-0.060731265422104976,30
sub-10,energetic,beta_temporal,0.1480873887576629,0.16336185286711188,30
sub-10,energetic,beta_parietal,0.13268992325992424,0.14045887753416592,30
sub-10,energetic,beta_occipital,0.10936729169717303,0.12108284420443075,30
sub-10,energetic,gamma_frontal,0.12114182413662022,0.12294570379059881,30
sub-10,energetic,gamma_central,-0.001132166580716077,0.007065055548547478,30
sub-10,energetic,gamma_temporal,0.09804562589001227,0.10468266371843679,30
sub-10,energetic,gamma_parietal,0.030568497679334075,0.04164288646243968,30
sub-10,energetic,gamma_occipital,0.23322631562751187,0.22650588867803262,30
sub-10,energetic,faa,-0.16937212047512512,-0.15174544167681744,30
sub-10,tense,delta_frontal,-0.006993691039471801,0.0002993531296016343,29
sub-10,tense,delta_central,-0.06294321935524622,-0.055872656742339634,29
sub-10,tense,delta_temporal,-0.017234452918698365,-0.010680025918428003,29
sub-10,tense,delta_parietal,-0.03671687795722695,-0.035886455923891114,29
sub-10,tense,delta_occipital,0.043460794316717614,0.04883444747311081,29
sub-10,tense,theta_frontal,-0.02697566543796266,-0.020155755322651108,29
sub-10,tense,theta_central,0.15760782306809665,0.16510434269631727,29
sub-10,tense,theta_temporal,0.10865198579179404,0.117560953148475,29
sub-10,tense,theta_parietal,0.10715333771190723,0.11009340495419476,29
sub-10,tense,theta_occipital,-0.03147160967762311,-0.027800443916597962,29
sub-10,tense,alpha_frontal,0.07493240399434073,0.07282933768060271,29
sub-10,tense,alpha_central,0.17659069874666297,0.1721691979035222,29
sub-10,tense,alpha_temporal,0.048706062596321466,0.04515220855996832,29
sub-10,tense,alpha_parietal,0.08167632035383138,0.09281847251077437,29
sub-10,tense,alpha_occipital,-0.06244366999528394,-0.0666350016544104,29
sub-10,tense,beta_frontal,-0.012988283359019057,-0.02393697859068181,29
sub-10,tense,beta_central,0.012488733999056785,5.524744267744051e-05,29
sub-10,tense,beta_temporal,0.08192609503381251,0.07461484316204868,29
sub-10,tense,beta_parietal,-0.07792970015411435,-0.08310843099639245,29
sub-10,tense,beta_occipital,-0.021730397158358807,-0.0326150553662593,29
sub-10,tense,gamma_frontal,0.018982875678566314,0.012791007606405414,29
sub-10,tense,gamma_central,0.0971623505126618,0.09050354847354954,29
sub-10,tense,gamma_temporal,-0.10465559091209586,-0.11218670849679126,29
sub-10,tense,gamma_parietal,0.019482425038528588,0.013713841146578767,29
sub-10,tense,gamma_occipital,-0.023229045238245625,-0.01895912347203811,29
sub-10,tense,faa,0.07568172803428413,0.06635390676564058,29
sub-10,angry,delta_frontal,-0.001436865875440406,-0.0014890100579545793,31
sub-10,angry,delta_central,0.10838074031893348,0.10920877231781043,31
sub-10,angry,delta_temporal,0.09339628190362638,0.09475068617734439,31
sub-10,angry,delta_parietal,0.0010263327681717183,0.001024598899713576,31
sub-10,angry,delta_occipital,0.0732801596474607,0.07343688747476632,31
sub-10,angry,theta_frontal,0.027710984740636397,0.028032295250296064,31
sub-10,angry,theta_central,0.048237640104070764,0.04895915611610519,31
sub-10,angry,theta_temporal,0.006157996609030311,0.006197710828094088,31
sub-10,angry,theta_parietal,0.09688581331541023,0.09753672808106281,31
sub-10,angry,theta_occipital,-0.1412233889004285,-0.14151040463197767,31
sub-10,angry,alpha_frontal,-0.1568236469766386,-0.15796243086335396,31
sub-10,angry,alpha_central,-0.09811741263721628,-0.09995841080007822,31
sub-10,angry,alpha_temporal,-0.29907336864523876,-0.30474068131941756,31
sub-10,angry,alpha_parietal,-0.10386487613897792,-0.10397235401867175,31
sub-10,angry,alpha_occipital,-0.07369069275472939,-0.07580097213327695,31
sub-10,angry,beta_frontal,-0.10201747715626883,-0.10342097957479875,31
sub-10,angry,beta_central,-0.13362852641595777,-0.13985051887649189,31
sub-10,angry,beta_temporal,-0.02668465197246468,-0.026908052362197222,31
sub-10,angry,beta_parietal,-0.06260629885847482,-0.06260565907158379,31
sub-10,angry,beta_occipital,-0.11433347037432945,-0.11480428065840677,31
sub-10,angry,gamma_frontal,0.046390241121361676,0.04640109421343809,31
sub-10,angry,gamma_central,-0.11433347037432945,-0.11680078204243577,31
sub-10,angry,gamma_temporal,-0.06137469953666876,-0.06225308016404907,31
sub-10,angry,gamma_parietal,-0.06301683196574352,-0.06320738771135549,31
sub-10,angry,gamma_occipital,-0.0010263327681717183,-0.0011229173136966684,31
sub-10,angry,faa,0.20670341950978408,0.2090838010960124,31
sub-10,afraid,delta_frontal,-0.0538574522338034,0.012447274481284937,34
sub-10,afraid,delta_central,0.0540191863245956,0.13377877797010823,34
sub-10,afraid,delta_temporal,-0.06113548631945251,0.02760074730856047,34
sub-10,afraid,delta_parietal,0.02555398634516798,0.09355905567348476,34
sub-10,afraid,delta_occipital,0.014556068171298217,0.09446460211921773,34
sub-10,afraid,theta_frontal,-0.2817407861600166,-0.28621593659201716,34
sub-10,afraid,theta_central,-0.23952818846325177,-0.2444642056255831,34
sub-10,afraid,theta_temporal,0.03218508406764828,0.03524432583585636,34
sub-10,afraid,theta_parietal,-0.19149316349796766,-0.2170953613094943,34
sub-10,afraid,theta_occipital,-0.31958656340539193,-0.37108318729616596,34
sub-10,afraid,alpha_frontal,-0.07698542721708834,-0.15454028410709075,34
sub-10,afraid,alpha_central,-0.04091872497042721,-0.1471270712346945,34
sub-10,afraid,alpha_temporal,-0.08765987720937371,-0.18701544403699324,34
sub-10,afraid,alpha_parietal,-0.17968657487013684,-0.23373840498273363,34
sub-10,afraid,alpha_occipital,-0.07763236358025716,-0.15532376530972786,34
sub-10,afraid,beta_frontal,0.08410172721194525,0.006282140822020189,34
sub-10,afraid,beta_central,-0.04318300224151804,-0.15658488963398257,34
sub-10,afraid,beta_temporal,-0.011806588627830775,-0.10624991337936023,34
sub-10,afraid,beta_parietal,0.05628346359568643,0.003548605200400708,34
sub-10,afraid,beta_occipital,0.15267698170783905,0.08977982649988846,34
sub-10,afraid,gamma_frontal,0.005013756814558274,-0.0465660543278117,34
sub-10,afraid,gamma_central,0.149442299891995,0.1028293132457773,34
sub-10,afraid,gamma_temporal,0.15138310898150142,0.12333089570553397,34
sub-10,afraid,gamma_parietal,0.0604885499562837,-0.004258567808748895,34
sub-10,afraid,gamma_occipital,-0.12728472945346328,-0.14239176677693333,34
sub-10,afraid,faa,0.10156900901750311,0.10915597863963594,34
sub-10,happy,delta_frontal,0.22753859784768032,0.2278247987726834,26
sub-10,happy,delta_central,0.09205760065593174,0.09299791577064118,26
sub-10,happy,delta_temporal,0.1472921610494908,0.15004962998154553,26
sub-10,happy,delta_parietal,0.21676959550679778,0.21665694581266307,26
sub-10,happy,delta_occipital,0.12193289747257376,0.1223944536994519,26
sub-10,happy,theta_frontal,-0.1163747027159892,-0.11803965433501763,26
sub-10,happy,theta_central,-0.060445367977857066,-0.060723364938659895,26
sub-10,happy,theta_temporal,-0.2685302841774915,-0.2786275137615511,26
sub-10,happy,theta_parietal,-0.19592636516960565,-0.19812540472970366,26
sub-10,happy,theta_occipital,-0.06114014232243014,-0.06120635814135206,26
sub-10,happy,alpha_frontal,0.12089073595571413,0.12131962264671782,26
sub-10,happy,alpha_central,0.09657363389565671,0.09663414995443385,26
sub-10,happy,alpha_temporal,0.1323545126411698,0.13547513603638858,26
sub-10,happy,alpha_parietal,0.01841152013118635,0.01813471065791852,26
sub-10,happy,alpha_occipital,0.028138360955209326,0.027318958497653274,26
sub-10,happy,beta_frontal,-0.1670932298698233,-0.1700286184037315,26
sub-10,happy,beta_central,-0.1035213773413874,-0.11573179199508705,26
sub-10,happy,beta_temporal,-0.14902909691092345,-0.1521938933468748,26
sub-10,happy,beta_parietal,-0.17404097331555396,-0.1747004730109277,26
sub-10,happy,beta_occipital,-0.0003473871722865349,-0.0011192758077857412,26
sub-10,happy,gamma_frontal,-0.24178147191142826,-0.2419133276705429,26
sub-10,happy,gamma_central,-0.12853325374601793,-0.12948150265028588,26
sub-10,happy,gamma_temporal,-0.02014845599261902,-0.020699242268414342,26
sub-10,happy,gamma_parietal,-0.15875593773494645,-0.1592466829488463,26
sub-10,happy,gamma_occipital,-0.14937648408320997,-0.15012993513502634,26
sub-10,happy,faa,-0.024664489232343975,-0.026779837654024415,26
sub-10,sad,delta_frontal,-0.00957265013208564,-0.044217089263900666,33
sub-10,sad,delta_central,0.029743591481837525,-0.001168918176902093,33
sub-10,sad,delta_temporal,-0.1452991537905856,-0.19077669050026427,33
sub-10,sad,delta_parietal,0.13350428130640868,0.11684025694661997,33
sub-10,sad,delta_occipital,0.07948718413249682,0.04535045652065436,33
sub-10,sad,theta_frontal,0.04632478903205729,0.015437270300192991,33
sub-10,sad,theta_central,-0.3244444634053311,-0.3383878618818648,33
sub-10,sad,theta_temporal,0.09213675752132428,0.07203390239061662,33
sub-10,sad,theta_parietal,-0.15418804319895082,-0.16127125901501246,33
sub-10,sad,theta_occipital,-0.10307692910085073,-0.10211889158754474,33
sub-10,sad,alpha_frontal,0.028376070034396718,0.06047981817159614,33
sub-10,sad,alpha_central,0.13709402510594076,0.19731139198517922,33
sub-10,sad,alpha_temporal,0.07692308141854533,0.13538534579512976,33
sub-10,sad,alpha_parietal,-0.020000001168821783,-0.0063374870302261,33
sub-10,sad,alpha_occipital,-0.263076938451425,-0.2287127711828817,33
sub-10,sad,beta_frontal,0.031623933472068634,0.08243264477157053,33
sub-10,sad,beta_central,-0.03572649781439105,0.018335136613695714,33
sub-10,sad,beta_temporal,0.1894017204705516,0.23495331415448395,33
sub-10,sad,beta_parietal,-0.05931624278274494,-0.03394195917603544,33
sub-10,sad,beta_occipital,0.025470086958585006,0.07310161201539417,33
sub-10,sad,gamma_frontal,0.07641026087575502,0.10134982289187505,33
sub-10,sad,gamma_central,0.03128205311020843,0.04625174580865754,33
sub-10,sad,gamma_temporal,0.15128206012313913,0.15913500333389666,33
sub-10,sad,gamma_parietal,-0.12307693026967251,-0.10237898065252705,33
sub-10,sad,gamma_occipital,0.1466666752380264,0.14279968852218006,33
sub-10,sad,faa,-0.2625641179086347,-0.2512128789639302,33
sub-10,tender,delta_frontal,-0.14535203531664917,-0.10307023230951895,24
sub-10,tender,delta_central,-0.10546885489439788,-0.05705942554279013,24
sub-10,tender,delta_temporal,-0.33103039750468577,-0.31136492950763967,24
sub-10,tender,delta_parietal,-0.0797663608445026,-0.04321186014830557,24
sub-10,tender,delta_occipital,-0.1839057763914921,-0.1454901061319292,24
sub-10,tender,theta_frontal,-0.18833724088285336,-0.18445903387159623,24
sub-10,tender,theta_central,-0.41744395508623017,-0.4237964183510164,24
sub-10,tender,theta_temporal,-0.22334581036460724,-0.21517213664795087,24
sub-10,tender,theta_parietal,-0.21980063877151826,-0.22379204478281614,24
sub-10,tender,theta_occipital,-0.14801091401146593,-0.1598289894587681,24
sub-10,tender,alpha_frontal,0.13471652053738217,0.09865540466675071,24
sub-10,tender,alpha_central,0.06071106353164919,-0.015454548993306644,24
sub-10,tender,alpha_temporal,0.16219160038382197,0.11615099005823228,24
sub-10,tender,alpha_parietal,0.005760903838769632,-0.02741417817314239,24
sub-10,tender,alpha_occipital,-0.010635514779267012,-0.05534587268631029,24
sub-10,tender,beta_frontal,0.42940890921290564,0.42310547788489294,24
sub-10,tender,beta_central,0.3057710499039266,0.2829358049769996,24
sub-10,tender,beta_temporal,0.47106467543170144,0.4700534904390399,24
sub-10,tender,beta_parietal,0.45023679232230357,0.4380368089568795,24
sub-10,tender,beta_occipital,0.4697352360842931,0.47807452393132455,24
sub-10,tender,gamma_frontal,0.21581232072929316,0.18387993148949655,24
sub-10,tender,gamma_central,0.2672173088290837,0.24471931648426476,24
sub-10,tender,gamma_temporal,0.5193676383875391,0.5089422211188884,24
sub-10,tender,gamma_parietal,0.16396418618036643,0.1303124001317521,24
sub-10,tender,gamma_occipital,0.27740967715921455,0.25915940282002375,24
sub-10,tender,faa,-0.4396012775430365,-0.4378101386059259,24
sub-11,pleasant,delta_frontal,-0.018737798308837813,0.023173494814943282,28
sub-11,pleasant,delta_central,0.1490633805762769,0.18293857377034245,28
sub-11,pleasant,delta_temporal,0.044467312404555405,0.08911520070416615,28
sub-11,pleasant,delta_parietal,-0.04978101640258404,-0.033264178119096925,28
sub-11,pleasant,delta_occipital,0.015381774731135514,0.02357929001823375,28
sub-11,pleasant,theta_frontal,0.006152709892454206,0.029685729972353466,28
sub-11,pleasant,theta_central,0.1471057001559506,0.17472242279346334,28
sub-11,pleasant,theta_temporal,-0.07746821091862797,-0.0490627705554743,28
sub-11,pleasant,theta_parietal,-0.08697694438878446,-0.0682929877476989,28
sub-11,pleasant,theta_occipital,0.05565405766356305,0.0369578506057109,28
sub-11,pleasant,alpha_frontal,-0.1683605161480651,-0.24340194524248052,28
sub-11,pleasant,alpha_central,-0.2830246550528935,-0.28813591874914474,28
sub-11,pleasant,alpha_temporal,-0.3683235876528268,-0.4389907476174857,28
sub-11,pleasant,alpha_parietal,-0.12780856458416237,-0.1849184329921393,28
sub-11,pleasant,alpha_occipital,-0.28358399231584386,-0.3405788858594865,28
sub-11,pleasant,beta_frontal,0.13032558226743912,0.09203740941381604,28
sub-11,pleasant,beta_central,0.0637644479763436,0.016191671850448768,28
sub-11,pleasant,beta_temporal,0.28749935315649655,0.25434731389653403,28
sub-11,pleasant,beta_parietal,0.19241201845493155,0.1849065588848145,28
sub-11,pleasant,beta_occipital,0.27211757842536105,0.2704400641915042,28
sub-11,pleasant,gamma_frontal,0.18066593593297353,0.15990218323931424,28
sub-11,pleasant,gamma_central,-0.010907076627532458,-0.019049477870648514,28
sub-11,pleasant,gamma_temporal,0.22149755612835142,0.20920417756482407,28
sub-11,pleasant,gamma_parietal,0.1398343157375956,0.13688981637879805,28
sub-11,pleasant,gamma_occipital,0.24107436033161483,0.2470588942865499,28
sub-11,pleasant,faa,0.2531001114850481,0.27661901914359543,28
sub-11,energetic,delta_frontal,0.04663509203975765,0.05485709420497505,32
sub-11,energetic,delta_central,-0.03033176718033018,-0.026171772003390457,32
sub-11,energetic,delta_temporal,0.09251188990000704,0.10436998986653194,32
sub-11,energetic,delta_parietal,-0.10047397878484372,-0.09871020483800874,32
sub-11,energetic,delta_occipital,0.2350711956475589,0.23577630975063546,32
sub-11,energetic,theta_frontal,-0.07336496186742363,-0.0705528583260668,32
sub-11,energetic,theta_central,0.06843604970061996,0.07387647179585284,32
sub-11,energetic,theta_temporal,0.012511853961886197,0.018827205619752433,32
sub-11,energetic,theta_parietal,-0.03639812061639621,-0.03401416640852481,32
sub-11,energetic,theta_occipital,-0.12834128988177207,-0.12790799522388488,32
sub-11,energetic,alpha_frontal,0.16018964542111874,0.1637731462201626,32
sub-11,energetic,alpha_central,0.1854029268897682,0.1843563605913916,32
sub-11,energetic,alpha_temporal,0.08056875657275203,0.07826618239996704,32
sub-11,energetic,alpha_parietal,0.19526075122337552,0.20139352795675253,32
sub-11,energetic,alpha_occipital,0.05175357775143837,0.04829967955044618,32
sub-11,energetic,beta_frontal,-0.10255928777849141,-0.11757346629557133,32
sub-11,energetic,beta_central,-0.025971575648157712,-0.034670988344466414,32
sub-11,energetic,beta_temporal,-0.15810433642747104,-0.1814279585730169,32
sub-11,energetic,beta_parietal,-0.11014222957357396,-0.11151736288864546,32
sub-11,energetic,beta_occipital,-0.18881525069755534,-0.1896169513887912,32
sub-11,energetic,gamma_frontal,-0.16132708669038112,-0.17126451082736005,32
sub-11,energetic,gamma_central,-0.05042656293729891,-0.050209630599690684,32
sub-11,energetic,gamma_temporal,-0.2483413437889533,-0.25045540252387843,32
sub-11,energetic,gamma_parietal,0.0599052401811521,0.06295777932590663,32
sub-11,energetic,gamma_occipital,0.07222752059816122,0.07447494241169211,32
sub-11,energetic,faa,-0.02767773755205129,-0.02483184705912197,32
sub-11,tense,delta_frontal,-0.27093925569498006,-0.3232203461449846,30
sub-11,tense,delta_central,-0.17918055241833136,-0.1986295767674863,30
sub-11,tense,delta_temporal,-0.18557170588038652,-0.24270609605314855,30
sub-11,tense,delta_parietal,-0.2759608762723091,-0.29783889831869015,30
sub-11,tense,delta_occipital,-0.2720805330989185,-0.2795318783969365,30
sub-11,tense,theta_frontal,0.12782306924110265,0.12853919345233844,30
sub-11,tense,theta_central,-0.12074714933668444,-0.13287412177450816,30
sub-11,tense,theta_temporal,0.08856312654562111,0.09122026121472492,30
sub-11,tense,theta_parietal,0.023510314521131375,0.022663948181100273,30
sub-11,tense,theta_occipital,0.1036279882776082,0.10374137268437475,30
sub-11,tense,alpha_frontal,0.16457220164791966,0.18940190823131134,30
sub-11,tense,alpha_central,-0.02967321250239883,-0.028493287976233884,30
sub-11,tense,alpha_temporal,0.18214787366857127,0.20552902455467145,30
sub-11,tense,alpha_parietal,0.15886581462822758,0.17959830217506342,30
sub-11,tense,alpha_occipital,0.20679946559364104,0.222890412741543,30
sub-11,tense,beta_frontal,0.17164812155233783,0.21151266759839482,30
sub-11,tense,beta_central,0.1871694942459003,0.22672924951184928,30
sub-11,tense,beta_temporal,0.0737265202944217,0.09524547812950607,30
sub-11,tense,beta_parietal,0.2930800373313854,0.31635590269941705,30
sub-11,tense,beta_occipital,0.049303183850139584,0.05285555778846794,30
sub-11,tense,gamma_frontal,0.1038562437583959,0.11910787128282557,30
sub-11,tense,gamma_central,0.15567023789720003,0.1587790953483334,30
sub-11,tense,gamma_temporal,-0.021912526155617593,-0.020210307719321134,30
sub-11,tense,gamma_parietal,0.09244346971901173,0.09280653804729481,30
sub-11,tense,gamma_occipital,0.08171546212199061,0.08208706721901983,30
sub-11,tense,faa,0.07966116279490147,0.07998559375868959,30
sub-11,angry,delta_frontal,-0.17051766746200345,-0.1686768365948943,31
sub-11,angry,delta_central,-0.20980360065177878,-0.2070774587470026,31
sub-11,angry,delta_temporal,-0.14523257216432892,-0.1418146000784777,31
sub-11,angry,delta_parietal,0.057466125676533024,0.06281576705382358,31
sub-11,angry,delta_occipital,-0.20708702016525174,-0.2042522508090352,31
sub-11,angry,theta_frontal,0.14105321756967198,0.14835488252546536,31
sub-11,angry,theta_central,0.20353456875979337,0.22668203617088525,31
sub-11,angry,theta_temporal,0.09403547837978131,0.10438799875024933,31
sub-11,angry,theta_parietal,0.11054392902867625,0.11616405607040982,31
sub-11,angry,theta_occipital,0.36590249476221576,0.3645538766076555,31
sub-11,angry,alpha_frontal,0.048898448757486286,0.03971453473714265,31
sub-11,angry,alpha_central,-0.014418773351566468,-0.01621493405666263,31
sub-11,angry,alpha_temporal,0.019225031135421955,0.01082514383730246,31
sub-11,angry,alpha_parietal,-0.04137561048710378,-0.04831335763012122,31
sub-11,angry,alpha_occipital,0.08254225324447471,0.07575299947445985,31
sub-11,angry,beta_frontal,0.20938566519231305,0.21227886182416003,31
sub-11,angry,beta_central,0.21628160027349702,0.22008074817019227,31
sub-11,angry,beta_temporal,0.21105740703017584,0.2183783931994572,31
sub-11,angry,beta_parietal,0.10155831665016382,0.09694088819219039,31
sub-11,angry,beta_occipital,0.044719094162829334,0.040477244458219236,31
sub-11,angry,gamma_frontal,-0.06728760897397684,-0.07652374921227019,31
sub-11,angry,gamma_central,0.1698907642728049,0.17369397095930714,31
sub-11,angry,gamma_temporal,0.1517105717860472,0.1496153762014552,31
sub-11,angry,gamma_parietal,0.0754373504335579,0.08029426746241584,31
sub-11,angry,gamma_occipital,0.07815393092008491,0.07995888131345144,31
sub-11,angry,faa,0.2087587620031145,0.21041467717479695,31
sub-11,afraid,delta_frontal,0.24915266096564256,0.26398809207791896,28
sub-11,afraid,delta_central,0.09400899013286974,0.10077407766858879,28
sub-11,afraid,delta_temporal,0.15024136153136547,0.18081858989562272,28
sub-11,afraid,delta_parietal,0.46543101249831836,0.46884355916035286,28
sub-11,afraid,delta_occipital,0.2526131145901654,0.2540509152524619,28
sub-11,afraid,theta_frontal,-0.28462231061700133,-0.2692819339018764,28
sub-11,afraid,theta_central,0.05017657755558079,0.08296517912505105,28
sub-11,afraid,theta_temporal,-0.2001295679515694,-0.18000669963887525,28
sub-11,afraid,theta_parietal,-0.32528264070514445,-0.3122450027340642,28
sub-11,afraid,theta_occipital,-0.0002883711353769011,0.012058500041161747,28
sub-11,afraid,alpha_frontal,0.022492948559398287,-0.03007374622919589,28
sub-11,afraid,alpha_central,-0.10929266030784551,-0.12304677031621428,28
sub-11,afraid,alpha_temporal,-0.08218577358241683,-0.12490485506903816,28
sub-11,afraid,alpha_parietal,-0.17244593895538685,-0.21460639462279388,28
sub-11,afraid,alpha_occipital,-0.10439035100643819,-0.14406771237628233,28
sub-11,afraid,beta_frontal,-0.20128305249307699,-0.23125285768913928,28
sub-11,afraid,beta_central,-0.07641835087487879,-0.10393914194533493,28
sub-11,afraid,beta_temporal,-0.011534845415076043,-0.04285991894286178,28
sub-11,afraid,beta_parietal,-0.4484171155110812,-0.44997771646906076,28
sub-11,afraid,beta_occipital,-0.37488247598997143,-0.376100564934717,28
sub-11,afraid,gamma_frontal,0.008362762925930132,-0.005006125676441982,28
sub-11,afraid,gamma_central,0.16321806262332603,0.1813826172418245,28
sub-11,afraid,gamma_temporal,0.0037488247598997143,-0.0033715652638535687,28
sub-11,afraid,gamma_parietal,-0.14043674292855082,-0.13352542038211165,28
sub-11,afraid,gamma_occipital,-0.24569220734111974,-0.2383286573639806,28
sub-11,afraid,faa,-0.13611117589789734,-0.12341589627793428,28
sub-11,happy,delta_frontal,-0.04872306596993835,-0.06153157952766766,26
sub-11,happy,delta_central,-0.1401232700157351,-0.14277439738430486,26
sub-11,happy,delta_temporal,0.05263513696022537,0.04632270403289988,26
sub-11,happy,delta_parietal,0.03414171046068673,0.029914031828632042,26
sub-11,happy,delta_occipital,-0.10242513138206016,-0.10951039350890182,26
sub-11,happy,theta_frontal,0.3467517468663495,0.34594280627553314,26
sub-11,happy,theta_central,0.10384770265125547,0.10078871883695639,26
sub-11,happy,theta_temporal,0.2073397624852121,0.20602623039608603,26
sub-11,happy,theta_parietal,0.13229912803516108,0.1306521831055817,26
sub-11,happy,theta_occipital,0.276690111858482,0.28202450093695564,26
sub-11,happy,alpha_frontal,-0.20129383459113218,-0.20357112754134685,26
sub-11,happy,alpha_central,-0.10740413082424366,-0.10571705229996062,26
sub-11,happy,alpha_temporal,-0.04445535216235251,-0.03807117878511247,26
sub-11,happy,alpha_parietal,-0.28060218284876903,-0.28323679209288866,26
sub-11,happy,alpha_occipital,-0.11380570153562243,-0.11118625750865341,26
sub-11,happy,beta_frontal,-0.020271640586032744,-0.009912129639091483,26
sub-11,happy,beta_central,0.1504369117174009,0.1661900032529563,26
sub-11,happy,beta_temporal,0.067216492469477,0.0875666117158078,26
sub-11,happy,beta_parietal,0.15363769707309027,0.1574417506493262,26
sub-11,happy,beta_occipital,-0.003912070990287021,0.0029255471913929745,26
sub-11,happy,gamma_frontal,-0.20662847685061447,-0.20525035764393473,26
sub-11,happy,gamma_central,-0.07112856345976401,-0.07844203489647716,26
sub-11,happy,gamma_temporal,-0.3371493907992814,-0.34022784561811453,26
sub-11,happy,gamma_parietal,-0.08606556178631446,-0.08927852795510247,26
sub-11,happy,gamma_occipital,0.009246713249769322,0.010992488190924573,26
sub-11,happy,faa,0.08570991896901564,0.08404562942383328,26
sub-11,sad,delta_frontal,-0.015243477377727632,0.07889614897012431,29
sub-11,sad,delta_central,-0.02794637519250066,0.07220956482949965,29
sub-11,sad,delta_temporal,-0.13414260092400318,-0.021165127937410492,29
sub-11,sad,delta_parietal,0.06859564819977435,0.1233172696362932,29
sub-11,sad,delta_occipital,0.16386738181057206,0.1629965859670114,29
sub-11,sad,theta_frontal,-0.07723361871382001,-0.09057295462962904,29
sub-11,sad,theta_central,0.02997883884286435,0.1304941562594032,29
sub-11,sad,theta_temporal,-0.15675375903429917,-0.13185703004581958,29
sub-11,sad,theta_parietal,0.023119274022886913,-0.009739340413714812,29
sub-11,sad,theta_occipital,0.016767825115500398,-0.01869806846402998,29
sub-11,sad,alpha_frontal,0.28988012813312053,0.19508312577674194,29
sub-11,sad,alpha_central,0.12321810880329835,0.10826308170632008,29
sub-11,sad,alpha_temporal,0.20959781394375493,0.13783074573897455,29
sub-11,sad,alpha_parietal,0.19664085817268648,0.11561646289961348,29
sub-11,sad,alpha_occipital,0.32849693749003045,0.23573160333061843,29
sub-11,sad,beta_frontal,-0.00914608642663658,-0.10134967444209614,29
sub-11,sad,beta_central,0.056908982210183166,-0.08837635626756156,29
sub-11,sad,beta_temporal,0.07850390849529731,-0.05182486896969517,29
sub-11,sad,beta_parietal,-0.17402970006239046,-0.21625558036978373,29
sub-11,sad,beta_occipital,-0.23398737774811915,-0.21759020514456692,29
sub-11,sad,gamma_frontal,-0.07393086528197902,-0.1291326291372991,29
sub-11,sad,gamma_central,0.10645028368779798,0.10627845084901996,29
sub-11,sad,gamma_temporal,0.021340868328818687,-0.022182527900701306,29
sub-11,sad,gamma_parietal,-0.09400144382932041,-0.012155149624324601,29
sub-11,sad,gamma_occipital,-0.334848386397417,-0.28999326935432607,29
sub-11,sad,faa,0.0012702897814773025,-0.011093217802737108,29
sub-11,tender,delta_frontal,0.053987973768997014,0.09188954425605872,31
sub-11,tender,delta_central,0.061848291789004244,0.09323377227141526,31
sub-11,tender,delta_temporal,-0.052746870923732724,-0.02011165298275436,31
sub-11,tender,delta_parietal,-0.0059986637521107795,0.01404832790604424,31
sub-11,tender,delta_occipital,0.11480201318694767,0.12129932844280042,31
sub-11,tender,theta_frontal,-0.34854304904505734,-0.3428569897578625,31
sub-11,tender,theta_central,0.02647686069897172,0.05526433986694683,31
sub-11,tender,theta_temporal,-0.1973353523970236,-0.18699461570632525,31
sub-11,tender,theta_parietal,-0.1061142932700976,-0.10555421967370353,31
sub-11,tender,theta_occipital,-0.2926934210081639,-0.29772382922561447,31
sub-11,tender,alpha_frontal,-0.07653467545796512,-0.1068203175043126,31
sub-11,tender,alpha_central,-0.12390343405221921,-0.13629020674178613,31
sub-11,tender,alpha_temporal,0.06970860980901147,0.04541604935463794,31
sub-11,tender,alpha_parietal,0.1361076120306515,0.11691161184178522,31
sub-11,tender,alpha_occipital,-0.08977310580745099,-0.10912685750100283,31
sub-11,tender,beta_frontal,0.14107202341170869,0.11809251887059884,31
sub-11,tender,beta_central,-0.003309607587371465,-0.04673249166568556,31
sub-11,tender,beta_temporal,0.01447953319475016,-0.019591141241349804,31
sub-11,tender,beta_parietal,-0.1075622465895726,-0.13046039988610475,31
sub-11,tender,beta_occipital,0.11294035891905123,0.10701473654402238,31
sub-11,tender,gamma_frontal,0.22567386736389172,0.2153338026792446,31
sub-11,tender,gamma_central,-0.05688388040794704,-0.06041617285894676,31
sub-11,tender,gamma_temporal,0.054608525191629176,0.0441075773982833,31
sub-11,tender,gamma_parietal,-0.0575044318305792,-0.04694978054029722,31
sub-11,tender,gamma_occipital,0.021305598843703803,0.02809450474473638,31
sub-11,tender,faa,-0.005584962803689347,-0.010484821384941233,31
sub-12,pleasant,delta_frontal,0.027147077213933855,0.018145176810460503,33
sub-12,pleasant,delta_central,-0.02358402332960504,-0.04531072165319715,33
sub-12,pleasant,delta_temporal,0.17000857105226078,0.16528775144067542,33
sub-12,pleasant,delta_parietal,-0.008822800094528504,-0.021767963133949998,33
sub-12,pleasant,delta_occipital,-0.042247638914184565,-0.04804982450082158,33
sub-12,pleasant,theta_frontal,0.14625487849006866,0.15195442595299552,33
sub-12,pleasant,theta_central,0.11910780127613481,0.12907115650481418,33
sub-12,pleasant,theta_temporal,0.012725192444031495,0.020733633968476845,33
sub-12,pleasant,theta_parietal,0.011367838583334802,0.014593738785914094,33
sub-12,pleasant,theta_occipital,0.012385853978857322,0.005580531283944694,33
sub-12,pleasant,alpha_frontal,0.3817557733209449,0.38490915215502197,33
sub-12,pleasant,alpha_central,0.11622342432215434,0.11737380186717652,33
sub-12,pleasant,alpha_temporal,0.2706224259764031,0.2692126260527694,33
sub-12,pleasant,alpha_parietal,0.21649794078112253,0.21361722953215173,33
sub-12,pleasant,alpha_occipital,0.329158311218948,0.32723487715227195,33
sub-12,pleasant,beta_frontal,-0.21157753303609703,-0.20888518935142353,33
sub-12,pleasant,beta_central,-0.16322180174877732,-0.1585618192655586,33
sub-12,pleasant,beta_temporal,-0.3222018726828775,-0.3247717659529486,33
sub-12,pleasant,beta_parietal,-0.07210942384951181,-0.0600069473364484,33
sub-12,pleasant,beta_occipital,-0.12589457057961825,-0.11913228438014564,33
sub-12,pleasant,gamma_frontal,0.024093031027366298,0.039708970888188304,33
sub-12,pleasant,gamma_central,-0.02935277723756598,-0.021963253475485636,33
sub-12,pleasant,gamma_temporal,-0.13319034758086298,-0.12769107238697935,33
sub-12,pleasant,gamma_parietal,-0.1114726858097159,-0.10507271722238258,33
sub-12,pleasant,gamma_occipital,-0.12470688595150865,-0.12170146106085473,33
sub-12,pleasant,faa,0.3440892036866116,0.3457378623185987,33
sub-12,energetic,delta_frontal,-0.2793249226513109,-0.3518699447467668,30
sub-12,energetic,delta_central,-0.08542461226714848,-0.1568026315440045,30
sub-12,energetic,delta_temporal,-0.3200033094451911,-0.4265691752613076,30
sub-12,energetic,delta_parietal,-0.39277242359868797,-0.4369618129589755,30
sub-12,energetic,delta_occipital,-0.2592117202921146,-0.29705116901079304,30
sub-12,energetic,theta_frontal,-0.01446342641560186,0.010223268546290165,30
sub-12,energetic,theta_central,-0.0605655981153328,-0.027976986087287135,30
sub-12,energetic,theta_temporal,-0.032542709435104185,0.00027867242847984513,30
sub-12,energetic,theta_parietal,0.2662174424621717,0.25146586505935364,30
sub-12,energetic,theta_occipital,0.29921213397276347,0.294386823521686,30
sub-12,energetic,alpha_frontal,0.27209320944351,0.2700201700695099,30
sub-12,energetic,alpha_central,0.1857646330253864,0.17976992962316754,30
sub-12,energetic,alpha_temporal,0.22915491227219195,0.20100042266778068,30
sub-12,energetic,alpha_parietal,0.23548266132901777,0.2380749629775326,30
sub-12,energetic,alpha_occipital,0.40949576039172764,0.38982048637404565,30
sub-12,energetic,beta_frontal,0.3514160636915764,0.3839324178882792,30
sub-12,energetic,beta_central,0.04090437783162401,0.10352451103943734,30
sub-12,energetic,beta_temporal,0.2698332990660722,0.33581922350908316,30
sub-12,energetic,beta_parietal,0.26192361274503995,0.3652912061388973,30
sub-12,energetic,beta_occipital,0.13582061368401122,0.19917533316408564,30
sub-12,energetic,gamma_frontal,0.13288273019334207,0.17603371011777083,30
sub-12,energetic,gamma_central,0.2811328509532611,0.31327949557117984,30
sub-12,energetic,gamma_temporal,0.07954884528581023,0.11461595932938862,30
sub-12,energetic,gamma_parietal,0.2370645985932242,0.28223754965258746,30
sub-12,energetic,gamma_occipital,0.05062199245460651,0.08045936997326956,30
sub-12,energetic,faa,0.0723171320780093,0.08244681752624587,30
sub-12,tense,delta_frontal,0.07817940906958455,0.15658898770199892,25
sub-12,tense,delta_central,-0.19721639875844948,-0.0702753593677285,25
sub-12,tense,delta_temporal,-0.05657203470361898,0.03845435340624355,25
sub-12,tense,delta_parietal,-0.21057368473013732,-0.08696684260780844,25
sub-12,tense,delta_occipital,-0.07150076608374065,-0.02103704732946583,25
sub-12,tense,theta_frontal,-0.1779661925051347,-0.2032566311218206,25
sub-12,tense,theta_central,-0.06796501391476448,-0.1451443377532462,25
sub-12,tense,theta_temporal,0.004321474873193116,-0.007397055043124955,25
sub-12,tense,theta_parietal,-0.0663935685063306,-0.11736674384782764,25
sub-12,tense,theta_occipital,-0.29661032084189115,-0.25880745602850885,25
sub-12,tense,alpha_frontal,-0.16500176788555534,-0.13311753378806102,25
sub-12,tense,alpha_central,0.11157262399880408,0.14037368218038535,25
sub-12,tense,alpha_temporal,-0.05657203470361898,0.023787604546347853,25
sub-12,tense,alpha_parietal,-0.32607492225002604,-0.3173352223491994,25
sub-12,tense,alpha_occipital,-0.15596595678706066,-0.12212656039807367,25
sub-12,tense,beta_frontal,-0.043607610084039634,-0.08575657813594961,25
sub-12,tense,beta_central,0.1253227713226004,0.04545145047419487,25
sub-12,tense,beta_temporal,-0.05107197577410046,-0.09838665620961984,25
sub-12,tense,beta_parietal,0.33707504010906314,0.24081206584770018,25
sub-12,tense,beta_occipital,0.13239427566055276,0.06337770482455556,25
sub-12,tense,gamma_frontal,0.19682353740634104,0.10433790079846463,25
sub-12,tense,gamma_central,0.17168041087139926,0.12083313263280542,25
sub-12,tense,gamma_temporal,0.1563588181391691,0.08445250454849704,25
sub-12,tense,gamma_parietal,0.06285781633735442,-0.010005434365871656,25
sub-12,tense,gamma_occipital,0.2420025928988145,0.18262084962707564,25
sub-12,tense,faa,-0.12453704861838344,-0.13648499198644065,25
sub-12,angry,delta_frontal,-0.022365412473891292,-0.007830080195966569,30
sub-12,angry,delta_central,-0.3695940889624864,-0.36996009232482646,30
sub-12,angry,delta_temporal,0.01784714732765063,0.027581869323447427,30
sub-12,angry,delta_parietal,0.1073087972232158,0.1408698165900339,30
sub-12,angry,delta_occipital,0.06054475295962492,0.07527016012746846,30
sub-12,angry,theta_frontal,0.06528893136317762,0.06376212745794528,30
sub-12,angry,theta_central,0.15181370891368634,0.14525882258526662,30
sub-12,angry,theta_temporal,0.2234282114816009,0.22022809048588304,30
sub-12,angry,theta_parietal,-0.1073087972232158,-0.11304694789152582,30
sub-12,angry,theta_occipital,0.17124224904252122,0.18423631774356025,30
sub-12,angry,alpha_frontal,0.18027877933500255,0.18359174899271122,30
sub-12,angry,alpha_central,0.2430826648677478,0.2476615476030878,30
sub-12,angry,alpha_temporal,0.21958768610729631,0.24893785966173865,30
sub-12,angry,alpha_parietal,0.1719199888144573,0.18143649846792545,30
sub-12,angry,alpha_occipital,0.06641849764973777,0.07233120982877919,30
sub-12,angry,beta_frontal,-0.13441838810065979,-0.1384472409167407,30
sub-12,angry,beta_central,0.20467741112470214,0.19708634203839137,30
sub-12,angry,beta_temporal,-0.20128871226502165,-0.21831237318037516,30
sub-12,angry,beta_parietal,-0.12447820477893032,-0.18061419289969663,30
sub-12,angry,beta_occipital,-0.15316918845755856,-0.20116442024910483,30
sub-12,angry,gamma_frontal,0.16130206572079175,0.15087553208171453,30
sub-12,angry,gamma_central,0.36100938518462916,0.3574767673187479,30
sub-12,angry,gamma_temporal,0.298657326166508,0.2935470601411501,30
sub-12,angry,gamma_parietal,0.019202626871522827,0.003108086919456102,30
sub-12,angry,gamma_occipital,-0.15339510171487059,-0.16676230927024044,30
sub-12,angry,faa,0.05105639615251952,0.04482341161254714,30
sub-12,afraid,delta_frontal,-0.018963737205809506,0.0641385015873856,35
sub-12,afraid,delta_central,-0.08222336803414422,0.11454217403783072,35
sub-12,afraid,delta_temporal,0.045286536610888384,0.13941702492520971,35
sub-12,afraid,delta_parietal,-0.16345609307992523,-0.02959376639987817,35
sub-12,afraid,delta_occipital,0.1280759863526687,0.21208653549776144,35
sub-12,afraid,theta_frontal,-0.14364323331266157,-0.21287622828098823,35
sub-12,afraid,theta_central,0.06141986527851736,-0.04425438085573654,35
sub-12,afraid,theta_temporal,-0.09779061499413709,-0.17932227633352457,35
sub-12,afraid,theta_parietal,-0.11095201469667654,-0.20208754353708305,35
sub-12,afraid,theta_occipital,-0.32719522701366854,-0.32123202713920057,35
sub-12,afraid,alpha_frontal,0.17109819613301264,0.1990620370300738,35
sub-12,afraid,alpha_central,0.03042689178544063,0.054258400092082035,35
sub-12,afraid,alpha_temporal,-0.041607005511253695,0.0881521151662654,35
sub-12,afraid,alpha_parietal,0.027030401539623997,0.11062397733533673,35
sub-12,afraid,alpha_occipital,-0.03552162715416557,0.015855270051918686,35
sub-12,afraid,beta_frontal,0.20378941474899767,0.1773842863123059,35
sub-12,afraid,beta_central,0.3063917242580417,0.21426060523042315,35
sub-12,afraid,beta_temporal,0.30653324468495075,0.19756911818124973,35
sub-12,afraid,beta_parietal,0.3516782608689301,0.19126238761160014,35
sub-12,afraid,beta_occipital,0.15935200069956348,0.03477191249664213,35
sub-12,afraid,gamma_frontal,-0.05632512990979242,-0.1838851227290881,35
sub-12,afraid,gamma_central,-0.08958243023341357,-0.1729113874983033,35
sub-12,afraid,gamma_temporal,-0.30228763187767993,-0.35190642398513866,35
sub-12,afraid,gamma_parietal,-0.1795894217475542,-0.32150401923595906,35
sub-12,afraid,gamma_occipital,-0.19628883212281933,-0.2791282401705879,35
sub-12,afraid,faa,0.23704671507261885,0.24067914732163329,35
sub-12,happy,delta_frontal,-0.09197423483248161,-0.10516383945509523,27
sub-12,happy,delta_central,-0.10312262693338849,-0.13084591732204784,27
sub-12,happy,delta_temporal,-0.08082584273157475,-0.09659779337172991,27
sub-12,happy,delta_parietal,0.14926458312880858,0.15356755442392042,27
sub-12,happy,delta_occipital,0.19912267002453093,0.19707034688880143,27
sub-12,happy,theta_frontal,-0.1111742434507101,-0.11252735724554369,27
sub-12,happy,theta_central,0.1461678075452233,0.14878754939989997,27
sub-12,happy,theta_temporal,-0.1306839296272971,-0.13031003685335635,27
sub-12,happy,theta_parietal,-0.051406474687514976,-0.04936532529483651,27
sub-12,happy,theta_occipital,-0.015174200359567675,-0.018916387463594673,27
sub-12,happy,alpha_frontal,0.12108392531818288,0.11901322837274571,27
sub-12,happy,alpha_central,0.2455743037783095,0.247221920186882,27
sub-12,happy,alpha_temporal,0.08980649192397196,0.08537088037488366,27
sub-12,happy,alpha_parietal,0.09538068797442538,0.09635497730546921,27
sub-12,happy,alpha_occipital,-0.10900650054220044,-0.11604177354586252,27
sub-12,happy,beta_frontal,-0.06534196481364855,-0.06339160197017271,27
sub-12,happy,beta_central,-0.025393559785398968,-0.013561674940094278,27
sub-12,happy,beta_temporal,-0.059767768763195124,-0.05432623663219777,27
sub-12,happy,beta_parietal,-0.27468399426401074,-0.29701156536000917,27
sub-12,happy,beta_occipital,-0.30162594184120234,-0.3044981996609649,27
sub-12,happy,gamma_frontal,0.06750970772215822,0.09252100652654936,27
sub-12,happy,gamma_central,-0.06348389946349742,-0.0588823413457758,27
sub-12,happy,gamma_temporal,0.020438718851662582,0.026628752182059855,27
sub-12,happy,gamma_parietal,-0.09476133285770834,-0.09049754978235276,27
sub-12,happy,gamma_occipital,-0.0452129235203445,-0.03935912959220531,27
sub-12,happy,faa,0.07153551598081903,0.06966363942530558,27
sub-12,sad,delta_frontal,-0.3063243963142392,-0.22571312756719278,28
sub-12,sad,delta_central,-0.3298028216403982,-0.2068001910230059,28
sub-12,sad,delta_temporal,-0.2259453166682125,-0.13450014359016607,28
sub-12,sad,delta_parietal,-0.16573006112582825,-0.05032909293158025,28
sub-12,sad,delta_occipital,-0.18727496907218594,-0.12050677110770243,28
sub-12,sad,theta_frontal,0.23892750478973573,0.2330060542719897,28
sub-12,sad,theta_central,-0.003314601222516565,-0.06631080975820887,28
sub-12,sad,theta_temporal,0.02541194270596033,-0.07338114626007801,28
sub-12,sad,theta_parietal,0.3397466253079479,0.3465913558015227,28
sub-12,sad,theta_occipital,0.28118867037682194,0.34433792964218596,28
sub-12,sad,alpha_frontal,0.07264501012682138,0.10522722022985952,28
sub-12,sad,alpha_central,0.1179445601678811,0.17033213438765787,28
sub-12,sad,alpha_temporal,-0.08148394672019889,-0.0007050575065488558,28
sub-12,sad,alpha_parietal,-0.06739689152450348,-0.03713232609022589,28
sub-12,sad,alpha_occipital,-0.03590817991059612,0.005319079100772642,28
sub-12,sad,beta_frontal,0.02375464209470205,-0.027477733762286467,28
sub-12,sad,beta_central,0.21572529623211978,0.08022150805473577,28
sub-12,sad,beta_temporal,0.15965329221788122,0.07020481479263195,28
sub-12,sad,beta_parietal,0.14943327178178845,-0.08398588322734891,28
sub-12,sad,beta_occipital,0.06518715737615911,-0.07950294657920227,28
sub-12,sad,gamma_frontal,0.28450327159933847,0.1583053052439087,28
sub-12,sad,gamma_central,0.33311742286291474,0.2766317327289819,28
sub-12,sad,gamma_temporal,0.1709781797281461,0.13094261179131544,28
sub-12,sad,gamma_parietal,0.10081912051821218,0.01767957804865912,28
sub-12,sad,gamma_occipital,0.0850747647112585,0.009437215833609824,28
sub-12,sad,faa,-0.2988665435635769,-0.26470462019597496,28
sub-12,tender,delta_frontal,0.0760533499499672,0.10984677923041507,24
sub-12,tender,delta_central,0.026240629514900964,0.11091951589273794,24
sub-12,tender,delta_temporal,0.1218632624929299,0.20088549238187084,24
sub-12,tender,delta_parietal,-0.2317181013095492,-0.17075664752725075,24
sub-12,tender,delta_occipital,0.0898407993561016,0.13688446278189584,24
sub-12,tender,theta_frontal,-0.08094567070698264,-0.06859274239133391,24
sub-12,tender,theta_central,0.11652618530345851,0.10504341275866788,24
sub-12,tender,theta_temporal,0.0035580514596475887,0.010271273025509365,24
sub-12,tender,theta_parietal,0.2179306519034148,0.23735655941212727,24
sub-12,tender,theta_occipital,0.0017790257298237943,0.03989483594216863,24
sub-12,tender,alpha_frontal,-0.16945220076571643,-0.11992048099807319,24
sub-12,tender,alpha_central,-0.30910572055688423,-0.27099301536143927,24
sub-12,tender,alpha_temporal,-0.1850186759016746,-0.11155921137033382,24
sub-12,tender,alpha_parietal,-0.09028555578855756,-0.052577189634176735,24
sub-12,tender,alpha_occipital,0.1632256107113331,0.2245967792130719,24
sub-12,tender,beta_frontal,-0.10318349232978007,-0.06663051265599454,24
sub-12,tender,beta_central,0.06048687481400901,0.028121592957218024,24
sub-12,tender,beta_temporal,-0.049812720435066245,-0.07118399476339769,24
sub-12,tender,beta_parietal,0.26685385947356915,0.2031019420260059,24
sub-12,tender,beta_occipital,-0.13965351979116786,-0.20938242388806885,24
sub-12,tender,gamma_frontal,0.14054303265607973,0.04278599567817821,24
sub-12,tender,gamma_central,-0.08361420930171833,-0.15828243022679384,24
sub-12,tender,gamma_temporal,-0.3317882986121376,-0.45475564546196523,24
sub-12,tender,gamma_parietal,0.024461603785077172,-0.10244347535128956,24
sub-12,tender,gamma_occipital,0.054705041192081666,-0.030336691461015388,24
sub-12,tender,faa,-0.2926497325560141,-0.30081077951072616,24
sub-13,pleasant,delta_frontal,-0.31140923722528596,-0.39207403447003797,28
sub-13,pleasant,delta_central,-0.16000278706944793,-0.18183752755800808,28
sub-13,pleasant,delta_temporal,-0.2728643717094225,-0.34102380524949594,28
sub-13,pleasant,delta_parietal,-0.40097752184128543,-0.4320022221672782,28
sub-13,pleasant,delta_occipital,-0.4359174718772481,-0.49785954952474476,28
sub-13,pleasant,theta_frontal,-0.19106052043474803,-0.21248261252449535,28
sub-13,pleasant,theta_central,-0.16943102755534262,-0.16913792906088002,28
sub-13,pleasant,theta_temporal,-0.22017714546471692,-0.24129477919371314,28
sub-13,pleasant,theta_parietal,-0.004714120242947339,-0.006681034630363124,28
sub-13,pleasant,theta_occipital,0.06821609292735563,0.0756620458131358,28
sub-13,pleasant,alpha_frontal,0.24818456573163933,0.26867076560339104,28
sub-13,pleasant,alpha_central,-0.04298168456804927,-0.011300516292513236,28
sub-13,pleasant,alpha_temporal,0.27425087766323053,0.3353825779002059,28
sub-13,pleasant,alpha_parietal,0.2664864443219055,0.2701786281599503,28
sub-13,pleasant,alpha_occipital,0.2262777716614723,0.2693667713786798,28
sub-13,pleasant,beta_frontal,0.344685380116679,0.3880467829627308,28
sub-13,pleasant,beta_central,0.18329608709342304,0.19233000947174247,28
sub-13,pleasant,beta_temporal,0.2395882288180295,0.2812547692960843,28
sub-13,pleasant,beta_parietal,0.34939950035962636,0.367964378198613,28
sub-13,pleasant,beta_occipital,0.41567448495165066,0.4799138595731368,28
sub-13,pleasant,gamma_frontal,0.17026293112762744,0.2606348742584471,28
sub-13,pleasant,gamma_central,0.08402226080076729,0.1266077293156638,28
sub-13,pleasant,gamma_temporal,0.025511709550067957,0.07736221911151836,28
sub-13,pleasant,gamma_parietal,0.26815025146647514,0.34129332625513575,28
sub-13,pleasant,gamma_occipital,0.3230558872372735,0.39134360570450505,28
sub-13,pleasant,faa,0.053241828626228775,0.019690989239446413,28
sub-13,energetic,delta_frontal,0.008598999121746553,-0.01594550908981015,32
sub-13,energetic,delta_central,-0.17870963392151532,-0.1805549096285185,32
sub-13,energetic,delta_temporal,-0.062249276250904394,-0.07794820773014283,32
sub-13,energetic,delta_parietal,-0.08972868648779013,-0.08956607143395323,32
sub-13,energetic,delta_occipital,0.002617086689227212,-0.01935350576712227,32
sub-13,energetic,theta_frontal,0.35928861547819296,0.3585365581661977,32
sub-13,energetic,theta_central,0.08655079550801421,0.09736573490723006,32
sub-13,energetic,theta_temporal,0.12692870442751977,0.11993296622233088,32
sub-13,energetic,theta_parietal,0.1785226991579991,0.17842694391519365,32
sub-13,energetic,theta_occipital,0.31423733747078164,0.30953367849971497,32
sub-13,energetic,alpha_frontal,0.1641287223672494,0.17811376594353864,32
sub-13,energetic,alpha_central,0.04822916898718719,0.08019954462469833,32
sub-13,energetic,alpha_temporal,-0.1048704023326047,-0.08774429211671793,32
sub-13,energetic,alpha_parietal,0.07720405733220274,0.07142798032286593,32
sub-13,energetic,alpha_occipital,0.03906936557489195,0.05329853096737875,32
sub-13,energetic,beta_frontal,-0.11889050959632191,-0.11366652711279103,32
sub-13,energetic,beta_central,0.11889050959632191,0.11313218431266842,32
sub-13,energetic,beta_temporal,-0.04318193037224899,-0.027041880367994212,32
sub-13,energetic,beta_parietal,-0.022058302094915067,-0.027856667981469324,32
sub-13,energetic,beta_occipital,-0.13048046493432813,-0.10572143253542106,32
sub-13,energetic,gamma_frontal,-0.13122820398839305,-0.10090810999910232,32
sub-13,energetic,gamma_central,0.11533874908951354,0.14838757678284792,32
sub-13,energetic,gamma_temporal,-0.14057494216420452,-0.11616161889473309,32
sub-13,energetic,gamma_parietal,0.030096496926112937,0.06573025340460573,32
sub-13,energetic,gamma_occipital,-0.06150153719683948,-0.030449146665286562,32
sub-13,energetic,faa,-0.05196786425751177,-0.0746918108539028,32
sub-13,tense,delta_frontal,-0.09410872296986966,-0.06398159735919541,30
sub-13,tense,delta_central,0.11207697556554883,0.11314552555434457,30
sub-13,tense,delta_temporal,-0.10578808715706109,-0.08859111977622879,30
sub-13,tense,delta_parietal,-0.030995235727546568,-0.032766265480988564,30
sub-13,tense,delta_occipital,-0.15115792496115102,-0.1288698876377809,30
sub-13,tense,theta_frontal,-0.044022218859413965,-0.02677301652662695,30
sub-13,tense,theta_central,-0.08579840614436803,-0.10726475000919254,30
sub-13,tense,theta_temporal,-0.04244999675729204,-0.03907790235330965,30
sub-13,tense,theta_parietal,0.039080949395602194,0.044758708759083624,30
sub-13,tense,theta_occipital,0.04559444096153589,0.06488943309938923,30
sub-13,tense,alpha_frontal,-0.03840713992326422,-0.03288462495595942,30
sub-13,tense,alpha_central,-0.07501745458696053,-0.08043683822587765,30
sub-13,tense,alpha_temporal,0.13453729131014777,0.1328471752852452,30
sub-13,tense,alpha_parietal,0.04896348832322573,0.07934434868196348,30
sub-13,tense,alpha_occipital,0.18035633542912968,0.17877820842768533,30
sub-13,tense,beta_frontal,0.07995872405077231,0.05921087604111298,30
sub-13,tense,beta_central,-0.021112696799923024,-0.014754699779987787,30
sub-13,tense,beta_temporal,0.16104046388877458,0.13613837479092394,30
sub-13,tense,beta_parietal,-0.044246822016859956,-0.039490639540155324,30
sub-13,tense,beta_occipital,0.07209761354016267,0.031075538299854686,30
sub-13,tense,gamma_frontal,0.039979362025386156,-0.010810225543523875,30
sub-13,tense,gamma_central,-0.07501745458696053,-0.11735196526798013,30
sub-13,tense,gamma_temporal,-0.09051507245073381,-0.14153221695757956,30
sub-13,tense,gamma_parietal,0.07748808931886642,0.029131606434065396,30
sub-13,tense,gamma_occipital,0.22617537954811157,0.18967053758264693,30
sub-13,tense,faa,0.012128570502083439,0.05199163039337704,30
sub-13,angry,delta_frontal,-0.23857837095580536,-0.25932676036290164,32
sub-13,angry,delta_central,-0.20444215750143702,-0.2047793927207986,32
sub-13,angry,delta_temporal,-0.28340559631621215,-0.29609329812232216,32
sub-13,angry,delta_parietal,-0.2744026389216535,-0.2739425277918284,32
sub-13,angry,delta_occipital,-0.14273438702623262,-0.15641373175352738,32
sub-13,angry,theta_frontal,-0.07690026107852217,-0.07732387008542621,32
sub-13,angry,theta_central,-0.21738390875611505,-0.2108363564112065,32
sub-13,angry,theta_temporal,-0.26108576444220205,-0.2595298170140063,32
sub-13,angry,theta_parietal,-0.04745308793381977,-0.04452090621723241,32
sub-13,angry,theta_occipital,-0.08158930138818815,-0.07236498457037467,32
sub-13,angry,alpha_frontal,0.10503450293651806,0.11035133652688126,32
sub-13,angry,alpha_central,0.09846984650298568,0.11165542901372835,32
sub-13,angry,alpha_temporal,-0.07239878238124281,-0.06431590761425879,32
sub-13,angry,alpha_parietal,0.18155964079026696,0.1761152252566431,32
sub-13,angry,alpha_occipital,0.15848956246671034,0.1644383511410118,32
sub-13,angry,beta_frontal,0.3083512907636352,0.31026681895416386,32
sub-13,angry,beta_central,0.1554885766685241,0.14853508241508587,32
sub-13,angry,beta_temporal,0.38768985280318363,0.3916632117375883,32
sub-13,angry,beta_parietal,0.2830304730914389,0.2783868504937016,32
sub-13,angry,beta_occipital,0.18193476401504022,0.1961238089847422,32
sub-13,angry,gamma_frontal,0.12435334901234193,0.15620447072135404,32
sub-13,angry,gamma_central,0.1498617282969249,0.16457683898743683,32
sub-13,angry,gamma_temporal,0.2672752976509612,0.29526411712925665,32
sub-13,angry,gamma_parietal,0.1189140622531294,0.14163341233129978,32
sub-13,angry,gamma_occipital,0.21100681393496937,0.23423079422655874,32
sub-13,angry,faa,-0.05345505953019224,-0.06514671852590678,32
sub-13,afraid,delta_frontal,0.12063524028025009,0.14417475736668198,27
sub-13,afraid,delta_central,0.1286982640521948,0.13261603730655766,27
sub-13,afraid,delta_temporal,0.23258722419071354,0.2472846107135465,27
sub-13,afraid,delta_parietal,0.17707640668386326,0.18228513446973163,27
sub-13,afraid,delta_occipital,0.24685257394107732,0.265465635490166,27
sub-13,afraid,theta_frontal,0.1625009406345785,0.17711016034095511,27
sub-13,afraid,theta_central,-0.0009303488967628542,0.005249774479916378,27
sub-13,afraid,theta_temporal,0.11474303060075203,0.12473980488340929,27
sub-13,afraid,theta_parietal,0.01674628014173138,0.031645705688944474,27
sub-13,afraid,theta_occipital,0.1392422182155072,0.16088202855835662,27
sub-13,afraid,alpha_frontal,-0.040315118859723685,-0.04675076764152847,27
sub-13,afraid,alpha_central,0.08776291259462925,0.0838105505539957,27
sub-13,afraid,alpha_temporal,-0.036903839571593225,-0.04619851963500885,27
sub-13,afraid,alpha_parietal,0.018917094234178033,0.021506433846754006,27
sub-13,afraid,alpha_occipital,-0.014885582348205667,-0.026028290961965187,27
sub-13,afraid,beta_frontal,-0.172114545901128,-0.18327049417365954,27
sub-13,afraid,beta_central,-0.08125047031728926,-0.0863199932328076,27
sub-13,afraid,beta_temporal,-0.27135176155583246,-0.2859359807402351,27
sub-13,afraid,beta_parietal,-0.11784419358996154,-0.12648468727825968,27
sub-13,afraid,beta_occipital,-0.3839239780641378,-0.4114065412435182,27
sub-13,afraid,gamma_frontal,0.020157559429861843,-0.011486485717500158,27
sub-13,afraid,gamma_central,-0.2080880365759584,-0.23288024055356163,27
sub-13,afraid,gamma_temporal,-0.04372639814785415,-0.07938854115802634,27
sub-13,afraid,gamma_parietal,-0.12590721736190627,-0.15811357121269093,27
sub-13,afraid,gamma_occipital,-0.08342128440973592,-0.11779939375793719,27
sub-13,afraid,faa,0.19258222162991084,0.20573352027799166,27
sub-13,happy,delta_frontal,0.37741998101383495,0.37647851082777084,26
sub-13,happy,delta_central,0.5028810186585438,0.5024770120976942,26
sub-13,happy,delta_temporal,0.4292633849992518,0.4280545935278953,26
sub-13,happy,delta_parietal,0.3905536433568073,0.3923158471885899,26
sub-13,happy,delta_occipital,0.13894032268091727,0.1356992397039309,26
sub-13,happy,theta_frontal,0.125806660337945,0.12631282013379352,26
sub-13,happy,theta_central,0.10541492143701435,0.10575166647002143,26
sub-13,happy,theta_temporal,0.10092182642494489,0.10336816325773919,26
sub-13,happy,theta_parietal,0.0743088790457642,0.07368248000321766,26
sub-13,happy,theta_occipital,-0.2623276241662094,-0.2600568389852237,26
sub-13,happy,alpha_frontal,-0.37016190445587666,-0.37389936869018836,26
sub-13,happy,alpha_central,-0.3566826194196682,-0.35503782189522154,26
sub-13,happy,alpha_temporal,-0.34009273014433483,-0.3389480077490085,26
sub-13,happy,alpha_parietal,-0.28548434461302896,-0.2872417944345101,26
sub-13,happy,alpha_occipital,-0.22396350521700098,-0.23035510639884052,26
sub-13,happy,beta_frontal,-0.24262713065175107,-0.24218772729075277,26
sub-13,happy,beta_central,-0.4365214615572102,-0.4357940273581062,26
sub-13,happy,beta_temporal,-0.23156720446819543,-0.22928141600902424,26
sub-13,happy,beta_parietal,-0.36497756405733495,-0.3707599077695226,26
sub-13,happy,beta_occipital,-0.05149778129218078,-0.04553740550547262,26
sub-13,happy,gamma_frontal,-0.2758069092024179,-0.2818931913611229,26
sub-13,happy,gamma_central,-0.2685488326444595,-0.26647662339356437,26
sub-13,happy,gamma_temporal,-0.30241985658159853,-0.30745495276074974,26
sub-13,happy,gamma_parietal,-0.3110604239125013,-0.31654805850556544,26
sub-13,happy,gamma_occipital,-0.0846775598428476,-0.07776922300724673,26
sub-13,happy,faa,-0.10023058103847265,-0.10813737409199446,26
sub-13,sad,delta_frontal,0.13462855250983216,-0.03074312697349146,29
sub-13,sad,delta_central,0.12064117043088857,0.030354683493683435,29
sub-13,sad,delta_temporal,0.10115874539235997,-0.042026386914479685,29
sub-13,sad,delta_parietal,0.08242564439377478,-0.011834558477368763,29
sub-13,sad,delta_occipital,0.16135444326781367,0.03317482737639568,29
sub-13,sad,theta_frontal,-0.05270245747601964,-0.13168873766619518,29
sub-13,sad,theta_central,-0.027974764157887202,-0.04262549936104012,29
sub-13,sad,theta_temporal,-0.14911548394873803,-0.20803208706471346,29
sub-13,sad,theta_parietal,-0.09691257583268066,-0.13634888171765322,29
sub-13,sad,theta_occipital,0.019482425038528588,0.017204633863220457,29
sub-13,sad,alpha_frontal,-0.09016865947319,0.013751165125520496,29
sub-13,sad,alpha_central,-0.07368353059443504,0.03640515552633542,29
sub-13,sad,alpha_temporal,-0.09516415307281272,-0.006659173075973365,29
sub-13,sad,alpha_parietal,-0.06644006487498211,-0.033096827309969656,29
sub-13,sad,alpha_occipital,-0.06344276871520847,0.04390851456880534,29
sub-13,sad,beta_frontal,-0.16659971154741754,-0.05547635831326792,29
sub-13,sad,beta_central,-0.17159520514704027,-0.11912049532454458,29
sub-13,sad,beta_temporal,-0.15361142818839846,-0.019292754081381387,29
sub-13,sad,beta_parietal,-0.09891077327252976,-0.023165002691553256,29
sub-13,sad,beta_occipital,-0.1413724688693228,-0.022225927488848076,29
sub-13,sad,gamma_frontal,-0.011239860599151106,0.1704588984381765,29
sub-13,sad,gamma_central,0.14636796246894554,0.2791638075184054,29
sub-13,sad,gamma_temporal,0.061694345955340534,0.19897444482559568,29
sub-13,sad,gamma_parietal,0.04645809047649125,0.22793868248210186,29
sub-13,sad,gamma_occipital,0.034219131157415594,0.24966110872875857,29
sub-13,sad,faa,0.23428864982230532,0.1973281542198721,29
sub-13,tender,delta_frontal,0.24137663404073761,0.18648508355156812,31
sub-13,tender,delta_central,0.16757735910598504,0.15673138316578417,31
sub-13,tender,delta_temporal,0.2419882302418543,0.19995622102437446,31
sub-13,tender,delta_parietal,0.18633297594023154,0.18169371056550454,31
sub-13,tender,delta_occipital,0.19000255314693196,0.14869440275512702,31
sub-13,tender,theta_frontal,0.1266004136311639,0.07392962728664947,31
sub-13,tender,theta_central,0.23240655642435884,0.23123611884146725,31
sub-13,tender,theta_temporal,0.12333856722520797,0.10800458740944101,31
sub-13,tender,theta_parietal,0.21915530540016295,0.19676735595510214,31
sub-13,tender,theta_occipital,-0.16900441690859075,-0.20822032437191035,31
sub-13,tender,alpha_frontal,-0.12863906763488633,-0.15301945835459851,31
sub-13,tender,alpha_central,-0.20936976618229522,-0.19844185867060887,31
sub-13,tender,alpha_temporal,-0.1192612592177631,-0.11780546194466499,31
sub-13,tender,alpha_parietal,-0.1427057802605712,-0.17338772315785944,31
sub-13,tender,alpha_occipital,-0.011416462420845697,-0.02289778532614332,31
sub-13,tender,beta_frontal,-0.20243834256963888,-0.168588238305455,31
sub-13,tender,beta_central,-0.09703993057718843,-0.09159897347026714,31
sub-13,tender,beta_temporal,-0.11049504700175657,-0.030368665269806784,31
sub-13,tender,beta_parietal,-0.08623506435745946,-0.08491013273416867,31
sub-13,tender,beta_occipital,-0.21772824759755724,-0.15689793713439487,31
sub-13,tender,gamma_frontal,-0.3021285233516665,-0.21086379014443865,31
sub-13,tender,gamma_central,-0.19224507255102663,-0.1254304161446628,31
sub-13,tender,gamma_temporal,-0.29193525333305426,-0.21428511780515166,31
sub-13,tender,gamma_parietal,-0.34290160342611536,-0.2649357819539863,31
sub-13,tender,gamma_occipital,-0.26502502048391796,-0.17604847688395228,31
sub-13,tender,faa,-0.0320068678584424,-0.07929820160191449,31
sub-14,pleasant,delta_frontal,0.26757506349743687,0.24978955760558819,29
sub-14,pleasant,delta_central,0.4736733704097753,0.4539303650901787,29
sub-14,pleasant,delta_temporal,0.37238789439662123,0.34491492564599546,29
sub-14,pleasant,delta_parietal,0.22323117350162816,0.1830773848620985,29
sub-14,pleasant,delta_occipital,0.273118049746913,0.2500721978337768,29
sub-14,pleasant,theta_frontal,-0.14739304345197796,-0.11703298284149438,29
sub-14,pleasant,theta_central,-0.43260488137956604,-0.4260307734559968,29
sub-14,pleasant,theta_temporal,-0.19198888736821743,-0.15485871396072898,29
sub-14,pleasant,theta_parietal,-0.08163307021955701,-0.0674347220733651,29
sub-14,pleasant,theta_occipital,-0.05265836937002289,-0.006225876224958439,29
sub-14,pleasant,alpha_frontal,-0.0718068673227585,-0.04684903453327814,29
sub-14,pleasant,alpha_central,-0.28067666735983493,-0.2299178284268869,29
sub-14,pleasant,alpha_temporal,-0.5394333436421962,-0.5310097876190407,29
sub-14,pleasant,alpha_parietal,-0.3701203091127446,-0.3288199715175604,29
sub-14,pleasant,alpha_occipital,-0.2970536721878325,-0.27415945436748257,29
sub-14,pleasant,beta_frontal,-0.05240641544959216,-0.06128887196275931,29
sub-14,pleasant,beta_central,0.12068592788632043,0.1288225416379117,29
sub-14,pleasant,beta_temporal,-0.06651583499371314,-0.09333160900315741,29
sub-14,pleasant,beta_parietal,0.1924927952090789,0.18646658071600647,29
sub-14,pleasant,beta_occipital,-0.11942615828416675,-0.146413915508971,29
sub-14,pleasant,gamma_frontal,0.034769641019440946,0.02365280866617707,29
sub-14,pleasant,gamma_central,0.010582064658090725,-0.028361542227589794,29
sub-14,pleasant,gamma_temporal,0.15747120026920722,0.12296010049388051,29
sub-14,pleasant,gamma_parietal,0.2957939025856788,0.28176189272903773,29
sub-14,pleasant,gamma_occipital,0.22927806759196573,0.1838148506433746,29
sub-14,pleasant,faa,0.19627210401553988,0.22594759079910265,29
sub-14,energetic,delta_frontal,0.03731392572831801,0.05024185434629147,33
sub-14,energetic,delta_central,-0.20813639305337014,-0.1682365287219382,33
sub-14,energetic,delta_temporal,0.06230398607847593,0.12978832145825742,33
sub-14,energetic,delta_parietal,-0.010441052612052285,0.027016263869064496,33
sub-14,energetic,delta_occipital,-0.07497018105047379,-0.03926500733113684,33
sub-14,energetic,theta_frontal,-0.011125711799727845,-0.03141771383862388,33
sub-14,energetic,theta_central,0.08489773927176941,0.0595637138142869,33
sub-14,energetic,theta_temporal,-0.007702415861350047,-0.057668485589220206,33
sub-14,energetic,theta_parietal,-0.13265271761213968,-0.13508195513707563,33
sub-14,energetic,theta_occipital,-0.032692476211507976,-0.06483802200423305,33
sub-14,energetic,alpha_frontal,0.017287644488807884,-0.010916426594791029,33
sub-14,energetic,alpha_central,0.34232959383777983,0.2992781898064298,33
sub-14,energetic,alpha_temporal,0.22473937835450247,0.1997481117401495,33
sub-14,energetic,alpha_parietal,0.2243970487606647,0.17872721441631376,33
sub-14,energetic,alpha_occipital,0.033719464993021316,-0.010008861946693448,33
sub-14,energetic,beta_frontal,-0.0677812595798804,-0.06562728311469015,33
sub-14,energetic,beta_central,-0.12495030175078964,-0.13785006976342865,33
sub-14,energetic,beta_temporal,-0.051007109481829196,-0.039241259480253934,33
sub-14,energetic,beta_parietal,-0.09790626383760503,-0.10657717419321629,33
sub-14,energetic,beta_occipital,0.006504262282917817,0.005466875209811667,33
sub-14,energetic,gamma_frontal,-0.1833174975001311,-0.19935393961368109,33
sub-14,energetic,gamma_central,-0.23073014624666363,-0.21671401587468653,33
sub-14,energetic,gamma_temporal,-0.38803059461512346,-0.3788073964730172,33
sub-14,energetic,gamma_parietal,-0.08780754081939053,-0.09445956344542668,33
sub-14,energetic,gamma_occipital,0.023963071568644592,0.04661673817272603,33
sub-14,energetic,faa,-0.10115839497906395,-0.1288905772242392,33
sub-14,tense,delta_frontal,-0.13406623916776947,-0.14217769187536536,30
sub-14,tense,delta_central,-0.07693444624568095,-0.08619185780459389,30
sub-14,tense,delta_temporal,0.07602397942620545,0.07041156854593797,30
sub-14,tense,delta_parietal,-0.21851203667412342,-0.23481946260662276,30
sub-14,tense,delta_occipital,-0.048709974841940014,-0.06252855464306792,30
sub-14,tense,theta_frontal,0.352350659137024,0.36150368822030104,30
sub-14,tense,theta_central,-0.04734427461272674,-0.043654293944673433,30
sub-14,tense,theta_temporal,0.15250319226214862,0.17120048298828935,30
sub-14,tense,theta_parietal,0.19734368312131773,0.19828969160534676,30
sub-14,tense,theta_occipital,0.09286761558650244,0.10642660126029406,30
sub-14,tense,alpha_frontal,-0.20576550120146622,-0.20373446817033758,30
sub-14,tense,alpha_central,-0.2069035847258106,-0.21146471059353358,30
sub-14,tense,alpha_temporal,0.051441375300366556,0.05541440218992314,30
sub-14,tense,alpha_parietal,0.09696471627414227,0.11733568231806014,30
sub-14,tense,alpha_occipital,0.028224471403740937,0.03220814670301975,30
sub-14,tense,beta_frontal,-0.09946850002769993,-0.09805361309424776,30
sub-14,tense,beta_central,0.14021189019922917,0.1417560134391283,30
sub-14,tense,beta_temporal,-0.19779891653105547,-0.2100484726746039,30
sub-14,tense,beta_parietal,0.10106181696178208,0.10830539884587696,30
sub-14,tense,beta_occipital,-0.07374781237751665,-0.07482669801170863,30
sub-14,tense,gamma_frontal,-0.08308009727714068,-0.08259865590191896,30
sub-14,tense,gamma_central,-0.08990859842320702,-0.09376511166691662,30
sub-14,tense,gamma_temporal,-0.11494643595878366,-0.11983762682705751,30
sub-14,tense,gamma_parietal,-0.11289788561496375,-0.1123845081766897,30
sub-14,tense,gamma_occipital,-0.32480903784788967,-0.32935195122202304,30
sub-14,tense,faa,0.09696471627414227,0.100215838476356,30
sub-14,angry,delta_frontal,-0.12425382583168694,-0.20924562545258316,30
sub-14,angry,delta_central,0.0672566580189865,-0.03648372138729124,30
sub-14,angry,delta_temporal,0.20040204202945472,0.14147874449410977,30
sub-14,angry,delta_parietal,0.05654119047019883,-0.07571603634217568,30
sub-14,angry,delta_occipital,0.009803512863784475,-0.11462050698079515,30
sub-14,angry,theta_frontal,-0.12197393911917893,-0.12056826359160787,30
sub-14,angry,theta_central,-0.0784281029102758,-0.1005858131030867,30
sub-14,angry,theta_temporal,-0.3011730347223091,-0.2742542747014938,30
sub-14,angry,theta_parietal,0.022342889782578573,0.043551599897736874,30
sub-14,angry,theta_occipital,-0.18831864245316224,-0.168828775682973,30
sub-14,angry,alpha_frontal,0.06132895256646567,0.1363615884766153,30
sub-14,angry,alpha_central,-0.16711569602683765,0.0026051980669646317,30
sub-14,angry,alpha_temporal,-0.3296716186286593,-0.32016130148151783,30
sub-14,angry,alpha_parietal,-0.21362538496200123,-0.03647872044543718,30
sub-14,angry,alpha_occipital,0.062468895922719675,0.1422457750049767,30
sub-14,angry,beta_frontal,0.14272090820300187,0.20987214377188723,30
sub-14,angry,beta_central,-0.06680068067648491,0.021948140762728396,30
sub-14,angry,beta_temporal,0.05494526977144322,0.020983640331256655,30
sub-14,angry,beta_parietal,-0.045825722921411155,0.006116272818048751,30
sub-14,angry,beta_occipital,0.18125099364438738,0.2312299423591209,30
sub-14,angry,gamma_frontal,0.09712317395284155,0.1326752382443085,30
sub-14,angry,gamma_central,0.10943456220038485,0.09587368230903211,30
sub-14,angry,gamma_temporal,0.21408136230450284,0.18931860554477054,30
sub-14,angry,gamma_parietal,-0.020063003070070553,-0.04900997013873235,30
sub-14,angry,gamma_occipital,0.04605371159266195,0.010029171638787847,30
sub-14,angry,faa,-0.06429280529272609,-0.039916506181854876,30
sub-14,afraid,delta_frontal,0.22573765752085012,0.20489411591906728,27
sub-14,afraid,delta_central,0.2717618401221885,0.15099963249660106,27
sub-14,afraid,delta_temporal,0.1039457729499615,-0.03653115746726442,27
sub-14,afraid,delta_parietal,0.38009086855799173,0.3508017976485287,27
sub-14,afraid,delta_occipital,0.15717101813518278,0.1321178439316616,27
sub-14,afraid,theta_frontal,-0.09924942778655962,-0.10429488796127187,27
sub-14,afraid,theta_central,-0.18879307556875538,-0.11520467919481088,27
sub-14,afraid,theta_temporal,-0.2783367233509511,-0.20276923120185686,27
sub-14,afraid,theta_parietal,-0.23606961688033423,-0.2597558434330095,27
sub-14,afraid,theta_occipital,-0.15591865942494224,-0.14252132932455708,27
sub-14,afraid,alpha_frontal,-0.4135914640569251,-0.358234551602468,27
sub-14,afraid,alpha_central,-0.2564204459217424,-0.1140840426158377,27
sub-14,afraid,alpha_temporal,-0.07169753616126862,0.027494683829841333,27
sub-14,afraid,alpha_parietal,-0.39856315953403915,-0.2842501239758525,27
sub-14,afraid,alpha_occipital,-0.23168636139449247,-0.13320644676806057,27
sub-14,afraid,beta_frontal,-0.0989363381089995,-0.0872465669297712,27
sub-14,afraid,beta_central,-0.05197288647498075,-0.014368906788715819,27
sub-14,afraid,beta_temporal,0.13838563748157526,0.12155514983001584,27
sub-14,afraid,beta_parietal,-0.14965686587373975,-0.20795196351833406,27
sub-14,afraid,beta_occipital,-0.017846111620927124,-0.09778302849080904,27
sub-14,afraid,gamma_frontal,-0.06105248712422437,-0.08973635979581501,27
sub-14,afraid,gamma_central,-0.11208610456652475,-0.11917525792021075,27
sub-14,afraid,gamma_temporal,0.013462856135085374,-0.02216057219182951,27
sub-14,afraid,gamma_parietal,-0.20977008396528374,-0.2730635998734056,27
sub-14,afraid,gamma_occipital,-0.019098470331167624,-0.1748659874293123,27
sub-14,afraid,faa,0.00187853806536075,0.07941636027023574,27
sub-14,happy,delta_frontal,-0.18865386233126877,-0.0626246552634727,26
sub-14,happy,delta_central,-0.1693597173201163,0.03725747408041877,26
sub-14,happy,delta_temporal,-0.23367353402395794,-0.15804069580457247,26
sub-14,happy,delta_parietal,-0.2962008558193595,-0.11354282871183552,26
sub-14,happy,delta_occipital,-0.1386320048949475,0.03521894842658007,26
sub-14,happy,theta_frontal,0.20008742974528507,0.1898537298630698,26
sub-14,happy,theta_central,0.14149039674845157,0.09496380695268275,26
sub-14,happy,theta_temporal,0.2329589360605819,0.20737391431875427,26
sub-14,happy,theta_parietal,0.2168804818846215,0.2007495944187327,26
sub-14,happy,theta_occipital,0.11362107617678688,0.05113029366487883,26
sub-14,happy,alpha_frontal,0.5745367625543186,0.5287400598501754,26
sub-14,happy,alpha_central,0.47806603749855614,0.31010013983577184,26
sub-14,happy,alpha_temporal,0.35551248677956904,0.3839873433169176,26
sub-14,happy,alpha_parietal,0.396959168655378,0.16764541686156242,26
sub-14,happy,alpha_occipital,0.47234925379154796,0.45727754004469023,26
sub-14,happy,beta_frontal,-0.005359484725320136,-0.09125182907643982,26
sub-14,happy,beta_central,-0.05788243503345747,-0.12941825376375932,26
sub-14,happy,beta_temporal,-0.07253169328266586,-0.02686213271738852,26
sub-14,happy,beta_parietal,-0.054666744198265387,-0.1108110033404202,26
sub-14,happy,beta_occipital,-0.15899804685116403,-0.196538814958438,26
sub-14,happy,gamma_frontal,-0.09754262200082647,-0.09052772849086194,26
sub-14,happy,gamma_central,-0.22045347170150156,-0.14825203387255148,26
sub-14,happy,gamma_temporal,-0.03894558900399299,0.009882951441505918,26
sub-14,happy,gamma_parietal,-0.20115932669034908,-0.13096054756922038,26
sub-14,happy,gamma_occipital,-0.17757759389894048,-0.14466424484610033,26
sub-14,happy,faa,-0.16578672750323617,-0.1340663755109969,26
sub-14,sad,delta_frontal,0.09775958359730307,0.09322391459145934,28
sub-14,sad,delta_central,-0.07723862144276715,-0.10777229801520281,28
sub-14,sad,delta_temporal,0.19437911374157638,0.16817110695392126,28
sub-14,sad,delta_parietal,0.02394112251362524,-0.013112881660680739,28
sub-14,sad,delta_occipital,0.11600043884577943,0.09223583284617483,28
sub-14,sad,theta_frontal,-0.22573058369989513,-0.22602928863933597,28
sub-14,sad,theta_central,0.15818241660788104,0.16611803693749452,28
sub-14,sad,theta_temporal,-0.1866837529336254,-0.17026081902820722,28
sub-14,sad,theta_parietal,-0.12056065265789853,-0.12964306160832464,28
sub-14,sad,theta_occipital,-0.19608919392112104,-0.1702976297741902,28
sub-14,sad,alpha_frontal,-0.07353344772042038,-0.055467616025740164,28
sub-14,sad,alpha_central,-0.01282560134658495,0.040717318328921864,28
sub-14,sad,alpha_temporal,-0.04503211139467605,-0.014053746515250171,28
sub-14,sad,alpha_parietal,0.0037051737223467635,0.07630727019911013,28
sub-14,sad,alpha_occipital,0.04902229848028026,0.053484482667674096,28
sub-14,sad,beta_frontal,-0.2052096215453592,-0.2201999991128951,28
sub-14,sad,beta_central,-0.2525218398460948,-0.23651981205136144,28
sub-14,sad,beta_temporal,-0.11144022503366034,-0.13860629026313376,28
sub-14,sad,beta_parietal,-0.10859009140108591,-0.08843362623160907,28
sub-14,sad,beta_occipital,-0.13395628073099836,-0.14211016536613055,28
sub-14,sad,gamma_frontal,-0.16872791104840645,-0.16540718720886877,28
sub-14,sad,gamma_central,-0.2727577886373733,-0.2925488620801471,28
sub-14,sad,gamma_temporal,-0.3203550203013663,-0.3363964426608954,28
sub-14,sad,gamma_parietal,-0.3038242452324346,-0.3011016262712092,28
sub-14,sad,gamma_occipital,-0.3708023855979338,-0.38306957653110063,28
sub-14,sad,faa,0.031066456595061326,0.04231043113766199,28
sub-14,tender,delta_frontal,-0.1578158905857518,-0.14169545312260975,31
sub-14,tender,delta_central,-0.11831074547154935,-0.08210775442748587,31
sub-14,tender,delta_temporal,-0.15863465006998398,-0.13118510514748744,31
sub-14,tender,delta_parietal,-0.16375189684643507,-0.13366708361890173,31
sub-14,tender,delta_occipital,-0.03725355653256397,-0.0020397943942128587,31
sub-14,tender,theta_frontal,0.2296620353271252,0.2210404314960272,31
sub-14,tender,theta_central,0.16989259297817638,0.1503680504094269,31
sub-14,tender,theta_temporal,-0.0896541635234232,-0.12429456972400739,31
sub-14,tender,theta_parietal,0.07348366370983775,0.07290098809647398,31
sub-14,tender,theta_occipital,0.12956868837974175,0.11209128981190475,31
sub-14,tender,alpha_frontal,0.0182173985241659,-0.01090576516153708,31
sub-14,tender,alpha_central,-0.06099758157529707,-0.14376752201157836,31
sub-14,tender,alpha_temporal,0.014123601103005026,-0.01428044909737453,31
sub-14,tender,alpha_parietal,0.054856885443555756,0.0020576312332267334,31
sub-14,tender,alpha_occipital,0.07368835358089579,0.051576188588830514,31
sub-14,tender,beta_frontal,0.031931619885054836,0.036351289891391254,31
sub-14,tender,beta_central,0.13202496683243828,0.1323951589626713,31
sub-14,tender,beta_temporal,0.1807411561442527,0.22218802494157047,31
sub-14,tender,beta_parietal,0.13714221360888937,0.12548970111076788,31
sub-14,tender,beta_occipital,-0.0634538600279936,-0.06106840779438059,31
sub-14,tender,gamma_frontal,0.13918911231946984,0.1454611113583639,31
sub-14,tender,gamma_central,0.038277005887854196,0.07067766271137843,31
sub-14,tender,gamma_temporal,0.29905190161580203,0.3405661929204228,31
sub-14,tender,gamma_parietal,0.196092896473606,0.2198952882253555,31
sub-14,tender,gamma_occipital,0.02701906297966179,0.04711323723001889,31
sub-14,tender,faa,0.41695326734523536,0.414025311077433,31
sub-15,pleasant,delta_frontal,0.12566753410172296,0.25567280809771536,29
sub-15,pleasant,delta_central,0.08327366717584052,0.1634749597035719,29
sub-15,pleasant,delta_temporal,0.08377835606781531,0.1719180792969935,29
sub-15,pleasant,delta_parietal,0.10850811177458007,0.1675517545872585,29
sub-15,pleasant,delta_occipital,0.21752091244113492,0.2886860683137532,29
sub-15,pleasant,theta_frontal,0.01917817789504206,-0.05852949872295868,29
sub-15,pleasant,theta_central,0.09286275612336155,0.13392565941439588,29
sub-15,pleasant,theta_temporal,-0.27152262388243753,-0.28578249479782014,29
sub-15,pleasant,theta_parietal,0.07065644487647074,0.06858368188704661,29
sub-15,pleasant,theta_occipital,0.002018755567899164,0.006568528066878208,29
sub-15,pleasant,alpha_frontal,-0.13020973412949607,-0.17784080548719386,29
sub-15,pleasant,alpha_central,-0.15998637875600874,-0.18683945329126073,29
sub-15,pleasant,alpha_temporal,-0.2508303793114712,-0.298634947060182,29
sub-15,pleasant,alpha_parietal,-0.08579711163571448,-0.16096122290100162,29
sub-15,pleasant,alpha_occipital,-0.30230864629289983,-0.40249531713370257,29
sub-15,pleasant,beta_frontal,-0.1458550897807146,-0.19239749617317226,29
sub-15,pleasant,beta_central,-0.18219269000289956,-0.2017931307006555,29
sub-15,pleasant,beta_temporal,0.003028133351848746,-0.03339551927870623,29
sub-15,pleasant,beta_parietal,-0.1852208233547483,-0.1854043291921868,29
sub-15,pleasant,beta_occipital,0.025739133490714345,0.024225208927266245,29
sub-15,pleasant,gamma_frontal,0.11153624512642882,0.10647169277325572,29
sub-15,pleasant,gamma_central,0.16503326767575663,0.13493173661278413,29
sub-15,pleasant,gamma_temporal,0.06510486706474804,0.11800093644012301,29
sub-15,pleasant,gamma_parietal,0.07469395601226907,0.08012732187805971,29
sub-15,pleasant,gamma_occipital,0.059048600361050536,0.06224058797111683,29
sub-15,pleasant,faa,-0.05400171144130264,-0.09584778652088753,29
sub-15,energetic,delta_frontal,0.03028473761629631,0.024451026186661486,32
sub-15,energetic,delta_central,0.09819026730252593,0.09655023787910531,32
sub-15,energetic,delta_temporal,0.15424524748672655,0.15419195291949822,32
sub-15,energetic,delta_parietal,0.17719393064938588,0.17672229955936328,32
sub-15,energetic,delta_occipital,0.05661929206524963,0.05339927128496621,32
sub-15,energetic,theta_frontal,0.2614645048860365,0.27483636924494137,32
sub-15,energetic,theta_central,0.27463178211051315,0.2746987672927385,32
sub-15,energetic,theta_temporal,-0.07843935146581095,-0.07743456707903289,32
sub-15,energetic,theta_parietal,0.4256792622712954,0.42983062920923604,32
sub-15,energetic,theta_occipital,0.15274041580392922,0.15390661336427092,32
sub-15,energetic,alpha_frontal,-0.20917160390882916,-0.20853045483908997,32
sub-15,energetic,alpha_central,-0.2928778662644308,-0.29591102809667225,32
sub-15,energetic,alpha_temporal,-0.2712459108242191,-0.2717178210082758,32
sub-15,energetic,alpha_parietal,-0.23193218311113886,-0.23121864110556709,32
sub-15,energetic,alpha_occipital,-0.07223192077427196,-0.0696350509135222,32
sub-15,energetic,beta_frontal,-0.12546534155322758,-0.12404697546691541,32
sub-15,energetic,beta_central,-0.050599965334060304,-0.050280006263602135,32
sub-15,energetic,beta_temporal,0.04533305444426964,0.04660230876857531,32
sub-15,energetic,beta_parietal,-0.04740219800811597,-0.0467450990235066,32
sub-15,energetic,beta_occipital,-0.06357913859818728,-0.06527319580324145,32
sub-15,energetic,gamma_frontal,0.0031977673259443312,0.003112339615829131,32
sub-15,energetic,gamma_central,0.009969509898532328,0.009792517057904467,32
sub-15,energetic,gamma_temporal,-0.07223192077427196,-0.07445933589608422,32
sub-15,energetic,gamma_parietal,-0.08238953463315395,-0.08204724203646332,32
sub-15,energetic,gamma_occipital,-0.10195234650951927,-0.10180366089706319,32
sub-15,energetic,faa,-0.03762079206993331,-0.03637856567472491,32
sub-15,tense,delta_frontal,0.12292541080930174,0.17738017870191602,30
sub-15,tense,delta_central,-0.13992817791189677,-0.12228914689617756,30
sub-15,tense,delta_temporal,0.012177657519426155,0.03579169221085809,30
sub-15,tense,delta_parietal,0.0006893013690241219,0.02020792954922344,30
sub-15,tense,delta_occipital,0.22609084903991203,0.2661852105421906,30
sub-15,tense,theta_frontal,0.24470198600356335,0.22396849149340445,30
sub-15,tense,theta_central,0.14865932858620232,0.14271026090883446,30
sub-15,tense,theta_temporal,0.22103597233373512,0.21132515413741085,30
sub-15,tense,theta_parietal,0.10017846563150573,0.09057466851176492,30
sub-15,tense,theta_occipital,-0.04457482186355989,-0.04726873385287754,30
sub-15,tense,alpha_frontal,-0.09811056152443336,-0.11688645348859963,30
sub-15,tense,alpha_central,0.05606317801396192,0.048816350042874365,30
sub-15,tense,alpha_temporal,-0.1661216299348134,-0.18019032170422192,30
sub-15,tense,alpha_parietal,-0.01401579450349048,-0.038631244098654684,30
sub-15,tense,alpha_occipital,-0.09902963001646553,-0.1330749460651095,30
sub-15,tense,beta_frontal,0.02067904107072366,-0.00559741217494032,30
sub-15,tense,beta_central,0.1022463697385781,0.09702386662510128,30
sub-15,tense,beta_temporal,-0.05169760267680915,-0.07234047261891949,30
sub-15,tense,beta_parietal,0.09282591769524842,0.09695215461363235,30
sub-15,tense,beta_occipital,-0.06134782184314686,-0.06239793718049318,30
sub-15,tense,gamma_frontal,-0.4170273282595938,-0.4202351687855742,30
sub-15,tense,gamma_central,-0.30627957496971825,-0.31730352041334287,30
sub-15,tense,gamma_temporal,-0.18840904086659335,-0.1783334154668517,30
sub-15,tense,gamma_parietal,-0.3035223694936217,-0.3022072600739467,30
sub-15,tense,gamma_occipital,-0.26767869830436736,-0.27067720290253355,30
sub-15,tense,faa,0.14360445188002544,0.1424007146814246,30
sub-15,angry,delta_frontal,-0.017516491145314374,0.047052386586479644,32
sub-15,angry,delta_central,-0.16888182223797663,-0.13764648497969972,32
sub-15,angry,delta_temporal,-0.041696864791563565,-0.004189248878555626,32
sub-15,angry,delta_parietal,0.024561166932016893,0.07975704524978794,32
sub-15,angry,delta_occipital,0.03408099907620949,0.08420964922190913,32
sub-15,angry,theta_frontal,-0.08548809265484951,-0.10469739903729972,32
sub-15,angry,theta_central,-0.15326929752150079,-0.157418520529825,32
sub-15,angry,theta_temporal,-0.10776449987226017,-0.10729425186354472,32
sub-15,angry,theta_parietal,-0.07330270751028298,-0.07982090866328787,32
sub-15,angry,theta_occipital,-0.08701126579792032,-0.07823312465341414,32
sub-15,angry,alpha_frontal,-0.09995823751402223,-0.14247876900632506,32
sub-15,angry,alpha_central,0.02189561393164297,-0.008838016105232688,32
sub-15,angry,alpha_temporal,-0.1045277569432347,-0.1348684301445274,32
sub-15,angry,alpha_parietal,0.0403640882913766,-0.016129400640720933,32
sub-15,angry,alpha_occipital,0.025703546789320002,-0.013577041813268236,32
sub-15,angry,beta_frontal,0.03503298229062875,0.0026680868642995725,32
sub-15,angry,beta_central,0.06264049550878727,0.050036864521914325,32
sub-15,angry,beta_temporal,0.09938704758537069,0.06779142726305076,32
sub-15,angry,beta_parietal,0.0550246297934332,0.058899478107872376,32
sub-15,angry,beta_occipital,0.05464383650766549,0.037427200531491296,32
sub-15,angry,gamma_frontal,0.018468474359733634,0.016980993646624747,32
sub-15,angry,gamma_central,0.28654694754019705,0.30129158538281126,32
sub-15,angry,gamma_temporal,-0.021514820645875263,0.02369597917311639,32
sub-15,angry,gamma_parietal,-0.004759916072096297,0.003999726079727602,32
sub-15,angry,gamma_occipital,0.028369099789693937,0.025363909998565224,32
sub-15,angry,faa,0.04607598757789216,0.031325807649851184,32
sub-15,afraid,delta_frontal,-0.02369692814430483,0.005702643593380455,26
sub-15,afraid,delta_central,-0.26278832255549983,-0.2520807085231035,26
sub-15,afraid,delta_temporal,-0.12237518116312644,-0.10333534838099422,26
sub-15,afraid,delta_parietal,0.11459410027992187,0.13720172064836617,26
sub-15,afraid,delta_occipital,-0.16941535195704496,-0.15521120083655277,26
sub-15,afraid,theta_frontal,-0.28507050872104023,-0.31430440681845045,26
sub-15,afraid,theta_central,-0.25677566914575084,-0.24717186360153703,26
sub-15,afraid,theta_temporal,-0.030770638038127164,-0.02335721850262444,26
sub-15,afraid,theta_parietal,-0.14218156886582897,-0.1545325576403068,26
sub-15,afraid,theta_occipital,-0.11706989874275968,-0.1145501636794424,26
sub-15,afraid,alpha_frontal,-0.059419163108107624,-0.06813521756044881,26
sub-15,afraid,alpha_central,-0.08842137367277922,-0.09935566258116048,26
sub-15,afraid,alpha_temporal,0.0880676881780881,0.07190980564819553,26
sub-15,afraid,alpha_parietal,-0.013793734292953557,-0.026922193062497865,26
sub-15,afraid,alpha_occipital,0.148194222275578,0.13370137806466648,26
sub-15,afraid,beta_frontal,0.2072596998889945,0.2009951223095173,26
sub-15,afraid,beta_central,0.21433340978281684,0.212101593119232,26
sub-15,afraid,beta_temporal,0.17365957789333838,0.16311049951335457,26
sub-15,afraid,beta_parietal,-0.012378992314189092,-0.011722992411774364,26
sub-15,afraid,beta_occipital,0.02405061363899595,0.02027488692274707,26
sub-15,afraid,gamma_frontal,0.14394999633928457,0.13880486062629996,26
sub-15,afraid,gamma_central,0.028648525069980467,0.013447529877379747,26
sub-15,afraid,gamma_temporal,0.09903193851351273,0.11047491957540187,26
sub-15,afraid,gamma_parietal,-0.06154127607625433,-0.06016683266400873,26
sub-15,afraid,gamma_occipital,0.07392026839044342,0.07622677989681033,26
sub-15,afraid,faa,-0.13758365743484446,-0.14891138470360227,26
sub-15,happy,delta_frontal,-0.3457033827207803,-0.2775411189416161,26
sub-15,happy,delta_central,-0.16151715422200394,-0.11456363904555811,26
sub-15,happy,delta_temporal,-0.3942293698444964,-0.3540315878713923,26
sub-15,happy,delta_parietal,-0.46329920553153753,-0.42383377059341737,26
sub-15,happy,delta_occipital,-0.2567981070415632,-0.196955972749374,26
sub-15,happy,theta_frontal,-0.02302327856234705,-0.06974709842792581,26
sub-15,happy,theta_central,-0.12680513423569606,-0.12266011883949911,26
sub-15,happy,theta_temporal,0.09280152282053734,0.12765597206929413,26
sub-15,happy,theta_parietal,-0.25396447275696665,-0.2721449349967545,26
sub-15,happy,theta_occipital,-0.139202284230806,-0.07767581297786541,26
sub-15,happy,alpha_frontal,0.5522044812107546,0.5244982089264227,26
sub-15,happy,alpha_central,0.2773419556048883,0.23315178514222884,26
sub-15,happy,alpha_temporal,0.35349587700342083,0.321299971281974,26
sub-15,happy,alpha_parietal,0.6914067654415605,0.6691717441305789,26
sub-15,happy,alpha_occipital,0.4395675183980413,0.4015292557548454,26
sub-15,happy,beta_frontal,0.19516656135158805,0.11617764785955956,26
sub-15,happy,beta_central,0.06694460997359372,0.01892078523283538,26
sub-15,happy,beta_temporal,0.18666565849779837,0.12471916151665628,26
sub-15,happy,beta_parietal,0.058443707119804046,0.0025976636966284846,26
sub-15,happy,beta_occipital,0.23412903276479075,0.16923498900668812,26
sub-15,happy,gamma_frontal,-0.07119506140048858,-0.022211922892426805,26
sub-15,happy,gamma_central,0.036483041414180704,0.08293584955612288,26
sub-15,happy,gamma_temporal,0.050651212837163506,0.12354656785486676,26
sub-15,happy,gamma_parietal,-0.16364237993545133,-0.11989134895520395,26
sub-15,happy,gamma_occipital,0.04498394426797039,0.030815775667008237,26
sub-15,happy,faa,-0.11192855424156412,-0.11805715373819352,26
sub-15,sad,delta_frontal,-0.04619273609615247,0.17138128983168563,28
sub-15,sad,delta_central,-0.05132526232905829,0.05178400517360461,28
sub-15,sad,delta_temporal,-0.1650962604918042,-0.007651327385141214,28
sub-15,sad,delta_parietal,-0.06672284102777579,0.09963454461673284,28
sub-15,sad,delta_occipital,-0.05474694648432885,0.1380906780081913,28
sub-15,sad,theta_frontal,0.18391552334579225,0.1407887681320941,28
sub-15,sad,theta_central,-0.03079515739743498,-0.008710158945133951,28
sub-15,sad,theta_temporal,0.09495173530875783,0.06670289416254645,28
sub-15,sad,theta_parietal,0.022240947009258594,0.032304858271666244,28
sub-15,sad,theta_occipital,-0.09067463011466965,-0.06797987518802724,28
sub-15,sad,alpha_frontal,0.0,-0.08087218250703522,28
sub-15,sad,alpha_central,0.04533731505733483,0.03304771108588703,28
sub-15,sad,alpha_temporal,-0.0025662631164529146,-0.11470382338165991,28
sub-15,sad,alpha_parietal,0.07442163037713452,-0.07422149011236531,28
sub-15,sad,alpha_occipital,-0.029084315319799704,-0.11739739114549677,28
sub-15,sad,beta_frontal,-0.1847709443846099,-0.3620055621996995,28
sub-15,sad,beta_central,-0.2164215228208625,-0.3013765596656009,28
sub-15,sad,beta_temporal,-0.005132526232905829,-0.1583557824902344,28
sub-15,sad,beta_parietal,-0.19332515477278625,-0.20831374247605197,28
sub-15,sad,beta_occipital,-0.0872529459593991,-0.14788522749627522,28
sub-15,sad,gamma_frontal,0.12403605062855755,0.07896329525208054,28
sub-15,sad,gamma_central,0.29084315319799703,0.2692887305262471,28
sub-15,sad,gamma_temporal,-0.007698789349358745,0.11969255788045927,28
sub-15,sad,gamma_parietal,0.1496986817930867,0.14852002779070222,28
sub-15,sad,gamma_occipital,0.09580715634757549,0.02114462471895153,28
sub-15,sad,faa,0.17279504984116292,0.15540576513939566,28
sub-15,tender,delta_frontal,0.06961264877297071,0.3442749465931923,31
sub-15,tender,delta_central,0.08888043548691797,0.23613245600245023,31
sub-15,tender,delta_temporal,0.032734519363480284,0.25651119784809884,31
sub-15,tender,delta_parietal,0.13197397996542368,0.2904167155759957,31
sub-15,tender,delta_occipital,0.0613254286809504,0.28557608221251524,31
sub-15,tender,theta_frontal,-0.037914031920992984,-0.12249703679324114,31
sub-15,tender,theta_central,-0.1504130446701689,-0.13399681758894083,31
sub-15,tender,theta_temporal,-0.14896278115406533,-0.16644909987219314,31
sub-15,tender,theta_parietal,-0.21546772239252843,-0.2547327083609109,31
sub-15,tender,theta_occipital,-0.1531063912000755,-0.09916353919700142,31
sub-15,tender,alpha_frontal,-0.15124176667937092,-0.24930817346921863,31
sub-15,tender,alpha_central,-0.05241666708202856,-0.09510167494741965,31
sub-15,tender,alpha_temporal,-0.20863076581661164,-0.3206377130794025,31
sub-15,tender,alpha_parietal,-0.07686396635348852,-0.21811499840114637,31
sub-15,tender,alpha_occipital,-0.11374209576297896,-0.30229701367979606,31
sub-15,tender,beta_frontal,0.1738244414301263,0.017017885317548914,31
sub-15,tender,beta_central,0.09986100210884491,0.03796822184602445,31
sub-15,tender,beta_temporal,0.12078623284119624,-0.0060360020199806,31
sub-15,tender,beta_parietal,0.1379822145321384,0.10476659038140367,31
sub-15,tender,beta_occipital,0.19847892120388677,0.1433122908555926,31
sub-15,tender,gamma_frontal,-0.25193149079741783,-0.33947926402189454,31
sub-15,tender,gamma_central,-0.12679446740791098,-0.23277945638640185,31
sub-15,tender,gamma_temporal,-0.06816238525686717,-0.022649415662371206,31
sub-15,tender,gamma_parietal,-0.20303689225449792,-0.29982359745225434,31
sub-15,tender,gamma_occipital,-0.05987516516484684,-0.13460677225495746,31
sub-15,tender,faa,0.08370092292940529,0.0900618288681042,31
sub-16,pleasant,delta_frontal,-0.1507917628100808,-0.1452143086487775,30
sub-16,pleasant,delta_central,0.0884928185505169,0.0983338683309605,30
sub-16,pleasant,delta_temporal,-0.1557473606489097,-0.14440002869625498,30
sub-16,pleasant,delta_parietal,-0.06749052294786088,-0.05149810504697516,30
sub-16,pleasant,delta_occipital,-0.06985033144254132,-0.054251657117809673,30
sub-16,pleasant,theta_frontal,0.11445071199200187,0.1038289335555348,30
sub-16,pleasant,theta_central,0.014394831817550748,0.0006855362974669954,30
sub-16,pleasant,theta_temporal,0.19185243061752064,0.18447341941416823,30
sub-16,pleasant,theta_parietal,0.14442027987444356,0.13634648433256993,30
sub-16,pleasant,theta_occipital,-0.047668131592545106,-0.05019131876879513,30
sub-16,pleasant,alpha_frontal,0.12766563956221239,0.12616487058160786,30
sub-16,pleasant,alpha_central,-0.1481959734659323,-0.1521430489342984,30
sub-16,pleasant,alpha_temporal,0.1717940584127368,0.16329216210216327,30
sub-16,pleasant,alpha_parietal,0.04106066780743984,0.029798776382689962,30
sub-16,pleasant,alpha_occipital,0.08636899090530448,0.07914434589903192,30
sub-16,pleasant,beta_frontal,0.060411097463819535,0.04807921796412018,30
sub-16,pleasant,beta_central,-0.05097186348509773,-0.05038995681803048,30
sub-16,pleasant,beta_temporal,0.008967272279785712,-0.006296695840038486,30
sub-16,pleasant,beta_parietal,-0.012271004172338342,-0.02425076933722771,30
sub-16,pleasant,beta_occipital,0.0502639209366936,0.03381807636954064,30
sub-16,pleasant,gamma_frontal,0.19680802845634957,0.188089581566219,30
sub-16,pleasant,gamma_central,-0.06772650379732892,-0.08974535408612173,30
sub-16,pleasant,gamma_temporal,0.09486430148615412,0.07442198522139983,30
sub-16,pleasant,gamma_parietal,0.08613301005583644,0.0715119903481567,30
sub-16,pleasant,gamma_occipital,0.04696018904414097,0.030239130750147857,30
sub-16,pleasant,faa,0.032093395527654126,0.017626695718430594,30
sub-16,energetic,delta_frontal,-0.3297415478063168,-0.3297613206663991,30
sub-16,energetic,delta_central,-0.23089176712668616,-0.2391557430107663,30
sub-16,energetic,delta_temporal,-0.2871004659445153,-0.30829336451640066,30
sub-16,energetic,delta_parietal,-0.28879641806401884,-0.3158226195248676,30
sub-16,energetic,delta_occipital,-0.2231388431518132,-0.2494709665692063,30
sub-16,energetic,theta_frontal,0.04724438047188227,0.07535038596201929,30
sub-16,energetic,theta_central,0.1051490314092149,0.11477800386155458,30
sub-16,energetic,theta_temporal,0.28249716733443453,0.29767732056209295,30
sub-16,energetic,theta_parietal,0.061781112924769115,0.07628163548819264,30
sub-16,energetic,theta_occipital,0.0886740679626098,0.09153249935523493,30
sub-16,energetic,alpha_frontal,0.3927340551021598,0.3903401878336286,30
sub-16,energetic,alpha_central,0.32513824919623596,0.33687711311864454,30
sub-16,energetic,alpha_temporal,0.30091036177475783,0.3144885361268103,30
sub-16,energetic,alpha_parietal,0.3733517451649773,0.38685242557005023,30
sub-16,energetic,alpha_occipital,0.41841561576892655,0.4282271231964425,30
sub-16,energetic,beta_frontal,0.017444078943464225,0.024959408535256463,30
sub-16,energetic,beta_central,-0.012840780333383386,-0.02487811417297386,30
sub-16,energetic,beta_temporal,0.12840780333383386,0.13646137859334773,30
sub-16,energetic,beta_parietal,-0.013809895830242511,-0.010516381078751936,30
sub-16,energetic,beta_occipital,0.10975233001929574,0.11817386946349642,30
sub-16,energetic,gamma_frontal,0.014052174704457292,0.02202719751612153,30
sub-16,energetic,gamma_central,-0.030284859276847608,-0.013166443729708722,30
sub-16,energetic,gamma_temporal,0.13034603432755212,0.17878186824549058,30
sub-16,energetic,gamma_parietal,-0.1330111019439147,-0.12389614147171846,30
sub-16,energetic,gamma_occipital,-0.028831186031558924,-0.023683700068101353,30
sub-16,energetic,faa,0.10611814690607403,0.13854560313955858,30
sub-16,tense,delta_frontal,0.04649693055831838,0.04051387834792805,27
sub-16,tense,delta_central,0.01613158815288597,0.008673373085666106,27
sub-16,tense,delta_temporal,0.04301756840769592,0.031820677071250365,27
sub-16,tense,delta_parietal,0.05219043225933697,0.039137582590786466,27
sub-16,tense,delta_occipital,-0.03669145540656417,-0.04928224629094285,27
sub-16,tense,theta_frontal,0.2755022211992878,0.27822309698816233,27
sub-16,tense,theta_central,0.3384470455605488,0.34051158163222583,27
sub-16,tense,theta_temporal,-0.04554801360814862,-0.0433145434558006,27
sub-16,tense,theta_parietal,0.16985613408038755,0.17338077731265006,27
sub-16,tense,theta_occipital,0.010121780801810806,0.005066892394278519,27
sub-16,tense,alpha_frontal,-0.2558912708957794,-0.25153537864437353,27
sub-16,tense,alpha_central,-0.0743318277632981,-0.06201156801666454,27
sub-16,tense,alpha_temporal,-0.054720877459789666,-0.041843831261768986,27
sub-16,tense,alpha_parietal,-0.21603675898864938,-0.21070258315886287,27
sub-16,tense,alpha_occipital,0.010438086451867393,0.022587549064530234,27
sub-16,tense,beta_frontal,-0.004428279100792227,-5.862119098229473e-05,27
sub-16,tense,beta_central,-0.0031630565005658765,-0.009383938559038203,27
sub-16,tense,beta_temporal,0.0012652226002263507,0.008706673296292808,27
sub-16,tense,beta_parietal,0.03827298365684711,0.04345203843565436,27
sub-16,tense,beta_occipital,0.034477315856168055,0.04281901765113878,27
sub-16,tense,gamma_frontal,-0.0999525854178817,-0.09426791849292698,27
sub-16,tense,gamma_central,-0.013284837302376682,-0.0058481131425537165,27
sub-16,tense,gamma_temporal,-0.01360114295243327,0.0011176273803605193,27
sub-16,tense,gamma_parietal,0.048711070108714505,0.05189516147917342,27
sub-16,tense,gamma_occipital,0.04143604015741298,0.04931365046740774,27
sub-16,tense,faa,-0.026569674604753363,-0.010066429163754618,27
sub-16,angry,delta_frontal,0.07698016547738949,0.0767801548800188,27
sub-16,angry,delta_central,0.17338193233668917,0.17366189018628667,27
sub-16,angry,delta_temporal,0.11193904796482783,0.11225749553370683,27
sub-16,angry,delta_parietal,0.2934427408794067,0.2966915221498811,27
sub-16,angry,delta_occipital,0.16773201193467893,0.16861064474743082,27
sub-16,angry,theta_frontal,-0.24224033723618893,-0.24387926110578395,27
sub-16,angry,theta_central,-0.0762739254271382,-0.07696923635378299,27
sub-16,angry,theta_temporal,-0.05296800376884597,-0.05346273158567883,27
sub-16,angry,theta_parietal,-0.24859649768845046,-0.2487965992096235,27
sub-16,angry,theta_occipital,-0.18644737326633784,-0.18632600752997197,27
sub-16,angry,alpha_frontal,-0.07521456535176128,-0.07493463259743424,27
sub-16,angry,alpha_central,-0.19951281419598652,-0.2005659919397336,27
sub-16,angry,alpha_temporal,-0.13877616987437646,-0.13968136154077374,27
sub-16,angry,alpha_parietal,-0.16102273145729176,-0.16110731107265314,27
sub-16,angry,alpha_occipital,-0.12500448889447652,-0.124850281131712,27
sub-16,angry,beta_frontal,0.034252642437187064,0.03615007311777233,27
sub-16,angry,beta_central,-0.02083408148241275,-0.020700577069978437,27
sub-16,angry,beta_temporal,-0.03389952241206143,-0.033209179065846244,27
sub-16,angry,beta_parietal,-0.12359200879397395,-0.12341902750155834,27
sub-16,angry,beta_occipital,-0.14477921030151233,-0.14476002059202925,27
sub-16,angry,gamma_frontal,0.1479572905276431,0.15548058614464302,27
sub-16,angry,gamma_central,0.027190241934674265,0.029620239810691885,27
sub-16,angry,gamma_temporal,-0.15925713133166358,-0.1703213204645405,27
sub-16,angry,gamma_parietal,-0.004590560326633318,-0.003349896243701631,27
sub-16,angry,gamma_occipital,-0.05826480414573058,-0.05783764857902172,27
sub-16,angry,faa,-0.1656132917839251,-0.1659257823854744,27
sub-16,afraid,delta_frontal,-0.19817071764836944,-0.20570557985686175,28
sub-16,afraid,delta_central,-0.21198347037208226,-0.25268652706004324,28
sub-16,afraid,delta_temporal,-0.11444852256790611,-0.15125946604259619,28
sub-16,afraid,delta_parietal,-0.17843821375735114,-0.23819268965870155,28
sub-16,afraid,delta_occipital,-0.15334974452448502,-0.19638517193176092,28
sub-16,afraid,theta_frontal,0.1119114863533466,0.15638836444601464,28
sub-16,afraid,theta_central,0.2331254388267447,0.2605308289055907,28
sub-16,afraid,theta_temporal,0.19817071764836944,0.22687954235594263,28
sub-16,afraid,theta_parietal,-0.05271397468029173,-0.012728768099456632,28
sub-16,afraid,theta_occipital,0.22325918688123556,0.2298644008381913,28
sub-16,afraid,alpha_frontal,0.15109460122265436,0.18083690854148396,28
sub-16,afraid,alpha_central,0.15504110200085805,0.2171041889262669,28
sub-16,afraid,alpha_temporal,0.0747016218731407,0.11926326044029044,28
sub-16,afraid,alpha_parietal,0.16124274608089234,0.20239123844645573,28
sub-16,afraid,alpha_occipital,0.13615427684802622,0.1703903261235005,28
sub-16,afraid,beta_frontal,0.08682301712048049,0.08714705206428153,28
sub-16,afraid,beta_central,0.31233734730354673,0.28898835896743,28
sub-16,afraid,beta_temporal,0.22551433018306621,0.24584608767131746,28
sub-16,afraid,beta_parietal,0.11585798713155027,0.11608498304973712,28
sub-16,afraid,beta_occipital,0.1446110642298912,0.15963039354547257,28
sub-16,afraid,gamma_frontal,0.1324896689825514,0.1509308753875022,28
sub-16,afraid,gamma_central,0.18633121531375849,0.2328553837272905,28
sub-16,afraid,gamma_temporal,-0.003946500778203659,0.07597441826002396,28
sub-16,afraid,gamma_parietal,0.08062137304044617,0.0981630530547088,28
sub-16,afraid,gamma_occipital,0.027061719621967947,0.03853140792147407,28
sub-16,afraid,faa,0.04566665186207092,0.12899944827501122,28
sub-16,happy,delta_frontal,-0.13330326364931971,-0.12497380306307061,33
sub-16,happy,delta_central,-0.19977426774545745,-0.18309640462618906,33
sub-16,happy,delta_temporal,-0.2570332576869674,-0.2313110571081841,33
sub-16,happy,delta_parietal,-0.1466697155599561,-0.1157173036149092,33
sub-16,happy,delta_occipital,-0.2084443987145189,-0.18083388493672078,33
sub-16,happy,theta_frontal,0.10259654980056042,0.0769363930834214,33
sub-16,happy,theta_central,-0.05202078581436867,-0.07152833185591055,33
sub-16,happy,theta_temporal,-0.01806277285221134,-0.013431547780734283,33
sub-16,happy,theta_parietal,-0.0028900436563538147,-0.017245625316355866,33
sub-16,happy,theta_occipital,0.21458574148427073,0.2295899511612854,33
sub-16,happy,alpha_frontal,0.1506435255874426,0.14514101436203117,33
sub-16,happy,alpha_central,0.25522698040174624,0.2418862929955379,33
sub-16,happy,alpha_temporal,0.23228725887943788,0.21021351572167193,33
sub-16,happy,alpha_parietal,0.11885304536755062,0.102314071740691,33
sub-16,happy,alpha_occipital,0.13240012500670914,0.10843260916610176,33
sub-16,happy,beta_frontal,0.16328746658399054,0.13946104846699892,33
sub-16,happy,beta_central,0.18694969902038738,0.19401491103218071,33
sub-16,happy,beta_temporal,0.22957784295160616,0.20456795946473508,33
sub-16,happy,beta_parietal,0.13023259226444378,0.10938938464952043,33
sub-16,happy,beta_occipital,0.18062772852211342,0.16421200978073738,33
sub-16,happy,gamma_frontal,-0.05436894628515614,-0.09130726355602514,33
sub-16,happy,gamma_central,0.07026418639510212,0.0282223548889547,33
sub-16,happy,gamma_temporal,0.1629262111269463,0.10834338358701444,33
sub-16,happy,gamma_parietal,0.06285844952569547,0.024802445239825943,33
sub-16,happy,gamma_occipital,0.10079027251533929,0.07318578466356974,33
sub-16,happy,faa,0.1240912494946919,0.09330790397677213,33
sub-16,sad,delta_frontal,-0.11591314974404884,-0.1018162457488058,28
sub-16,sad,delta_central,-0.03873195491447485,-0.03944320004353332,28
sub-16,sad,delta_temporal,-0.11025884975653424,-0.12874054898147513,28
sub-16,sad,delta_parietal,-0.14842537467225764,-0.17024960569903724,28
sub-16,sad,delta_occipital,-0.1371167746972285,-0.14791472446760834,28
sub-16,sad,theta_frontal,0.14305378968411883,0.1515725486637704,28
sub-16,sad,theta_central,-0.18546103959047813,-0.16234752718570442,28
sub-16,sad,theta_temporal,0.14531550967912463,0.13430225824683842,28
sub-16,sad,theta_parietal,0.24087317946812098,0.23884619025939208,28
sub-16,sad,theta_occipital,0.2213658445111957,0.19178130998326642,28
sub-16,sad,alpha_frontal,0.16878085462731013,0.1750423782613288,28
sub-16,sad,alpha_central,0.2518990644437744,0.26681794904537126,28
sub-16,sad,alpha_temporal,0.025727064943191328,0.04611342826191794,28
sub-16,sad,alpha_parietal,0.17613144461107907,0.19727428090817717,28
sub-16,sad,alpha_occipital,0.21599425952305684,0.23074141197652018,28
sub-16,sad,beta_frontal,-0.23861145947311513,-0.24315261151265885,28
sub-16,sad,beta_central,-0.09640581478712354,-0.13595684349877765,28
sub-16,sad,beta_temporal,-0.046930689896370996,-0.025013455979957303,28
sub-16,sad,beta_parietal,-0.025444349943815597,-0.03713970389252668,28
sub-16,sad,beta_occipital,-0.12580817472219935,-0.12428291149574235,28
sub-16,sad,gamma_frontal,-0.29713346434389104,-0.28777041580688156,28
sub-16,sad,gamma_central,0.0921650897964876,0.09008335129506838,28
sub-16,sad,gamma_temporal,0.05004055488950401,0.08714251746550565,28
sub-16,sad,gamma_parietal,-0.08481449981271866,-0.09898014414144907,28
sub-16,sad,gamma_occipital,-0.09640581478712354,-0.09429316127454491,28
sub-16,sad,faa,0.33869256925212315,0.3693846237321021,28
sub-16,tender,delta_frontal,0.18059695868431994,0.18911032494851715,30
sub-16,tender,delta_central,0.09994869850849769,0.11631564640264473,30
sub-16,tender,delta_temporal,0.16267512308969279,0.1933634889712379,30
sub-16,tender,delta_parietal,0.14084724640392893,0.18234285816919812,30
sub-16,tender,delta_occipital,0.21138575316739744,0.2521440819742239,30
sub-16,tender,theta_frontal,-0.018381369840643254,-0.06285293285436835,30
sub-16,tender,theta_central,0.05767154787501821,0.027550985538400317,30
sub-16,tender,theta_temporal,-0.21827876685763864,-0.23516155835494792,30
sub-16,tender,theta_parietal,-0.08685197249703937,-0.14649417074563495,30
sub-16,tender,theta_occipital,-0.30467120510866197,-0.3406206005347148,30
sub-16,tender,alpha_frontal,-0.16566209568879733,-0.1736015968636537,30
sub-16,tender,alpha_central,-0.17875882170025564,-0.18757183774366645,30
sub-16,tender,alpha_temporal,-0.10178683549256203,-0.1284451109330576,30
sub-16,tender,alpha_parietal,-0.15899884912156417,-0.17538226983169983,30
sub-16,tender,alpha_occipital,-0.2293075887620246,-0.2495931736980081,30
sub-16,tender,beta_frontal,-0.06732176704135592,-0.0885072429894822,30
sub-16,tender,beta_central,-0.14888909570921036,-0.13813581111343898,30
sub-16,tender,beta_temporal,-0.09351521906427254,-0.11399327516212898,30
sub-16,tender,beta_parietal,-0.05399527390688956,-0.06431657480027494,30
sub-16,tender,beta_occipital,-0.08018872592980618,-0.09186736648845399,30
sub-16,tender,gamma_frontal,-0.03561390406624631,-0.07555985478626769,30
sub-16,tender,gamma_central,-0.316389328382072,-0.3599032993605266,30
sub-16,tender,gamma_temporal,-0.049399931446728745,-0.11519868100666765,30
sub-16,tender,gamma_parietal,-0.11557286287304447,-0.16257886631842797,30
sub-16,tender,gamma_occipital,0.031707862975109614,0.004790545234342842,30
sub-16,tender,faa,-0.010799054781377911,-0.04514287196046211,30
sub-17,pleasant,delta_frontal,0.16881978655552474,0.17697909335201686,32
sub-17,pleasant,delta_central,0.05126262925087851,0.07721354138210555,32
sub-17,pleasant,delta_temporal,0.08017012694874233,0.09061686014018033,32
sub-17,pleasant,delta_parietal,0.14704280495646735,0.1620112065687449,32
sub-17,pleasant,delta_occipital,0.0863370597909533,0.09856898912592377,32
sub-17,pleasant,theta_frontal,0.16380915362122833,0.15546568742672953,32
sub-17,pleasant,theta_central,0.14665737165382914,0.13148336399387806,32
sub-17,pleasant,theta_temporal,0.02582403127675835,0.03457179266705807,32
sub-17,pleasant,theta_parietal,0.1668926200423338,0.17763143906092224,32
sub-17,pleasant,theta_occipital,-0.02659489788203472,-0.027654167273677456,32
sub-17,pleasant,alpha_frontal,-0.13124003954830177,-0.1610271369000513,32
sub-17,pleasant,alpha_central,0.006359649493530041,-0.020636121537948485,32
sub-17,pleasant,alpha_temporal,-0.2886895436760001,-0.29234715453939164,32
sub-17,pleasant,alpha_parietal,-0.19445110118096398,-0.22079099268738672,32
sub-17,pleasant,alpha_occipital,-0.15860580403561284,-0.1928791902740883,32
sub-17,pleasant,beta_frontal,-0.08036284360006143,-0.0765284673657332,32
sub-17,pleasant,beta_central,-0.11351010762694527,-0.1253899810619721,32
sub-17,pleasant,beta_temporal,0.02235513155301469,0.013615244918688506,32
sub-17,pleasant,beta_parietal,-0.0221624149016956,-0.02062746942483121,32
sub-17,pleasant,beta_occipital,0.03430356393479841,0.03369248601421162,32
sub-17,pleasant,gamma_frontal,-0.14858453816702005,-0.14472218254570995,32
sub-17,pleasant,gamma_central,-0.07130516098806411,-0.0814302485024455,32
sub-17,pleasant,gamma_temporal,-0.045481129711305746,-0.054934645451505844,32
sub-17,pleasant,gamma_parietal,-0.12950558968642992,-0.12570888528257543,32
sub-17,pleasant,gamma_occipital,-0.14473020514063822,-0.1405930917121058,32
sub-17,pleasant,faa,0.10348884175835248,0.12015318065113872,32
sub-17,energetic,delta_frontal,-0.37864168035692025,-0.38548162548183545,29
sub-17,energetic,delta_central,-0.31591413411208646,-0.33395391268040486,29
sub-17,energetic,delta_temporal,-0.3366546937575557,-0.34395069878073725,29
sub-17,energetic,delta_parietal,-0.37307713996423336,-0.3848162290479992,29
sub-17,energetic,delta_occipital,-0.3794004813195594,-0.3903463065689506,29
sub-17,energetic,theta_frontal,-0.5744123287178129,-0.5705024817062235,29
sub-17,energetic,theta_central,-0.415064126563598,-0.4080591926188948,29
sub-17,energetic,theta_temporal,-0.459833383359306,-0.48255833259096453,29
sub-17,energetic,theta_parietal,-0.5410250863616917,-0.5422168682624489,29
sub-17,energetic,theta_occipital,-0.351577779356125,-0.34635568092238794,29
sub-17,energetic,alpha_frontal,0.20841733107154461,0.22537666418420435,29
sub-17,energetic,alpha_central,0.38597675632909845,0.40713492326103273,29
sub-17,energetic,alpha_temporal,0.41683466214308923,0.4159323865470051,29
sub-17,energetic,alpha_parietal,0.39811757173132434,0.4119236338228959,29
sub-17,energetic,alpha_occipital,0.345001504346586,0.36513751823713053,29
sub-17,energetic,beta_frontal,0.4499689708449975,0.447195519674626,29
sub-17,energetic,beta_central,0.33867816299126,0.34609080927447505,29
sub-17,energetic,beta_temporal,0.36903020149682475,0.38134695684349024,29
sub-17,energetic,beta_parietal,0.45705111316296254,0.45300486389794037,29
sub-17,energetic,beta_occipital,0.41683466214308923,0.41614580124674155,29
sub-17,energetic,gamma_frontal,0.3945765005723417,0.39259206931587504,29
sub-17,energetic,gamma_central,0.35916578898251617,0.3658521972957142,29
sub-17,energetic,gamma_temporal,0.4051997140492894,0.4122850288522567,29
sub-17,energetic,gamma_parietal,0.36118925821622055,0.35622119185755935,29
sub-17,energetic,gamma_occipital,0.3176846696915777,0.31653218815977474,29
sub-17,energetic,faa,0.30503798698092577,0.2979393655709139,29
sub-17,tense,delta_frontal,-0.10003362321578538,-0.09956503003309229,32
sub-17,tense,delta_central,-0.08889780478233003,-0.11924521851121271,32
sub-17,tense,delta_temporal,-0.14023581518741235,-0.1399534782699825,32
sub-17,tense,delta_parietal,-0.2015771879140732,-0.21154895282886169,32
sub-17,tense,delta_occipital,-0.07153347773355218,-0.0769283969239873,32
sub-17,tense,theta_frontal,-0.12362645887988571,-0.08564176600053704,32
sub-17,tense,theta_central,-0.2644285021232365,-0.23510489607698806,32
sub-17,tense,theta_temporal,-0.10475219034860545,-0.09847689624107445,32
sub-17,tense,theta_parietal,-0.12664634184489054,-0.12790034241969458,32
sub-17,tense,theta_occipital,-0.2013884452287604,-0.17646144834845554,32
sub-17,tense,alpha_frontal,0.1808154925296649,0.21947666050137318,32
sub-17,tense,alpha_central,0.10380847692204143,0.13651083040208944,32
sub-17,tense,alpha_temporal,0.187421486515613,0.17387704932470985,32
sub-17,tense,alpha_parietal,0.28877630852858793,0.3179809235693811,32
sub-17,tense,alpha_occipital,0.14703055185867323,0.1819127531355544,32
sub-17,tense,beta_frontal,0.11532178072612241,0.07892457191893877,32
sub-17,tense,beta_central,0.12645759915957774,0.12868866971685164,32
sub-17,tense,beta_temporal,0.09871242441859576,0.09187858685179275,32
sub-17,tense,beta_parietal,0.18440160355060814,0.15479868691908513,32
sub-17,tense,beta_occipital,0.10796081599892308,0.08360710498293437,32
sub-17,tense,gamma_frontal,0.10871578674017429,0.08044881582921516,32
sub-17,tense,gamma_central,0.22101768450129183,0.21994027396803462,32
sub-17,tense,gamma_temporal,0.17307704243183997,0.17458730175942547,32
sub-17,tense,gamma_parietal,0.1523153470474317,0.1213276007419893,32
sub-17,tense,gamma_occipital,0.12343771619457292,0.09810604902092042,32
sub-17,tense,faa,0.04529824447507263,-0.0014801592026263443,32
sub-17,angry,delta_frontal,-0.08174529314720819,-0.08121985075123345,27
sub-17,angry,delta_central,-0.13173568395646243,-0.13127948618189464,27
sub-17,angry,delta_temporal,-0.04999039080925424,-0.048304593696723734,27
sub-17,angry,delta_parietal,-0.05847932509761817,-0.0564313828204217,27
sub-17,angry,delta_occipital,-0.049675985835611135,-0.04797780134211692,27
sub-17,angry,theta_frontal,-0.118845080037095,-0.1238608442494223,27
sub-17,angry,theta_central,0.07577159864798913,0.07307911054395817,27
sub-17,angry,theta_temporal,-0.17763881010835628,-0.176462606676271,27
sub-17,angry,theta_parietal,-0.3037152045392427,-0.3029692601550731,27
sub-17,angry,theta_occipital,-0.050933605730183566,-0.04890357110640178,27
sub-17,angry,alpha_frontal,0.010060959156579471,0.004768142049591827,27
sub-17,angry,alpha_central,0.13267889887739176,0.13362060712645407,27
sub-17,angry,alpha_temporal,0.10972733580144484,0.10881487458267275,27
sub-17,angry,alpha_parietal,0.06539623451776655,0.06201126864973321,27
sub-17,angry,alpha_occipital,0.04653193609918004,0.04177130463043979,27
sub-17,angry,beta_frontal,0.16317618132077327,0.16751568319643872,27
sub-17,angry,beta_central,0.0333269272061695,0.030580140149309605,27
sub-17,angry,beta_temporal,0.06633944943869588,0.0649813429087368,27
sub-17,angry,beta_parietal,0.06822587928055453,0.07054890497460573,27
sub-17,angry,beta_occipital,-0.04275907641546275,-0.04195464897236217,27
sub-17,angry,gamma_frontal,0.09809435177664984,0.09921247304880114,27
sub-17,angry,gamma_central,0.2351749202850451,0.23429487054636278,27
sub-17,angry,gamma_temporal,0.16757785095177677,0.16612613196869525,27
sub-17,angry,gamma_parietal,0.09054863240921522,0.09306368333586555,27
sub-17,angry,gamma_occipital,0.07262754891155805,0.07498762638542895,27
sub-17,angry,faa,0.013519413866653663,0.014016901490279118,27
sub-17,afraid,delta_frontal,-0.04338890888742608,-0.09178849254822105,27
sub-17,afraid,delta_central,0.0012761443790419436,-0.0487729636175445,27
sub-17,afraid,delta_temporal,0.005742649705688746,-0.05209904832686023,27
sub-17,afraid,delta_parietal,0.013080479885179923,-0.03003720167027409,27
sub-17,afraid,delta_occipital,-0.035093970423653455,-0.0837206397510241,27
sub-17,afraid,theta_frontal,0.0768876988372771,0.014671804831020882,27
sub-17,afraid,theta_central,0.08741588996437313,0.03545978730117406,27
sub-17,afraid,theta_temporal,-0.09411564795434334,-0.11914336103262742,27
sub-17,afraid,theta_parietal,0.029670356812725188,-0.01242133668471512,27
sub-17,afraid,theta_occipital,0.08996817872245702,0.0010702079577782394,27
sub-17,afraid,alpha_frontal,-0.039241439655539764,0.004864300766954235,27
sub-17,afraid,alpha_central,-0.003190360947604859,0.06256851317627439,27
sub-17,afraid,alpha_temporal,-0.11453395801901443,-0.02665237646786225,27
sub-17,afraid,alpha_parietal,-0.05359806391976163,-0.0163695219725038,27
sub-17,afraid,alpha_occipital,-0.040836620129342194,0.01027312674398537,27
sub-17,afraid,beta_frontal,0.02169445444371304,0.09653681182082609,27
sub-17,afraid,beta_central,-0.025841923675599357,0.0149739959826629,27
sub-17,afraid,beta_temporal,0.019142165685629153,0.06807841998277012,27
sub-17,afraid,beta_parietal,-0.03445589823413248,0.026329742425102963,27
sub-17,afraid,beta_occipital,0.00861397455853312,0.055387962499212365,27
sub-17,afraid,gamma_frontal,0.15537057814835664,0.23814105288116408,27
sub-17,afraid,gamma_central,0.10942938050284667,0.14692384179283424,27
sub-17,afraid,gamma_temporal,0.15983708347500344,0.2001506425090081,27
sub-17,afraid,gamma_parietal,0.06285011066781573,0.14909850657655632,27
sub-17,afraid,gamma_occipital,0.03477493432889297,0.10080046900645685,27
sub-17,afraid,faa,0.17515081602350677,0.2674813538449032,27
sub-17,happy,delta_frontal,0.06571496250629871,0.07286907418963584,29
sub-17,happy,delta_central,0.17608565243000504,0.17235630613748515,29
sub-17,happy,delta_temporal,0.018268252125303117,0.02305911195906166,29
sub-17,happy,delta_parietal,0.03450669845890589,0.03526630572392208,29
sub-17,happy,delta_occipital,0.0416110187298571,0.044828941578636324,29
sub-17,happy,theta_frontal,0.03019336115154265,0.04831021171000753,29
sub-17,happy,theta_central,0.3346642299065946,0.3713862169234189,29
sub-17,happy,theta_temporal,0.16923505788301635,0.1798971570570452,29
sub-17,happy,theta_parietal,0.27529241049935943,0.2750315612373235,29
sub-17,happy,theta_occipital,0.26387475292104495,0.28664520436567403,29
sub-17,happy,alpha_frontal,-0.09134126062651558,-0.08521868958297779,29
sub-17,happy,alpha_central,-0.19232409876360781,-0.18631161822817424,29
sub-17,happy,alpha_temporal,-0.05480475637590935,-0.06325293465380692,29
sub-17,happy,alpha_parietal,-0.13117619928863486,-0.12615489645196834,29
sub-17,happy,alpha_occipital,-0.10529617544445546,-0.09823688540842437,29
sub-17,happy,beta_frontal,-0.07307300850121247,-0.0883118479039863,29
sub-17,happy,beta_central,-0.1852197784926566,-0.19014110220474073,29
sub-17,happy,beta_temporal,-0.006343143099063582,-0.012049195358795953,29
sub-17,happy,beta_parietal,-0.09514714648595372,-0.10563187662736254,29
sub-17,happy,beta_occipital,-0.09692322655369154,-0.10276105343909275,29
sub-17,happy,gamma_frontal,-0.07358045994913755,-0.0920791309393682,29
sub-17,happy,gamma_central,-0.24738258086347972,-0.25141174546511896,29
sub-17,happy,gamma_temporal,-0.29990380572372616,-0.306273203217345,29
sub-17,happy,gamma_parietal,-0.05125259624043374,-0.0656591501824,29
sub-17,happy,gamma_occipital,-0.07307300850121247,-0.08557708979092368,29
sub-17,happy,faa,-0.34912659617245956,-0.3640190243776544,29
sub-17,sad,delta_frontal,-0.03486509069123272,-0.06855240780007861,27
sub-17,sad,delta_central,-0.10210490845289581,-0.1638768318560368,27
sub-17,sad,delta_temporal,-0.04233618155363972,-0.06152543553992635,27
sub-17,sad,delta_parietal,-0.0983693630216923,-0.12504943314053435,27
sub-17,sad,delta_occipital,-0.020856795324219572,-0.05603525867986256,27
sub-17,sad,theta_frontal,0.06506074959346105,0.11861744780485915,27
sub-17,sad,theta_central,-0.25214931660623663,-0.2101652279980069,27
sub-17,sad,theta_temporal,0.15533643084754575,0.16331439211414894,27
sub-17,sad,theta_parietal,-0.08560624946508033,-0.07221823932917046,27
sub-17,sad,theta_occipital,0.0473169087952444,0.09029047008233552,27
sub-17,sad,alpha_frontal,0.13323445371292503,0.18727049334478746,27
sub-17,sad,alpha_central,0.15377995358454427,0.19291503042317165,27
sub-17,sad,alpha_temporal,0.12451818104011683,0.11135755799650184,27
sub-17,sad,alpha_parietal,0.1652978853307551,0.18993598363745048,27
sub-17,sad,alpha_occipital,0.1338570446181256,0.18339132543697226,27
sub-17,sad,beta_frontal,0.0550992951102517,0.02878994186047963,27
sub-17,sad,beta_central,0.16716565804635686,0.19605866227111096,27
sub-17,sad,beta_temporal,-0.026148818018424537,-0.019865526353456387,27
sub-17,sad,beta_parietal,0.14755404453253845,0.13296840449202246,27
sub-17,sad,beta_occipital,0.046694317890043815,0.036692488521741305,27
sub-17,sad,gamma_frontal,-0.021479386229420156,-0.038615096865261586,27
sub-17,sad,gamma_central,0.05042986332124732,0.0692675114425586,27
sub-17,sad,gamma_temporal,0.17432545345616357,0.1824180409298088,27
sub-17,sad,gamma_parietal,0.015253477177414314,0.0015637772905814356,27
sub-17,sad,gamma_occipital,-0.0015564772630014606,-0.010490689645722067,27
sub-17,sad,faa,0.1917579988017799,0.10604964874760517,27
sub-17,tender,delta_frontal,-0.024790565764692674,-0.05974698894054433,29
sub-17,tender,delta_central,0.09190038015800213,-0.025648383928811993,29
sub-17,tender,delta_temporal,-0.06210161928933114,-0.1268862239543714,29
sub-17,tender,delta_parietal,-0.13421962878661892,-0.21593547776539843,29
sub-17,tender,delta_occipital,-0.03856310230063305,-0.09748212945764727,29
sub-17,tender,theta_frontal,-0.21785648702305682,-0.16934787441224153,29
sub-17,tender,theta_central,-0.2238663211478308,-0.12803101095833114,29
sub-17,tender,theta_temporal,0.031802038910262315,0.0023071146868693074,29
sub-17,tender,theta_parietal,0.030299580379068825,0.026806250835120844,29
sub-17,tender,theta_occipital,0.03806228279023521,0.052661516197480406,29
sub-17,tender,alpha_frontal,0.053587687612568,0.15960832330407912,29
sub-17,tender,alpha_central,0.02353851698869809,0.1428293948036532,29
sub-17,tender,alpha_temporal,0.1244536483338612,0.17120902523407844,29
sub-17,tender,alpha_parietal,0.11593971665709807,0.24085464166634854,29
sub-17,tender,alpha_occipital,0.038813512055831965,0.16883416747006416,29
sub-17,tender,beta_frontal,0.08939628260601298,0.07259779222397553,29
sub-17,tender,beta_central,0.01853032188471978,0.10842719974096332,29
sub-17,tender,beta_temporal,0.03981515107662763,0.10790062115344627,29
sub-17,tender,beta_parietal,0.16426879941048883,0.18145094373903484,29
sub-17,tender,beta_occipital,0.03831269254543413,0.06723764578357518,29
sub-17,tender,gamma_frontal,-0.049080312018987514,-0.053786086365680066,29
sub-17,tender,gamma_central,-0.3167683403266286,-0.26403075419109495,29
sub-17,tender,gamma_temporal,-0.046325804711799444,0.009137980707018527,29
sub-17,tender,gamma_parietal,-0.03856310230063305,-0.05076229397607542,29
sub-17,tender,gamma_occipital,-0.011518848739150132,-0.013622410791349012,29
sub-17,tender,faa,0.07787743386686284,0.05581783642696459,29
sub-18,pleasant,delta_frontal,0.032723621076525315,-0.05369896326122049,33
sub-18,pleasant,delta_central,0.06968605317332592,-0.024236828354796888,33
sub-18,pleasant,delta_temporal,0.07172068246305807,-0.0331850145977707,33
sub-18,pleasant,delta_parietal,0.020176740456510425,-0.08671471066873689,33
sub-18,pleasant,delta_occipital,0.02458510391759674,-0.07413410828807829,33
sub-18,pleasant,theta_frontal,0.06426037506737355,0.12706752574369506,33
sub-18,pleasant,theta_central,0.18023424458210574,0.16820360656476985,33
sub-18,pleasant,theta_temporal,0.061377983573586335,0.13320303693383018,33
sub-18,pleasant,theta_parietal,0.10698759015174857,0.17630004819689749,33
sub-18,pleasant,theta_occipital,0.03221496375409228,0.053506046998774884,33
sub-18,pleasant,alpha_frontal,0.07155113002224706,0.11650820806365647,33
sub-18,pleasant,alpha_central,0.043235872406808054,0.1045046337783202,33
sub-18,pleasant,alpha_temporal,0.028315257615439,0.09912317875153272,33
sub-18,pleasant,alpha_parietal,0.04696602610465032,0.10249340763918444,33
sub-18,pleasant,alpha_occipital,0.029163019819494065,0.12675891054213953,33
sub-18,pleasant,beta_frontal,-0.09969683519687506,-0.02303898536617135,33
sub-18,pleasant,beta_central,-0.017463901403534234,0.08997249211509775,33
sub-18,pleasant,beta_temporal,-0.06544724215305063,0.03449975742335699,33
sub-18,pleasant,beta_parietal,-0.12682522572663696,-0.013365071896788115,33
sub-18,pleasant,beta_occipital,-0.12428193911447177,0.006726185707040493,33
sub-18,pleasant,gamma_frontal,-0.03238451619490329,0.06746859267634821,33
sub-18,pleasant,gamma_central,-0.14751062350558045,-0.023440448754354044,33
sub-18,pleasant,gamma_temporal,-0.1812515592269718,-0.06272867675761888,33
sub-18,pleasant,gamma_parietal,-0.2560241856246281,-0.1377898939286255,33
sub-18,pleasant,gamma_occipital,-0.22414832675215784,-0.1412795790055088,33
sub-18,pleasant,faa,0.15514048334207597,0.10379197081822189,33
sub-18,energetic,delta_frontal,0.30476344107926717,0.3257066657638533,31
sub-18,energetic,delta_central,0.34331785230013845,0.2702826388981003,31
sub-18,energetic,delta_temporal,0.30190755876661013,0.30140826210999483,31
sub-18,energetic,delta_parietal,0.30170356717284885,0.26711014308291453,31
sub-18,energetic,delta_occipital,0.26926890376481444,0.2693940693818763,31
sub-18,energetic,theta_frontal,0.025498949220152882,0.10093657083585904,31
sub-18,energetic,theta_central,0.10852352788097067,0.08789337338822027,31
sub-18,energetic,theta_temporal,-0.06731722594120361,-0.029246729694908623,31
sub-18,energetic,theta_parietal,-0.014483403157046836,0.029717207166710363,31
sub-18,energetic,theta_occipital,0.3043554578917448,0.32849599787344436,31
sub-18,energetic,alpha_frontal,-0.1972598711671027,-0.2720135653478334,31
sub-18,energetic,alpha_central,-0.15666554400861932,-0.1383730221745728,31
sub-18,energetic,alpha_temporal,-0.18216449322877218,-0.1948803628882362,31
sub-18,energetic,alpha_parietal,-0.20541953491755158,-0.22914261101312194,31
sub-18,energetic,alpha_occipital,-0.29864369326643053,-0.29469426665051085,31
sub-18,energetic,beta_frontal,-0.4285863384923296,-0.362207686999089,31
sub-18,energetic,beta_central,-0.4449056659932275,-0.3319563677893628,31
sub-18,energetic,beta_temporal,-0.3798323475833973,-0.2855340146575014,31
sub-18,energetic,beta_parietal,-0.4838680604016211,-0.3603879653995172,31
sub-18,energetic,beta_occipital,-0.4306262544299418,-0.27462818999126126,31
sub-18,energetic,gamma_frontal,-0.27763255910902457,-0.17494991855412895,31
sub-18,energetic,gamma_central,-0.450821422212303,-0.3330394061835219,31
sub-18,energetic,gamma_temporal,-0.40104747333456453,-0.2754284627186372,31
sub-18,energetic,gamma_parietal,-0.43919390136791325,-0.3103024102006357,31
sub-18,energetic,gamma_occipital,-0.2966037773288183,-0.16805366632950572,31
sub-18,energetic,faa,0.34331785230013845,0.26184113214376553,31
sub-18,tense,delta_frontal,-0.02207362482992266,-0.03774470550074069,26
sub-18,tense,delta_central,-0.08312099350017751,-0.10995415466685154,26
sub-18,tense,delta_temporal,-0.023453226381792827,-0.05305951275525112,26
sub-18,tense,delta_parietal,-0.06001266750635223,-0.07980313616622157,26
sub-18,tense,delta_occipital,-0.0024143027157727914,-0.013943176713633763,26
sub-18,tense,theta_frontal,0.19728302191743377,0.21670962529443374,26
sub-18,tense,theta_central,0.21763214480751875,0.1919681355541781,26
sub-18,tense,theta_temporal,0.18728091066637506,0.22950319691729035,26
sub-18,tense,theta_parietal,0.20280142812491445,0.21248866310564116,26
sub-18,tense,theta_occipital,0.22453015256686956,0.21109615256614778,26
sub-18,tense,alpha_frontal,0.09864151095871689,0.10987761742998257,26
sub-18,tense,alpha_central,0.19866262346930394,0.2217238033492989,26
sub-18,tense,alpha_temporal,0.09967621212261951,0.12072143599749058,26
sub-18,tense,alpha_parietal,0.13244174897953595,0.13992411746969866,26
sub-18,tense,alpha_occipital,-0.012416413966831496,0.014492853134939337,26
sub-18,tense,beta_frontal,0.052424858971066315,0.0793982609051556,26
sub-18,tense,beta_central,-0.01793482017431216,0.012114137279757254,26
sub-18,tense,beta_temporal,-0.03931864422829974,-0.01822218552014642,26
sub-18,tense,beta_parietal,0.15486027419742615,0.20264226596098772,26
sub-18,tense,beta_occipital,0.1372703544110815,0.1881072385434,26
sub-18,tense,gamma_frontal,-0.0696698783694434,-0.050019102843844795,26
sub-18,tense,gamma_central,-0.02448792754569545,0.0009581626494210662,26
sub-18,tense,gamma_temporal,0.1245090400562825,0.15184840339865197,26
sub-18,tense,gamma_parietal,0.07070457953334602,0.09991761584364045,26
sub-18,tense,gamma_occipital,0.04863095470342335,0.07051240898718708,26
sub-18,tense,faa,-0.004828605431545583,-0.04653827124020447,26
sub-18,angry,delta_frontal,-0.1249112343821152,-0.12510371534871567,25
sub-18,angry,delta_central,-0.18483749635982777,-0.1906071503938895,25
sub-18,angry,delta_temporal,-0.09222418239427198,-0.09147149229506432,25
sub-18,angry,delta_parietal,-0.17783312807671853,-0.18252295438141608,25
sub-18,angry,delta_occipital,-0.06459584083311876,-0.06316573093841488,25
sub-18,angry,theta_frontal,0.0762697879716342,0.07618661279238509,25
sub-18,angry,theta_central,0.07198934068751187,0.0756574450440462,25
sub-18,angry,theta_temporal,0.08833286668143349,0.08723854256394743,25
sub-18,angry,theta_parietal,0.08911112982400118,0.08819610034000987,25
sub-18,angry,theta_occipital,-0.08911112982400118,-0.08792251038750128,25
sub-18,angry,alpha_frontal,0.08405241939731117,0.08310922330649155,25
sub-18,angry,alpha_central,0.2521572581919335,0.2548037035487874,25
sub-18,angry,alpha_temporal,0.1595439442263777,0.16212791550752245,25
sub-18,angry,alpha_parietal,0.17666573336286698,0.18054533639704753,25
sub-18,angry,alpha_occipital,0.07315673540136342,0.07266428786732132,25
sub-18,angry,beta_frontal,-0.17160702293617694,-0.1828236783592542,25
sub-18,angry,beta_central,-0.01361960499493468,-0.02006337324759812,25
sub-18,angry,beta_temporal,-0.000389131571283848,-0.005330921053947764,25
sub-18,angry,beta_parietal,-0.035021841415546325,-0.04475330533038936,25
sub-18,angry,beta_occipital,-0.1965114434983432,-0.21328435366598392,25
sub-18,angry,gamma_frontal,-0.17938965436185392,-0.19340350831522668,25
sub-18,angry,gamma_central,-0.08444155096859501,-0.0983325731129262,25
sub-18,angry,gamma_temporal,-0.04941970955304869,-0.05927792461196654,25
sub-18,angry,gamma_parietal,-0.16888310193719003,-0.19025761289500603,25
sub-18,angry,gamma_occipital,-0.1354177868067791,-0.1428678509945035,25
sub-18,angry,faa,0.1669374440807708,0.1679621359768381,25
sub-18,afraid,delta_frontal,0.27219607708528226,0.2742205577985177,31
sub-18,afraid,delta_central,0.24452554214061878,0.22380997946536718,31
sub-18,afraid,delta_temporal,0.31831363532638807,0.30762377450310985,31
sub-18,afraid,delta_parietal,0.2598980615543207,0.24964769680380644,31
sub-18,afraid,delta_occipital,0.29125800115827266,0.29672077196170277,31
sub-18,afraid,theta_frontal,0.007378809318576928,0.044878074128229854,31
sub-18,afraid,theta_central,-0.09182518263117956,-0.12502754287403178,31
sub-18,afraid,theta_temporal,-0.16417850733833667,-0.11320523070386472,31
sub-18,afraid,theta_parietal,0.012093048605445522,0.0480402226155703,31
sub-18,afraid,theta_occipital,0.15761956572182384,0.1503626600026391,31
sub-18,afraid,alpha_frontal,-0.23120269198207713,-0.24613942069494502,31
sub-18,afraid,alpha_central,-0.04980696290039427,-0.04433703026238557,31
sub-18,afraid,alpha_temporal,-0.27383581248941047,-0.28100155494373047,31
sub-18,afraid,alpha_parietal,-0.23407222893930146,-0.24819527875148165,31
sub-18,afraid,alpha_occipital,-0.32302787461325666,-0.30698205680788576,31
sub-18,afraid,beta_frontal,-0.3455742364200195,-0.32670656609706966,31
sub-18,afraid,beta_central,-0.214190437164247,-0.16936003334013983,31
sub-18,afraid,beta_temporal,-0.27465568019147457,-0.24878347772002904,31
sub-18,afraid,beta_parietal,-0.31093482600781114,-0.2666336927011517,31
sub-18,afraid,beta_occipital,-0.26502223469222136,-0.20170537942584332,31
sub-18,afraid,gamma_frontal,-0.4232567011905933,-0.3906442188802304,31
sub-18,afraid,gamma_central,-0.27260601093631437,-0.19344687632845334,31
sub-18,afraid,gamma_temporal,-0.2633824992880932,-0.19966846006163066,31
sub-18,afraid,gamma_parietal,-0.3289719154532214,-0.2542962715853759,31
sub-18,afraid,gamma_occipital,-0.22771825424830466,-0.19049137713759406,31
sub-18,afraid,faa,0.04263312050733337,0.02054458879715355,31
sub-18,happy,delta_frontal,0.08171022121644475,0.09620362348540805,33
sub-18,happy,delta_central,0.01678280477267226,0.04737857590291713,33
sub-18,happy,delta_temporal,0.09611970006166841,0.12502902539464444,33
sub-18,happy,delta_parietal,0.11917486621402625,0.1459774156453679,33
sub-18,happy,delta_occipital,0.1012053984776297,0.12057999526452376,33
sub-18,happy,theta_frontal,0.22004121813059188,0.19565249208645044,33
sub-18,happy,theta_central,0.09951016567230926,0.10912397980360565,33
sub-18,happy,theta_temporal,0.1803727704860938,0.1462077388437997,33
sub-18,happy,theta_parietal,0.28073055256106333,0.25816950313808695,33
sub-18,happy,theta_occipital,0.35379508647037383,0.35871594909968124,33
sub-18,happy,alpha_frontal,-0.2293649985598542,-0.2394240768154233,33
sub-18,happy,alpha_central,-0.08713496619347012,-0.10962887357688116,33
sub-18,happy,alpha_temporal,-0.21682027580048305,-0.24081995318824384,33
sub-18,happy,alpha_parietal,-0.15443570856469122,-0.15861068840922302,33
sub-18,happy,alpha_occipital,-0.23445069697581553,-0.26778249819585154,33
sub-18,happy,beta_frontal,0.1256167508742439,0.08904167544654722,33
sub-18,happy,beta_central,-0.013900909003627528,-0.05957921875000462,33
sub-18,happy,beta_temporal,-0.17715182815598499,-0.23099038506831446,33
sub-18,happy,beta_parietal,-0.054925542892381954,-0.12066807054435956,33
sub-18,happy,beta_occipital,0.09459399053688002,0.03494137523461202,33
sub-18,happy,gamma_frontal,0.21715932236154714,0.19084534376951084,33
sub-18,happy,gamma_central,-0.042041773571946675,-0.1079239127634401,33
sub-18,happy,gamma_temporal,-0.09120352492623916,-0.14085715657020906,33
sub-18,happy,gamma_parietal,0.02220754974969764,-0.039233881631654956,33
sub-18,happy,gamma_occipital,0.09374637413421981,0.05920477300788955,33
sub-18,happy,faa,0.048653181512696354,0.05427127240051333,33
sub-18,sad,delta_frontal,-0.13543644204957736,-0.10864254277366944,31
sub-18,sad,delta_central,-0.16684790601890706,-0.12448700413992536,31
sub-18,sad,delta_temporal,-0.17480275728386718,-0.13043673965798513,31
sub-18,sad,delta_parietal,-0.08403586464521969,-0.03504172152223538,31
sub-18,sad,delta_occipital,-0.151550115124753,-0.11513128520774275,31
sub-18,sad,theta_frontal,-0.0312074934240743,-0.06529826100193487,31
sub-18,sad,theta_central,0.03753058032699132,0.06617470164147286,31
sub-18,sad,theta_temporal,-0.04344572613939755,-0.09393516589466877,31
sub-18,sad,theta_parietal,0.04895293086129302,0.0031983580040421565,31
sub-18,sad,theta_occipital,-0.08791130500507206,-0.08572062205520306,31
sub-18,sad,alpha_frontal,0.12442203260578644,0.08588458208073282,31
sub-18,sad,alpha_central,-0.018153378527729497,-0.059073500669119816,31
sub-18,sad,alpha_temporal,0.1723551107408025,0.12240986522877206,31
sub-18,sad,alpha_parietal,0.03936631523428981,0.0026922696969135843,31
sub-18,sad,alpha_occipital,0.16195261293277777,0.10519223006033332,31
sub-18,sad,beta_frontal,0.01774543743721872,-0.011178850270282644,31
sub-18,sad,beta_central,0.14196349949774975,0.09857270371906685,31
sub-18,sad,beta_temporal,0.1631764362043101,0.11178974740376343,31
sub-18,sad,beta_parietal,-0.008158821810215502,-0.0769139518322524,31
sub-18,sad,beta_occipital,0.0938264508174783,0.03234502307975535,31
sub-18,sad,gamma_frontal,0.040590138505822125,0.0029020080366843697,31
sub-18,sad,gamma_central,0.2349740681342065,0.1776218483620836,31
sub-18,sad,gamma_temporal,0.15256996785102994,0.08562556878388153,31
sub-18,sad,gamma_parietal,0.2519036233904037,0.19159471024660416,31
sub-18,sad,gamma_occipital,0.167867758745184,0.137069499795661,31
sub-18,sad,faa,-0.21498495469917853,-0.2016493885363463,31
sub-18,tender,delta_frontal,0.11112467696319892,0.07446014603843507,26
sub-18,tender,delta_central,0.34379196935489664,0.2989869267275729,26
sub-18,tender,delta_temporal,0.21009509238354795,0.16006762533416352,26
sub-18,tender,delta_parietal,0.2225966185419078,0.17223457843821074,26
sub-18,tender,delta_occipital,0.2941331293369671,0.25252165039539193,26
sub-18,tender,theta_frontal,-0.20384432930436802,-0.17698258506160214,26
sub-18,tender,theta_central,-0.29795304010757706,-0.3306929013414016,26
sub-18,tender,theta_temporal,-0.20176074161130803,-0.16088794294438724,26
sub-18,tender,theta_parietal,-0.2528086400912775,-0.235590182967268,26
sub-18,tender,theta_occipital,-0.15488001851745847,-0.1732521519130662,26
sub-18,tender,alpha_frontal,-0.17675768929458827,-0.13914658396650953,26
sub-18,tender,alpha_central,-0.2812843385630972,-0.24495042728133368,26
sub-18,tender,alpha_temporal,-0.30246748010920704,-0.26423719938668994,26
sub-18,tender,alpha_parietal,-0.2469051416276076,-0.21290792465366956,26
sub-18,tender,alpha_occipital,-0.25871213855494746,-0.21118208852446813,26
sub-18,tender,beta_frontal,-0.13751678774195863,-0.08974029582322608,26
sub-18,tender,beta_central,-0.3611552001303965,-0.307581188620992,26
sub-18,tender,beta_temporal,-0.28302066164064726,-0.23105456892961623,26
sub-18,tender,beta_parietal,-0.2510723170137275,-0.16806920048217044,26
sub-18,tender,beta_occipital,-0.2896186893353372,-0.21084237130536895,26
sub-18,tender,gamma_frontal,-0.09028880003259912,-0.03386613659899635,26
sub-18,tender,gamma_central,-0.2535031693222975,-0.19277763457703515,26
sub-18,tender,gamma_temporal,-0.206275181612938,-0.15006148334513256,26
sub-18,tender,gamma_parietal,-0.21704038469374787,-0.15123456611682268,26
sub-18,tender,gamma_occipital,-0.23752899700883764,-0.18654963782899958,26
sub-18,tender,faa,0.011112467696319892,-0.012249621370896802,26
sub-19,pleasant,delta_frontal,0.06048000106880259,0.060012766732461996,32
sub-19,pleasant,delta_central,0.09941400175684427,0.10339283854901124,32
sub-19,pleasant,delta_temporal,0.13608000240480583,0.1361794108775268,32
sub-19,pleasant,delta_parietal,-0.017388000307280743,-0.018699137911540483,32
sub-19,pleasant,delta_occipital,0.10357200183032442,0.10338553546932219,32
sub-19,pleasant,theta_frontal,-0.035532000627921514,-0.03796209666095574,32
sub-19,pleasant,theta_central,0.14307300252838612,0.14441609152803372,32
sub-19,pleasant,theta_temporal,-0.03836700067802164,-0.039958213577295024,32
sub-19,pleasant,theta_parietal,0.2315250040915099,0.23159371280799462,32
sub-19,pleasant,theta_occipital,-0.0676620011957229,-0.0730602494139472,32
sub-19,pleasant,alpha_frontal,-0.06974100123246298,-0.06933460590597561,32
sub-19,pleasant,alpha_central,-0.0980910017334642,-0.098099457810676,32
sub-19,pleasant,alpha_temporal,-0.1304100023046056,-0.1301947100199771,32
sub-19,pleasant,alpha_parietal,-0.09223200162992395,-0.09345555618585587,32
sub-19,pleasant,alpha_occipital,-0.06255900110554267,-0.06240283721513563,32
sub-19,pleasant,beta_frontal,-0.13948200246492595,-0.1407672318799431,32
sub-19,pleasant,beta_central,-0.1804950031897077,-0.19288163188679502,32
sub-19,pleasant,beta_temporal,-0.09620100170006411,-0.09651601856279228,32
sub-19,pleasant,beta_parietal,-0.19089000337340817,-0.19311761018255502,32
sub-19,pleasant,beta_occipital,-0.13003200229792555,-0.13152134802805376,32
sub-19,pleasant,gamma_frontal,-0.13608000240480583,-0.13723722665940866,32
sub-19,pleasant,gamma_central,-0.19561500345690833,-0.2063390059047775,32
sub-19,pleasant,gamma_temporal,-0.13022100230126557,-0.13148017725406053,32
sub-19,pleasant,gamma_parietal,-0.13626900240814582,-0.1367190023345092,32
sub-19,pleasant,gamma_occipital,-0.08240400145624352,-0.08238833932856118,32
sub-19,pleasant,faa,0.10338300182698443,0.10443763636220313,32
sub-19,energetic,delta_frontal,-0.1502442715532867,-0.20305407016066643,29
sub-19,energetic,delta_central,-0.09155118383464046,-0.23263646357286447,29
sub-19,energetic,delta_temporal,-0.03034984450408629,-0.0742991681561599,29
sub-19,energetic,delta_parietal,-0.1918812483109588,-0.27016100112454794,29
sub-19,energetic,delta_occipital,-0.05894391287983702,-0.11735540597203115,29
sub-19,energetic,theta_frontal,0.05543236062316587,0.05955347652185637,29
sub-19,energetic,theta_central,0.1181386509208648,0.22941207325687976,29
sub-19,energetic,theta_temporal,0.0832739535153442,0.06489948748498317,29
sub-19,energetic,theta_parietal,0.21320138701217642,0.26046809739653964,29
sub-19,energetic,theta_occipital,0.16228387929044488,0.10846281733590239,29
sub-19,energetic,alpha_frontal,0.05869308771864621,0.11344079243179997,29
sub-19,energetic,alpha_central,0.042891102563626084,0.10149007309075561,29
sub-19,energetic,alpha_temporal,0.07173599610056759,0.10499907541299079,29
sub-19,energetic,alpha_parietal,-0.026587467086224358,0.06630663216410287,29
sub-19,energetic,alpha_occipital,0.10559739286132504,0.15630302504698984,29
sub-19,energetic,beta_frontal,0.03160397031004027,0.1013784065975929,29
sub-19,energetic,beta_central,-0.015049509671447747,0.08301701395438632,29
sub-19,energetic,beta_temporal,-0.034864697405520624,0.019610922133620205,29
sub-19,energetic,beta_parietal,0.040382850951718126,0.09483868701151864,29
sub-19,energetic,beta_occipital,-0.055683185784356666,0.019834327737175028,29
sub-19,energetic,gamma_frontal,0.042891102563626084,0.07746671533311464,29
sub-19,energetic,gamma_central,-0.12139937801634516,-0.05871569162133092,29
sub-19,energetic,gamma_temporal,-0.03937955030695493,0.016461762840278945,29
sub-19,energetic,gamma_parietal,0.056937311590310645,0.09780232910606787,29
sub-19,energetic,gamma_occipital,-0.03235644579361266,0.020509727198509062,29
sub-19,energetic,faa,-0.11036307092395015,-0.09951358102313967,29
sub-19,tense,delta_frontal,-0.16056019421276632,-0.11946559133339175,33
sub-19,tense,delta_central,-0.1842773748669369,-0.11695646619790613,33
sub-19,tense,delta_temporal,-0.12336346484147723,-0.08936508719260829,33
sub-19,tense,delta_parietal,-0.023034671858367113,0.026147292489569207,33
sub-19,tense,delta_occipital,-0.033784185392271765,0.01072386367710052,33
sub-19,tense,theta_frontal,0.02269341746046538,0.03278387076043847,33
sub-19,tense,theta_central,0.18495988366274038,0.1436773948546165,33
sub-19,tense,theta_temporal,-0.02883599662269661,-0.011301959113799515,33
sub-19,tense,theta_parietal,-0.0394148829576504,-0.04232248419543763,33
sub-19,tense,theta_occipital,0.015185820706627209,0.06973773075017928,33
sub-19,tense,alpha_frontal,0.13308921518167666,0.08842894305055139,33
sub-19,tense,alpha_central,0.025252825444728393,-0.027745991443938786,33
sub-19,tense,alpha_temporal,0.07251655955411869,0.041760672101533676,33
sub-19,tense,alpha_parietal,0.007678223952789037,-0.05744215287954761,33
sub-19,tense,alpha_occipital,0.0051188159685260255,-0.03756617717436043,33
sub-19,tense,beta_frontal,0.13035917999846278,0.08894422705903225,33
sub-19,tense,beta_central,0.17796416850575483,0.1163446997196348,33
sub-19,tense,beta_temporal,0.16584963738024322,0.13316332515470905,33
sub-19,tense,beta_parietal,0.10288820096737311,0.06365199251091426,33
sub-19,tense,beta_occipital,0.11124893371596561,0.06084976064745249,33
sub-19,tense,gamma_frontal,0.12524036402993674,0.09940569556792872,33
sub-19,tense,gamma_central,0.15834204062640506,0.11250670164449957,33
sub-19,tense,gamma_temporal,0.1518582070662721,0.1192531548144153,33
sub-19,tense,gamma_parietal,0.12063342965826335,0.0906455839634062,33
sub-19,tense,gamma_occipital,0.07968290191005513,0.03778152167474825,33
sub-19,tense,faa,-0.18069420368896869,-0.20103963222428692,33
sub-19,angry,delta_frontal,0.21357689010744899,0.18458760554887965,27
sub-19,angry,delta_central,0.270221195744642,0.17203622838670804,27
sub-19,angry,delta_temporal,0.20429093836364684,0.17633675940625504,27
sub-19,angry,delta_parietal,0.20398140663885345,0.16234639819553437,27
sub-19,angry,delta_occipital,0.15600398929587578,0.11769563693381369,27
sub-19,angry,theta_frontal,0.01640518141405043,-0.05218541826178545,27
sub-19,angry,theta_central,0.026310196607439367,0.05546443714820518,27
sub-19,angry,theta_temporal,0.08883560501570703,0.044012962548066074,27
sub-19,angry,theta_parietal,0.0359056800760349,0.02453314516145191,27
sub-19,angry,theta_occipital,0.09378811261240153,0.0375007864815402,27
sub-19,angry,alpha_frontal,-0.2646496246983607,-0.22653501565804543,27
sub-19,angry,alpha_central,-0.17674261485703388,-0.10996508716332969,27
sub-19,angry,alpha_temporal,-0.24360146741240918,-0.23627204241622216,27
sub-19,angry,alpha_parietal,-0.1792188686553811,-0.10958294485373607,27
sub-19,angry,alpha_occipital,-0.13897974443223854,-0.13437727845556893,27
sub-19,angry,beta_frontal,-0.15940883826860322,-0.1069566483036328,27
sub-19,angry,beta_central,-0.32067486688596686,-0.2198894850634566,27
sub-19,angry,beta_temporal,-0.19655264524381175,-0.1494277709757569,27
sub-19,angry,beta_parietal,-0.21605314390579622,-0.17299536191927006,27
sub-19,angry,beta_occipital,-0.1863380983256294,-0.14261595981045722,27
sub-19,angry,gamma_frontal,-0.12721753889008916,-0.06551606376801063,27
sub-19,angry,gamma_central,-0.21326735838265556,-0.10816735084468905,27
sub-19,angry,gamma_temporal,-0.20831485078596113,-0.15796770594738208,27
sub-19,angry,gamma_parietal,-0.1510514816991813,-0.10533685155170247,27
sub-19,angry,gamma_occipital,-0.19252873282149746,-0.15747899968401047,27
sub-19,angry,faa,0.26991166401984856,0.2906244370316253,27
sub-19,afraid,delta_frontal,0.14663756474441644,0.18556517901796896,28
sub-19,afraid,delta_central,0.31198887584669177,0.3704499839364546,28
sub-19,afraid,delta_temporal,0.13490655956486314,0.1693176414930302,28
sub-19,afraid,delta_parietal,0.1692616461621264,0.21454326060598175,28
sub-19,afraid,delta_occipital,0.16674785933793643,0.21608777494934406,28
sub-19,afraid,theta_frontal,-0.10194802120326096,-0.10684926208119182,28
sub-19,afraid,theta_central,-0.3139440433766173,-0.3372782334451116,28
sub-19,afraid,theta_temporal,0.08518944237532765,0.09220189640064651,28
sub-19,afraid,theta_parietal,-0.33600950550006287,-0.3396637701043279,28
sub-19,afraid,theta_occipital,-0.11591350355987207,-0.1058710595484659,28
sub-19,afraid,alpha_frontal,0.04049989883417216,0.017192972540953314,28
sub-19,afraid,alpha_central,0.0008379289413966654,-0.027764513439682423,28
sub-19,afraid,alpha_temporal,0.09356873178929431,0.07916149201902271,28
sub-19,afraid,alpha_parietal,0.05725847766210548,0.03441995065299543,28
sub-19,afraid,alpha_occipital,-0.013965482356611091,-0.045315120288489774,28
sub-19,afraid,beta_frontal,-0.1282031280336898,-0.16317170083303964,28
sub-19,afraid,beta_central,-0.2315476974726119,-0.27633547040753315,28
sub-19,afraid,beta_temporal,-0.19858915911100972,-0.22913435477148153,28
sub-19,afraid,beta_parietal,-0.13127553415214424,-0.16729386499608673,28
sub-19,afraid,beta_occipital,-0.1254100315623676,-0.16922036653748737,28
sub-19,afraid,gamma_frontal,-0.1703788847506553,-0.19852353737948825,28
sub-19,afraid,gamma_central,-0.2737234541895774,-0.3049306527737459,28
sub-19,afraid,gamma_temporal,-0.28880617513471735,-0.32090700539911704,28
sub-19,afraid,gamma_parietal,-0.17540645839903532,-0.20558755610964408,28
sub-19,afraid,gamma_occipital,-0.08379289413966655,-0.1347298720084197,28
sub-19,afraid,faa,0.14579963580301977,0.1408100925812036,28
sub-19,happy,delta_frontal,-0.25678860508196427,-0.28105932100343134,30
sub-19,happy,delta_central,-0.13952938364630624,-0.1720170902052233,30
sub-19,happy,delta_temporal,-0.2397451135942233,-0.2611224964568498,30
sub-19,happy,delta_parietal,-0.27269586380385585,-0.3014034056815729,30
sub-19,happy,delta_occipital,-0.2645149878897402,-0.2896475891080944,30
sub-19,happy,theta_frontal,0.05522091242028081,0.04971639432520118,30
sub-19,happy,theta_central,-0.06044758314318806,-0.056621610468257366,30
sub-19,happy,theta_temporal,0.0018179724253590394,-0.013375138317978753,30
sub-19,happy,theta_parietal,-0.002272465531698799,-0.005231169868661401,30
sub-19,happy,theta_occipital,-0.1220313990522255,-0.15205218818021393,30
sub-19,happy,alpha_frontal,0.1977045012577955,0.2113162474999395,30
sub-19,happy,alpha_central,0.1458922871350629,0.16421433359858992,30
sub-19,happy,alpha_temporal,0.2495167153805281,0.26062121119475334,30
sub-19,happy,alpha_parietal,0.1672534631330316,0.19978545276948015,30
sub-19,happy,alpha_occipital,0.33200721418119455,0.3419104916518829,30
sub-19,happy,beta_frontal,0.2190656772557642,0.24639652253550365,30
sub-19,happy,beta_central,0.12725806977513274,0.16817926264748098,30
sub-19,happy,beta_temporal,0.19088710466269912,0.2123887147790734,30
sub-19,happy,beta_parietal,0.2147479927455365,0.24148337649523027,30
sub-19,happy,beta_occipital,0.21565697895821603,0.24635574035739174,30
sub-19,happy,gamma_frontal,0.20497639095923167,0.22170594831167784,30
sub-19,happy,gamma_central,0.08226325224749653,0.10335799321521973,30
sub-19,happy,gamma_temporal,0.1849786942802822,0.20739025672632416,30
sub-19,happy,gamma_parietal,0.21520248585187626,0.23588953449360822,30
sub-19,happy,gamma_occipital,0.24179033257275223,0.27258795846671363,30
sub-19,happy,faa,-0.02454262774234703,-0.024944003387565163,30
sub-19,sad,delta_frontal,-0.0596928013222593,-0.04427170756106144,27
sub-19,sad,delta_central,-0.15588171951512275,-0.09575527001575189,27
sub-19,sad,delta_temporal,-0.13515934807164415,-0.1305100301339457,27
sub-19,sad,delta_parietal,0.04453763414717792,0.06704584853011068,27
sub-19,sad,delta_occipital,-0.09928180945308411,-0.09383133865728331,27
sub-19,sad,theta_frontal,-0.32227926931499584,-0.30899770485506817,27
sub-19,sad,theta_central,-0.0866009552861793,-0.1596289220248021,27
sub-19,sad,theta_temporal,-0.055672042683972404,-0.03157221660673594,27
sub-19,sad,theta_parietal,-0.3451666646406289,-0.3604059677665025,27
sub-19,sad,theta_occipital,-0.17660409095860136,-0.14129090002469932,27
sub-19,sad,alpha_frontal,0.05072341666761931,0.0201308448320936,27
sub-19,sad,alpha_central,0.1162927113842979,0.08972728415918299,27
sub-19,sad,alpha_temporal,0.03618682774458206,0.03416362809805639,27
sub-19,sad,alpha_parietal,-0.006495071646463447,-0.05158210585735928,27
sub-19,sad,alpha_occipital,0.07175507723711998,0.06178240149635231,27
sub-19,sad,beta_frontal,0.21773954471953652,0.204504865881875,27
sub-19,sad,beta_central,0.2486684573217434,0.20349547931612297,27
sub-19,sad,beta_temporal,0.15278882825490203,0.14310320580594116,27
sub-19,sad,beta_parietal,0.2180488338455586,0.20740998464316815,27
sub-19,sad,beta_occipital,0.12464351778689377,0.10474757890310106,27
sub-19,sad,gamma_frontal,0.1552631412630786,0.15785850289117348,27
sub-19,sad,gamma_central,0.3074333912659365,0.28449095412263203,27
sub-19,sad,gamma_temporal,0.1540259847589903,0.13926911983005652,27
sub-19,sad,gamma_parietal,0.18990352337755032,0.19134773542470027,27
sub-19,sad,gamma_occipital,0.11319982012407723,0.10655815206846346,27
sub-19,sad,faa,0.157118876019211,0.15873750131262376,27
sub-19,tender,delta_frontal,-0.125097864794294,-0.1347746912118238,29
sub-19,tender,delta_central,-0.31863604439588716,-0.35951982816177874,29
sub-19,tender,delta_temporal,-0.1867693572580141,-0.1928678578486318,29
sub-19,tender,delta_parietal,-0.15367733691162772,-0.1663984293248431,29
sub-19,tender,delta_occipital,-0.25671385480833075,-0.26757261840271795,29
sub-19,tender,theta_frontal,-0.09626769555312405,-0.09935284708864976,29
sub-19,tender,theta_central,0.20231257893586224,0.20892057456534016,29
sub-19,tender,theta_temporal,0.030334351984187526,0.024621840192578244,29
sub-19,tender,theta_parietal,0.06493055507359148,0.06828717375518653,29
sub-19,tender,theta_occipital,-0.09125375307639884,-0.10188810073306748,29
sub-19,tender,alpha_frontal,0.10830115749726454,0.11487184991275834,29
sub-19,tender,alpha_central,0.0965183926769603,0.10891973068526259,29
sub-19,tender,alpha_temporal,0.05615615573932236,0.06123707968130642,29
sub-19,tender,alpha_parietal,0.10103094090601299,0.11411696219723166,29
sub-19,tender,alpha_occipital,0.16295313049356935,0.1625988807993719,29
sub-19,tender,beta_frontal,0.19328748247775687,0.20530627074893598,29
sub-19,tender,beta_central,0.23741017627293873,0.2767686094049631,29
sub-19,tender,beta_temporal,0.2281343826909971,0.23584104825996374,29
sub-19,tender,beta_parietal,0.15066897142559257,0.16215911768988905,29
sub-19,tender,beta_occipital,0.2862961154210095,0.29994566006087453,29
sub-19,tender,gamma_frontal,0.12860762452800167,0.13813502782085677,29
sub-19,tender,gamma_central,0.1747358953138736,0.19903420351400186,29
sub-19,tender,gamma_temporal,0.18000053491443507,0.18918386191474726,29
sub-19,tender,gamma_parietal,0.1569363995214991,0.16520231275466338,29
sub-19,tender,gamma_occipital,0.1935381796015931,0.20449503794630788,29
sub-19,tender,faa,-0.345460636646367,-0.3442366513974601,29
sub-20,pleasant,delta_frontal,-0.12636786879241357,-0.27576897777075987,28
sub-20,pleasant,delta_central,-0.01461397122089137,-0.09044624531595916,28
sub-20,pleasant,delta_temporal,-0.1512975844045224,-0.2604078158958664,28
sub-20,pleasant,delta_parietal,-0.20516869400310234,-0.2607958440663546,28
sub-20,pleasant,delta_occipital,-0.2329638941683271,-0.29942753733545324,28
sub-20,pleasant,theta_frontal,-0.011175389757152222,-0.09700164228289981,28
sub-20,pleasant,theta_central,-0.08567798813816703,-0.15236441802629336,28
sub-20,pleasant,theta_temporal,0.2547415767720083,0.21439336929276548,28
sub-20,pleasant,theta_parietal,0.030660684718340714,-0.04017849104141989,28
sub-20,pleasant,theta_occipital,0.09112240878908734,0.05621960102180488,28
sub-20,pleasant,alpha_frontal,0.12866025643490636,0.2798863637588658,28
sub-20,pleasant,alpha_central,0.0696312746407177,0.21911419134776078,28
sub-20,pleasant,alpha_temporal,0.1449935183876673,0.3337545712953621,28
sub-20,pleasant,alpha_parietal,0.12206964196273966,0.21524662143435222,28
sub-20,pleasant,alpha_occipital,0.14785900294078325,0.319996539482093,28
sub-20,pleasant,beta_frontal,-0.21806337449212412,-0.19833072331590595,28
sub-20,pleasant,beta_central,0.012321583578398604,-0.031206643329531002,28
sub-20,pleasant,beta_temporal,-0.23468318490019666,-0.29611759012499433,28
sub-20,pleasant,beta_parietal,-0.09971886244843521,-0.19484309950345827,28
sub-20,pleasant,beta_occipital,-0.023783521790862423,-0.08709913365244171,28
sub-20,pleasant,gamma_frontal,-0.15301687513639198,-0.1754919379737368,28
sub-20,pleasant,gamma_central,-0.1278006110689716,-0.2032278701942072,28
sub-20,pleasant,gamma_temporal,0.023496973335550828,-0.05986384334961154,28
sub-20,pleasant,gamma_parietal,-0.33067691742958116,-0.443133472865128,28
sub-20,pleasant,gamma_occipital,-0.1077422191971599,-0.226450427659645,28
sub-20,pleasant,faa,-0.2974372966134361,-0.2510601901102096,28
sub-20,energetic,delta_frontal,0.2248933819228834,0.34636694658594896,30
sub-20,energetic,delta_central,0.22240462216317342,0.29270207484655747,30
sub-20,energetic,delta_temporal,0.293447400758531,0.3653503774144663,30
sub-20,energetic,delta_parietal,0.22987090144230338,0.2325104848636455,30
sub-20,energetic,delta_occipital,0.31788249658113804,0.33735156994344767,30
sub-20,energetic,theta_frontal,-0.11267294184868806,-0.05086298970089793,30
sub-20,energetic,theta_central,-0.003393763308695424,0.03565225712426034,30
sub-20,energetic,theta_temporal,-0.221499618614188,-0.2092330415503166,30
sub-20,energetic,theta_parietal,0.01583756210724531,0.026049094138683233,30
sub-20,energetic,theta_occipital,-0.24751847064751958,-0.24153246725014357,30
sub-20,energetic,alpha_frontal,-0.042761417689562334,-0.12996646770356113,30
sub-20,energetic,alpha_central,-0.037557647282896026,-0.12372452912817568,30
sub-20,energetic,alpha_temporal,0.01583756210724531,-0.05801451732942685,30
sub-20,energetic,alpha_parietal,-0.14887308380810593,-0.18246384428091145,30
sub-20,energetic,alpha_occipital,0.03258012776347607,-0.048957744762121023,30
sub-20,energetic,beta_frontal,0.016290063881738034,-0.0038483136269403875,30
sub-20,energetic,beta_central,0.07285278569332843,0.097142006933328,30
sub-20,energetic,beta_temporal,-0.14819433114636682,-0.12147265616191585,30
sub-20,energetic,beta_parietal,-0.08280782473216833,-0.029498676367759196,30
sub-20,energetic,beta_occipital,-0.12964175839216516,-0.07064268070612864,30
sub-20,energetic,gamma_frontal,-0.17466568495419113,-0.16894212390775912,30
sub-20,energetic,gamma_central,-0.057467725360575844,-0.018403463627273183,30
sub-20,energetic,gamma_temporal,-0.041403912366084164,0.021066719359793106,30
sub-20,energetic,gamma_parietal,-0.025113848484346134,0.0172647537145138,30
sub-20,energetic,gamma_occipital,-0.09819288506492091,-0.04993005881518092,30
sub-20,energetic,faa,-0.10249165192260179,-0.08813494948675023,30
sub-20,tense,delta_frontal,0.040982651282911564,0.0019177287294772332,28
sub-20,tense,delta_central,0.1720156179697717,0.16168510657023955,28
sub-20,tense,delta_temporal,0.02118830950681142,-0.006032135384462256,28
sub-20,tense,delta_parietal,-0.08754117348866826,-0.09059987388176256,28
sub-20,tense,delta_occipital,0.0727651155431287,0.07537541707580557,28
sub-20,tense,theta_frontal,-0.0671892446202836,-0.09593222594577787,28
sub-20,tense,theta_central,-0.1605850825779392,-0.20770473411364582,28
sub-20,tense,theta_temporal,-0.10956586363390644,-0.11333458929405484,28
sub-20,tense,theta_parietal,-0.0401462706444848,-0.014161199870486715,28
sub-20,tense,theta_occipital,-0.1862340888230267,-0.20040734169144223,28
sub-20,tense,alpha_frontal,0.08475323802724569,0.12177425413578848,28
sub-20,tense,alpha_central,0.26429628174285824,0.30100176387378624,28
sub-20,tense,alpha_temporal,0.31308515231775297,0.3408696288492534,28
sub-20,tense,alpha_parietal,0.024255038514376232,0.033306820456890665,28
sub-20,tense,alpha_occipital,0.17647631470804775,0.2161384104053172,28
sub-20,tense,beta_frontal,0.10120205724963877,0.11662446040016972,28
sub-20,tense,beta_central,-0.21271947570654098,-0.21362416728227065,28
sub-20,tense,beta_temporal,-0.23111984975192987,-0.24118026476084486,28
sub-20,tense,beta_parietal,0.04795248993646796,0.021369211140179627,28
sub-20,tense,beta_occipital,-0.12573588931015725,-0.16562047402519195,28
sub-20,tense,gamma_frontal,-0.19738583066871693,-0.19013908320784562,28
sub-20,tense,gamma_central,-0.20268290804541977,-0.2091309210552389,28
sub-20,tense,gamma_temporal,0.05631629632073562,0.03483488232611019,28
sub-20,tense,gamma_parietal,0.03791592227534675,0.04792913652406181,28
sub-20,tense,gamma_occipital,0.14162712144026582,0.12322122079443748,28
sub-20,tense,faa,-0.11848725711045861,-0.14484786856723805,28
sub-20,angry,delta_frontal,-0.1391152785727401,-0.10345127666454314,29
sub-20,angry,delta_central,0.003937224865266229,0.0385936727198498,29
sub-20,angry,delta_temporal,0.0721824558632142,0.1110852856832189,29
sub-20,angry,delta_parietal,-0.047771661698563575,-0.0515998133562512,29
sub-20,angry,delta_occipital,-0.14882709990706344,-0.1442336926065666,29
sub-20,angry,theta_frontal,0.003937224865266229,0.04674880532769411,29
sub-20,angry,theta_central,0.2186472208511179,0.2723147036287431,29
sub-20,angry,theta_temporal,0.008399413045901288,0.03639411506853533,29
sub-20,angry,theta_parietal,-0.05459618479835837,-0.03757985221558326,29
sub-20,angry,theta_occipital,-0.14908958156474786,-0.13554227274792777,29
sub-20,angry,alpha_frontal,0.051446404906145396,0.019352825054262803,29
sub-20,angry,alpha_central,-0.2372834185467114,-0.2714953054424754,29
sub-20,angry,alpha_temporal,-0.21995962913953998,-0.25490849992614917,29
sub-20,angry,alpha_parietal,0.0601082996097311,0.04711574945313297,29
sub-20,angry,alpha_occipital,0.056433556402149275,0.021934939586386,29
sub-20,angry,beta_frontal,0.04462188180635059,0.018438009514780602,29
sub-20,angry,beta_central,0.06667034105184148,0.054507426353972675,29
sub-20,angry,beta_temporal,0.30894091109455674,0.3056666479662521,29
sub-20,angry,beta_parietal,0.037797358706555796,0.05321626523225756,29
sub-20,angry,beta_occipital,0.227571597212388,0.2584384880797231,29
sub-20,angry,gamma_frontal,0.011811674595798686,-0.016875744208460913,29
sub-20,angry,gamma_central,0.06667034105184148,0.055035892231931394,29
sub-20,angry,gamma_temporal,-0.09528084173944273,-0.09033179599585796,29
sub-20,angry,gamma_parietal,0.03674743207581814,0.020428114642439436,29
sub-20,angry,gamma_occipital,-0.1690381875487634,-0.16819035209488403,29
sub-20,angry,faa,0.10919236959671674,0.09874655460676449,29
sub-20,afraid,delta_frontal,0.15887484528328263,0.2779890252676136,29
sub-20,afraid,delta_central,0.5422244719668163,0.6279194937127828,29
sub-20,afraid,delta_temporal,0.268549738478839,0.33022100553947004,29
sub-20,afraid,delta_parietal,0.10352489918459061,0.0854841871036108,29
sub-20,afraid,delta_occipital,0.1270998762266261,0.14219148085821248,29
sub-20,afraid,theta_frontal,0.40103085946506023,0.4612611614686702,29
sub-20,afraid,theta_central,-0.003587496506396705,0.02453138034890798,29
sub-20,afraid,theta_temporal,0.3244121840784449,0.32427714988429823,29
sub-20,afraid,theta_parietal,0.09378740866722815,0.1051750404745369,29
sub-20,afraid,theta_occipital,0.25727474945873513,0.24802257731674673,29
sub-20,afraid,alpha_frontal,-0.1942373108463359,-0.3034849004667124,29
sub-20,afraid,alpha_central,-0.32620593233164324,-0.41133507232437416,29
sub-20,afraid,alpha_temporal,-0.23344352266624271,-0.30589791487787776,29
sub-20,afraid,alpha_parietal,-0.00717499301279341,-0.029635615147099875,29
sub-20,afraid,alpha_occipital,-0.10916239369464259,-0.18594647265739642,29
sub-20,afraid,beta_frontal,0.057912443603261095,0.019631674607385685,29
sub-20,afraid,beta_central,-0.20423105111415527,-0.2056256591639718,29
sub-20,afraid,beta_temporal,-0.018962481533811155,-0.0007738248194454461,29
sub-20,afraid,beta_parietal,-0.421018340000699,-0.3773188491562289,29
sub-20,afraid,beta_occipital,0.1060873966891597,0.13983194042113176,29
sub-20,afraid,gamma_frontal,-0.5055807576514785,-0.5341045507924924,29
sub-20,afraid,gamma_central,-0.41025585048150887,-0.40720752337811644,29
sub-20,afraid,gamma_temporal,-0.4164058444924747,-0.37838777596115003,29
sub-20,afraid,gamma_parietal,-0.29058721701813306,-0.2584426770164797,29
sub-20,afraid,gamma_occipital,-0.3195434388197636,-0.2727395911371974,29
sub-20,afraid,faa,-0.08558741665260709,-0.07539574477199575,29
sub-20,happy,delta_frontal,-0.35377199127743414,-0.2712670039179577,32
sub-20,happy,delta_central,-0.30606180268831323,-0.2516149588712462,32
sub-20,happy,delta_temporal,-0.1915950656385251,-0.1334292674612384,32
sub-20,happy,delta_parietal,-0.06109921384535642,-0.04718564787608801,32
sub-20,happy,delta_occipital,-0.23195071922774202,-0.22601935642471166,32
sub-20,happy,theta_frontal,-0.09240313205007608,0.008211098998472157,32
sub-20,happy,theta_central,-0.018103470768994497,0.033817968328342135,32
sub-20,happy,theta_temporal,-0.20385262397169843,-0.18237178343394647,32
sub-20,happy,theta_parietal,-0.14671354435705958,-0.1507904542494868,32
sub-20,happy,theta_occipital,0.06713370410168794,0.12650151180045727,32
sub-20,happy,alpha_frontal,0.2462826335865293,0.16250253180273835,32
sub-20,happy,alpha_central,0.045635832563506964,-0.055355861003325756,32
sub-20,happy,alpha_temporal,0.18612630884372466,0.1018826649891807,32
sub-20,happy,alpha_parietal,0.05921343564025284,0.01202126735822546,32
sub-20,happy,alpha_occipital,0.14313056576736274,0.049797246033718774,32
sub-20,happy,beta_frontal,0.1553881241005361,0.11643296873968403,32
sub-20,happy,beta_central,0.07901410679384056,0.10346796301271945,32
sub-20,happy,beta_temporal,-0.0686423266657708,-0.03561050982919485,32
sub-20,happy,beta_parietal,0.02583516140991923,0.10395446103297563,32
sub-20,happy,beta_occipital,0.04940738897371415,0.13600745754520752,32
sub-20,happy,gamma_frontal,0.058270546537701036,0.04837751255698952,32
sub-20,happy,gamma_central,0.003394400769186468,0.05438186546889894,32
sub-20,happy,gamma_temporal,-0.1293643848701065,-0.05433575126877503,32
sub-20,happy,gamma_parietal,-0.17104008320289593,-0.1371245450820681,32
sub-20,happy,gamma_occipital,-0.11672967089591246,-0.04141257770628053,32
sub-20,happy,faa,-0.023760805384305278,0.004990092649680719,32
sub-20,sad,delta_frontal,0.030975701524534244,-0.030364391371622824,33
sub-20,sad,delta_central,-0.022175786318700652,-0.06599586222579373,33
sub-20,sad,delta_temporal,0.025519754096917417,-0.020835574442537128,33
sub-20,sad,delta_parietal,0.1881421871007222,0.19743275309940642,33
sub-20,sad,delta_occipital,-0.035727655735684385,-0.04517421180209427,33
sub-20,sad,theta_frontal,0.02569575240103409,-0.018683380685331385,33
sub-20,sad,theta_central,0.03431966930275101,0.014500442503572878,33
sub-20,sad,theta_temporal,-0.03027170830806756,-0.04739034401692334,33
sub-20,sad,theta_parietal,-0.2275658072228567,-0.2014955545781852,33
sub-20,sad,theta_occipital,0.00475195421115014,-0.016477797023902778,33
sub-20,sad,alpha_frontal,0.022703781231050667,0.07227956045251459,33
sub-20,sad,alpha_central,0.06318339117788518,0.1331460120265731,33
sub-20,sad,alpha_temporal,0.13974265346863746,0.2094118921789131,33
sub-20,sad,alpha_parietal,-0.12284681627343695,-0.12026330758732255,33
sub-20,sad,alpha_occipital,0.007391928772900217,0.06928778281010958,33
sub-20,sad,beta_frontal,-0.11615888071700342,-0.09721732776465308,33
sub-20,sad,beta_central,-0.2662854341285245,-0.2970241693589129,33
sub-20,sad,beta_temporal,-0.2324937597381235,-0.2636036175477028,33
sub-20,sad,beta_parietal,0.18867018201307223,0.15492818881055972,33
sub-20,sad,beta_occipital,0.03484766421510102,-0.028849991925093788,33
sub-20,sad,gamma_frontal,0.07268729960018548,0.08391049608321599,33
sub-20,sad,gamma_central,0.009151911814066936,-0.011160840846960974,33
sub-20,sad,gamma_temporal,0.03801563368920112,-0.00804094044635992,33
sub-20,sad,gamma_parietal,-0.0362556506480344,-0.034433120872901235,33
sub-20,sad,gamma_occipital,-0.06547136913140193,-0.10010627633636841,33
sub-20,sad,faa,0.3263008558323096,0.31940640724867825,33
sub-20,tender,delta_frontal,0.14129515618035077,0.22940824652016892,30
sub-20,tender,delta_central,0.27348994636942475,0.33504282052948736,30
sub-20,tender,delta_temporal,-0.030414381076109408,0.03626870348633459,30
sub-20,tender,delta_parietal,0.24618884839559424,0.2569374781241453,30
sub-20,tender,delta_occipital,0.15374828858946643,0.1812500027606168,30
sub-20,tender,theta_frontal,-0.06370256193893782,-0.024092001698353,30
sub-20,tender,theta_central,-0.08118484397481171,-0.04965773584441562,30
sub-20,tender,theta_temporal,-0.2445124651866748,-0.21399668873601804,30
sub-20,tender,theta_parietal,0.307017610547813,0.31767195780663027,30
sub-20,tender,theta_occipital,0.10824645863308228,0.13115445831924538,30
sub-20,tender,alpha_frontal,-0.22703018315080092,-0.2923625323176043,30
sub-20,tender,alpha_central,-0.14105567286479084,-0.1993850177533293,30
sub-20,tender,alpha_temporal,-0.15542467179838587,-0.23144185883839763,30
sub-20,tender,alpha_parietal,-0.4044873199806991,-0.4313401672966268,30
sub-20,tender,alpha_occipital,-0.2787585793117429,-0.34363352493287136,30
sub-20,tender,beta_frontal,0.4873485471644302,0.4700538962290797,30
sub-20,tender,beta_central,0.28450617888518087,0.31049882791640776,30
sub-20,tender,beta_temporal,0.3333607752594039,0.34253924548324294,30
sub-20,tender,beta_parietal,0.576915307183839,0.6100053512178994,30
sub-20,tender,beta_occipital,0.2933670615608978,0.32985067271191193,30
sub-20,tender,gamma_frontal,0.20835048453712743,0.20267219958244517,30
sub-20,tender,gamma_central,0.031372314338349076,0.04321821163655963,30
sub-20,tender,gamma_temporal,0.09172210985944804,0.12545454965950306,30
sub-20,tender,gamma_parietal,0.1662014209985821,0.17139087572906997,30
sub-20,tender,gamma_occipital,0.0651394618322973,0.09420525522992292,30
sub-20,tender,faa,0.09483539296172697,0.07827574330053476,30
sub-21,pleasant,delta_frontal,0.37807578147262844,0.37725402897118826,32
sub-21,pleasant,delta_central,0.3343361304879599,0.330773916360222,32
sub-21,pleasant,delta_temporal,0.4088624886034681,0.39781272340868584,32
sub-21,pleasant,delta_parietal,0.3491663125814742,0.3459363827124638,32
sub-21,pleasant,delta_occipital,0.3609929134914918,0.35713175762886074,32
sub-21,pleasant,theta_frontal,-0.28984558420741724,-0.28907057017581383,32
sub-21,pleasant,theta_central,-0.18453251896106937,-0.20975549123613665,32
sub-21,pleasant,theta_temporal,-0.1051253414223793,-0.11436129907386641,32
sub-21,pleasant,theta_parietal,-0.20762254930919916,-0.21423644759758267,32
sub-21,pleasant,theta_occipital,-0.3878374203189922,-0.3800109470106514,32
sub-21,pleasant,alpha_frontal,-0.33565019725573964,-0.32746066106058785,32
sub-21,pleasant,alpha_central,-0.3696282093940444,-0.3556207087358482,32
sub-21,pleasant,alpha_temporal,-0.43589471925493706,-0.42109239165697443,32
sub-21,pleasant,alpha_parietal,-0.28984558420741724,-0.2962858241468137,32
sub-21,pleasant,alpha_occipital,-0.35705071318815257,-0.3507601188169388,32
sub-21,pleasant,beta_frontal,-0.3401555690309845,-0.33532995074750727,32
sub-21,pleasant,beta_central,-0.23596884672844784,-0.23484148088828172,32
sub-21,pleasant,beta_temporal,-0.38802514414296074,-0.39310005489689376,32
sub-21,pleasant,beta_parietal,-0.3056143854207742,-0.297061251761848,32
sub-21,pleasant,beta_occipital,-0.3696282093940444,-0.35906844473060223,32
sub-21,pleasant,gamma_frontal,-0.33846605461526763,-0.3119212204261717,32
sub-21,pleasant,gamma_central,-0.31931822457047715,-0.2993829896271851,32
sub-21,pleasant,gamma_temporal,-0.4317647951276293,-0.4194681226708089,32
sub-21,pleasant,gamma_parietal,-0.42613308040857323,-0.40578831645239416,32
sub-21,pleasant,gamma_occipital,-0.3760108194089746,-0.3523847827875105,32
sub-21,pleasant,faa,0.0046930955992133625,0.00762074104648084,32
sub-21,energetic,delta_frontal,0.006237261705742797,0.04730140624259524,29
sub-21,energetic,delta_central,-0.003243376086986254,0.037607813761905674,29
sub-21,energetic,delta_temporal,0.07384917859599471,0.13425920900669486,29
sub-21,energetic,delta_parietal,0.054139431605847485,0.1050263818535916,29
sub-21,energetic,delta_occipital,0.015468409030242136,0.06853241773576058,29
sub-21,energetic,theta_frontal,-0.055636374415225745,-0.09508950397791487,29
sub-21,energetic,theta_central,-0.2736910436479939,-0.26544847499995283,29
sub-21,energetic,theta_temporal,0.003742357023445678,-0.031430903038267136,29
sub-21,energetic,theta_parietal,-0.07384917859599471,-0.10021232050255183,29
sub-21,energetic,theta_occipital,-0.030437837124024845,-0.0901629628577525,29
sub-21,energetic,alpha_frontal,-0.15218918562012423,-0.2062021966723412,29
sub-21,energetic,alpha_central,-0.12649166739246392,-0.1605945382708119,29
sub-21,energetic,alpha_temporal,-0.08557523060279118,-0.1512946494016349,29
sub-21,energetic,alpha_parietal,-0.02245414214067407,-0.06643973334729637,29
sub-21,energetic,alpha_occipital,-0.20757606956712027,-0.26373074282808207,29
sub-21,energetic,beta_frontal,0.14744886672375973,0.11409327901716178,29
sub-21,energetic,beta_central,0.1758907801019469,0.1451458884206507,29
sub-21,energetic,beta_temporal,0.0860742115392506,0.05591139067049094,29
sub-21,energetic,beta_parietal,0.21331435033640367,0.18124875590245193,29
sub-21,energetic,beta_occipital,0.12225032943255883,0.08273738517728146,29
sub-21,energetic,gamma_frontal,0.03542764648861908,-0.0359571157525905,29
sub-21,energetic,gamma_central,0.004989809364594237,-0.04657728857993751,29
sub-21,energetic,gamma_temporal,-0.10104363963303331,-0.15720163253922478,29
sub-21,energetic,gamma_parietal,-0.1155140867903566,-0.187909245087688,29
sub-21,energetic,gamma_occipital,-0.04391032240842929,-0.12784917198408952,29
sub-21,energetic,faa,-0.15069224281074597,-0.13750311851050018,29
sub-21,tense,delta_frontal,-0.24139813252341188,-0.2720637802637167,32
sub-21,tense,delta_central,-0.3161120871300296,-0.3421480146908857,32
sub-21,tense,delta_temporal,-0.2831165843342136,-0.2858085343277753,32
sub-21,tense,delta_parietal,-0.25562033200436707,-0.280240786190474,32
sub-21,tense,delta_occipital,-0.20821300040118326,-0.22399836738246195,32
sub-21,tense,theta_frontal,0.07452432528020494,0.11076456817801622,32
sub-21,tense,theta_central,0.24556997770449204,0.3585228495900698,32
sub-21,tense,theta_temporal,0.2681358675476076,0.3243219218947284,32
sub-21,tense,theta_parietal,0.2764795579097679,0.33207736181980024,32
sub-21,tense,theta_occipital,0.1115020439306883,0.10798799368775326,32
sub-21,tense,alpha_frontal,0.26586031563065476,0.2564839831423238,32
sub-21,tense,alpha_central,0.355175728371053,0.3480246742279738,32
sub-21,tense,alpha_temporal,0.23988109791211001,0.21662407756593824,32
sub-21,tense,alpha_parietal,0.20157597397673752,0.21307547146447478,32
sub-21,tense,alpha_occipital,0.2810306617436735,0.28726306042904204,32
sub-21,tense,beta_frontal,0.23988109791211001,0.25068654464400664,32
sub-21,tense,beta_central,0.208402629727596,0.20836557879302728,32
sub-21,tense,beta_temporal,0.17806193750155835,0.190988834272093,32
sub-21,tense,beta_parietal,0.21826335470105818,0.22472209577272134,32
sub-21,tense,beta_occipital,0.2230040878613766,0.21673331808619448,32
sub-21,tense,gamma_frontal,0.35802016826724403,0.3131746826701857,32
sub-21,tense,gamma_central,0.2542929267194779,0.23183745851577497,32
sub-21,tense,gamma_temporal,0.2408292445441737,0.2140048212714627,32
sub-21,tense,gamma_parietal,0.30625136215656734,0.2793960524396466,32
sub-21,tense,gamma_occipital,0.2946839732453905,0.2528839594911693,32
sub-21,tense,faa,0.15397901304714096,0.1364325589974077,32
sub-21,angry,delta_frontal,-0.33055044332050904,-0.3469971527022191,26
sub-21,angry,delta_central,-0.28696520554090604,-0.32764906243837477,26
sub-21,angry,delta_temporal,-0.2803402493984064,-0.3223728302386454,26
sub-21,angry,delta_parietal,-0.27929420369169594,-0.30906925838379407,26
sub-21,angry,delta_occipital,-0.356352904086034,-0.38947922503481386,26
sub-21,angry,theta_frontal,0.11890052866275694,0.14687483583340136,26
sub-21,angry,theta_central,0.09309806789723196,0.08517196962743127,26
sub-21,angry,theta_temporal,0.16248576644235993,0.174880005923691,26
sub-21,angry,theta_parietal,-0.006276274240262829,0.007820454135757469,26
sub-21,angry,theta_occipital,0.25488647053511826,0.3016562036846808,26
sub-21,angry,alpha_frontal,0.4362010596982666,0.441988655237386,26
sub-21,angry,alpha_central,0.2088604594398575,0.26360844850072906,26
sub-21,angry,alpha_temporal,0.27266924754919625,0.3188476800102798,26
sub-21,angry,alpha_parietal,0.28975466075880063,0.29293033759879,26
sub-21,angry,alpha_occipital,0.2705771561357753,0.2863630194468421,26
sub-21,angry,beta_frontal,0.3535634488681394,0.38762981691310916,26
sub-21,angry,beta_central,0.39087241240747955,0.416625118415712,26
sub-21,angry,beta_temporal,0.43724710540497713,0.4685658883665771,26
sub-21,angry,beta_parietal,0.32566889668919347,0.36339479646521067,26
sub-21,angry,beta_occipital,0.37692513631800656,0.41528572491397003,26
sub-21,angry,gamma_frontal,0.24372864966353988,0.28067617084472973,26
sub-21,angry,gamma_central,0.2702284742335385,0.3145458274772162,26
sub-21,angry,gamma_temporal,0.36960281637103326,0.4084552923235419,26
sub-21,angry,gamma_parietal,0.2566298800463024,0.30275494655248214,26
sub-21,angry,gamma_occipital,0.29533357119458986,0.3432470451878251,26
sub-21,angry,faa,0.010111775164867892,0.01105692500237356,26
sub-21,afraid,delta_frontal,-0.16878085462731013,-0.16490594504181733,28
sub-21,afraid,delta_central,-0.18235117459734512,-0.17384073884758736,28
sub-21,afraid,delta_temporal,-0.12524274472344787,-0.11772640723553335,28
sub-21,afraid,delta_parietal,-0.12920075471470807,-0.12227575311415564,28
sub-21,afraid,delta_occipital,-0.18122031459984222,-0.176655195062853,28
sub-21,afraid,theta_frontal,0.014418464968162173,0.021556440578260113,28
sub-21,afraid,theta_central,0.060218294867030245,0.0805452843728539,28
sub-21,afraid,theta_temporal,-0.10432183476964396,-0.10268202422065882,28
sub-21,afraid,theta_parietal,0.03449122992383892,0.041791898858754804,28
sub-21,afraid,theta_occipital,0.23239172948684914,0.22411678916749334,28
sub-21,afraid,alpha_frontal,0.1979004995630102,0.18098570023882538,28
sub-21,afraid,alpha_central,0.177262304608582,0.16522475017805635,28
sub-21,afraid,alpha_temporal,0.15210066966414212,0.13608188577570648,28
sub-21,afraid,alpha_parietal,0.04353810990386224,0.03309058149595172,28
sub-21,afraid,alpha_occipital,-0.002261719995005831,-0.006447975698753143,28
sub-21,afraid,beta_frontal,0.21797326451868695,0.21120415402854836,28
sub-21,afraid,beta_central,0.17471786961420044,0.16104916545492878,28
sub-21,afraid,beta_temporal,0.19676963956550728,0.19635477712981797,28
sub-21,afraid,beta_parietal,0.19026719457986552,0.18199423415026947,28
sub-21,afraid,beta_occipital,0.20327208455114906,0.19549064752634393,28
sub-21,afraid,gamma_frontal,0.08537992981147012,0.06160253523534107,28
sub-21,afraid,gamma_central,0.2205176995130685,0.20885400518060412,28
sub-21,afraid,gamma_temporal,0.15407967465977224,0.141645263248521,28
sub-21,afraid,gamma_parietal,0.1489908046710091,0.12945634173993903,28
sub-21,afraid,gamma_occipital,0.24059046446874524,0.22012274334462306,28
sub-21,afraid,faa,-0.10319097477214104,-0.12891349086380471,28
sub-21,happy,delta_frontal,0.3021437667555735,0.31667678071821836,30
sub-21,happy,delta_central,0.12637191765442238,0.1335818463493865,30
sub-21,happy,delta_temporal,0.25871778050705374,0.2556020970847798,30
sub-21,happy,delta_parietal,0.24424245175754725,0.25515853028528024,30
sub-21,happy,delta_occipital,0.2745717119946086,0.28209826332877064,30
sub-21,happy,theta_frontal,-0.33293256123865095,-0.33501004981540444,30
sub-21,happy,theta_central,-0.22287410931779947,-0.24844803910451702,30
sub-21,happy,theta_temporal,-0.2545819722929091,-0.25677978293927234,30
sub-21,happy,theta_parietal,-0.33982557492889215,-0.34683367945387394,30
sub-21,happy,theta_occipital,-0.25710941064599746,-0.25489486973140874,30
sub-21,happy,alpha_frontal,-0.1677299997958697,-0.1624898195572663,30
sub-21,happy,alpha_central,-0.04779156158567246,-0.04396404750707706,30
sub-21,happy,alpha_temporal,-0.28560053389899454,-0.2745370962614714,30
sub-21,happy,alpha_parietal,-0.24286384901949903,-0.24805359544291097,30
sub-21,happy,alpha_occipital,-0.18657090388252903,-0.19399585438709702,30
sub-21,happy,beta_frontal,-0.20724994495325266,-0.21491199579635967,30
sub-21,happy,beta_central,-0.062037123212170975,-0.07329136915363539,30
sub-21,happy,beta_temporal,-0.19507228743382654,-0.20461067639892835,30
sub-21,happy,beta_parietal,-0.2580284791380297,-0.26550704645471046,30
sub-21,happy,beta_occipital,-0.3104153831838629,-0.308506802793545,30
sub-21,happy,gamma_frontal,-0.3262693146714178,-0.3108661236767197,30
sub-21,happy,gamma_central,-0.21230482165942957,-0.210141190804151,30
sub-21,happy,gamma_temporal,-0.16704069842684555,-0.1627904323350268,30
sub-21,happy,gamma_parietal,-0.2947912188193162,-0.2860177951592983,30
sub-21,happy,gamma_occipital,-0.33913627355986803,-0.32469128493860605,30
sub-21,happy,faa,0.18381369840643252,0.20730396141561253,30
sub-21,sad,delta_frontal,-0.40018071132401734,-0.4048464532961684,27
sub-21,sad,delta_central,-0.37015135304930824,-0.3722370884183679,27
sub-21,sad,delta_temporal,-0.4172500307643783,-0.41922270134371437,27
sub-21,sad,delta_parietal,-0.40334169640556566,-0.40709355831549526,27
sub-21,sad,delta_occipital,-0.37362843663901146,-0.3776042564613587,27
sub-21,sad,theta_frontal,0.39575533220984965,0.421963091865113,27
sub-21,sad,theta_central,0.2503500184586269,0.3201849718824641,27
sub-21,sad,theta_temporal,0.3148341141222127,0.3459124663432202,27
sub-21,sad,theta_parietal,0.3025062723041742,0.3122705975342638,27
sub-21,sad,theta_occipital,0.3578235112312698,0.3656487448869576,27
sub-21,sad,alpha_frontal,0.3047189618612581,0.29242254462080425,27
sub-21,sad,alpha_central,0.24529244232814965,0.24066990659460544,27
sub-21,sad,alpha_temporal,0.4731994667077835,0.46075920583650704,27
sub-21,sad,alpha_parietal,0.2620456632603558,0.2682666504602243,27
sub-21,sad,alpha_occipital,0.3925943471283014,0.3971862007165815,27
sub-21,sad,beta_frontal,0.28764964242089713,0.28663397237002974,27
sub-21,sad,beta_central,0.27058032298053625,0.2650959895392115,27
sub-21,sad,beta_temporal,0.20672842433326016,0.20873873185397043,27
sub-21,sad,beta_parietal,0.2917589230269099,0.28982775552811585,27
sub-21,sad,beta_occipital,0.28195986927411015,0.27404084429783854,27
sub-21,sad,gamma_frontal,0.4719350726751642,0.4567513949275118,27
sub-21,sad,gamma_central,0.410295863584972,0.3972247004052504,27
sub-21,sad,gamma_temporal,0.25951687519511707,0.24979118154867674,27
sub-21,sad,gamma_parietal,0.4115602576175913,0.3974724858794926,27
sub-21,sad,gamma_occipital,0.4374803352862875,0.4210122266822837,27
sub-21,sad,faa,0.012011743309883617,-0.005669408520032765,27
sub-21,tender,delta_frontal,0.19383516931021047,0.16156843915061508,29
sub-21,tender,delta_central,0.2021208695527454,0.19042087159282925,29
sub-21,tender,delta_temporal,0.13608634943799752,0.13077266953864067,29
sub-21,tender,delta_parietal,0.11273573966358097,0.08682574307810005,29
sub-21,tender,delta_occipital,0.05875314717433841,0.03204191040656361,29
sub-21,tender,theta_frontal,-0.29627655412700565,-0.2813988035518662,29
sub-21,tender,theta_central,-0.43638021277350497,-0.42070202210671287,29
sub-21,tender,theta_temporal,-0.16521184119963536,-0.15163026033331223,29
sub-21,tender,theta_parietal,-0.15240666809753595,-0.12427060676336303,29
sub-21,tender,theta_occipital,-0.07381805670622006,-0.048653475570984525,29
sub-21,tender,alpha_frontal,-0.03716011017864139,-0.01681525514591052,29
sub-21,tender,alpha_central,-0.13859716769331112,-0.15030478263041736,29
sub-21,tender,alpha_temporal,-0.16194777746772768,-0.1564754478591071,29
sub-21,tender,alpha_parietal,-0.11926386712739634,-0.09076210652274724,29
sub-21,tender,alpha_occipital,-0.08712539345938218,-0.07091576668159236,29
sub-21,tender,beta_frontal,-0.11223357601251825,-0.08987034028975774,29
sub-21,tender,beta_central,0.024103855251010633,0.052530591669786894,29
sub-21,tender,beta_temporal,-0.06402586551049698,-0.04914696125555159,29
sub-21,tender,beta_parietal,-0.10696085767635967,-0.09125447305402154,29
sub-21,tender,beta_occipital,-0.09892623925935613,-0.08347473736743771,29
sub-21,tender,gamma_frontal,-0.13081363110183894,-0.1317590375361134,29
sub-21,tender,gamma_central,-0.20940224249315487,-0.21292934409556966,29
sub-21,tender,gamma_temporal,-0.17550619604642115,-0.17787218344109293,29
sub-21,tender,gamma_parietal,-0.20814683336549805,-0.20737441769874118,29
sub-21,tender,gamma_occipital,-0.042432828514799965,-0.04906574711568569,29
sub-21,tender,faa,-0.11097816688486145,-0.10653759397461644,29
sub-22,pleasant,delta_frontal,-0.12637093188186124,-0.12317426957817439,32
sub-22,pleasant,delta_central,-0.09050388798009769,-0.08467847895966088,32
sub-22,pleasant,delta_temporal,-0.14644160929839214,-0.14636526555611737,32
sub-22,pleasant,delta_parietal,0.04999085393561865,0.07680242460765871,32
sub-22,pleasant,delta_occipital,-0.026203384404915344,-0.014731297806442837,32
sub-22,pleasant,theta_frontal,-0.21185715050782622,-0.2095652259207828,32
sub-22,pleasant,theta_central,-0.2055386039137332,-0.21197436671139075,32
sub-22,pleasant,theta_temporal,-0.1745033897603937,-0.18364618119807613,32
sub-22,pleasant,theta_parietal,-0.09775163260273385,-0.09402126470688671,32
sub-22,pleasant,theta_occipital,0.08994636916297183,0.0857083230558027,32
sub-22,pleasant,alpha_frontal,-0.004460150537006867,-0.023223519087032067,32
sub-22,pleasant,alpha_central,-0.017097243725192994,-0.031171072202067013,32
sub-22,pleasant,alpha_temporal,0.06411466396947373,0.056224544440495496,32
sub-22,pleasant,alpha_parietal,-0.2546002598208087,-0.3249983042438639,32
sub-22,pleasant,alpha_occipital,0.044415665764360054,0.03182433883242231,32
sub-22,pleasant,beta_frontal,0.0295484973076705,0.035459757022004136,32
sub-22,pleasant,beta_central,0.18100777596019538,0.1823902306825852,32
sub-22,pleasant,beta_temporal,0.1038843395911183,0.10636169982093376,32
sub-22,pleasant,beta_parietal,0.2912106621454067,0.2968640172009469,32
sub-22,pleasant,beta_occipital,-0.1830520116229902,-0.18046580123066355,32
sub-22,pleasant,gamma_frontal,0.21780401789050205,0.26753272126138383,32
sub-22,pleasant,gamma_central,0.11168960303088032,0.1690475386170888,32
sub-22,pleasant,gamma_temporal,-0.01505300806239818,-0.0018918203199474691,32
sub-22,pleasant,gamma_parietal,0.34491830819519775,0.43528744693575117,32
sub-22,pleasant,gamma_occipital,0.16335301341787656,0.18553708433885838,32
sub-22,pleasant,faa,0.1841670492572419,0.18846691248375344,32
sub-22,energetic,delta_frontal,-0.0522189428222186,-0.04198598648569539,27
sub-22,energetic,delta_central,0.12882757151349739,0.14047803894054503,27
sub-22,energetic,delta_temporal,0.11882154654157527,0.14099921776634558,27
sub-22,energetic,delta_parietal,-0.09818412003698589,-0.09185255037313832,27
sub-22,energetic,delta_occipital,-0.2529648188214063,-0.25771590077126516,27
sub-22,energetic,theta_frontal,-0.03939872332694338,-0.041027085398372076,27
sub-22,energetic,theta_central,0.14602542693398857,0.14241386716629267,27
sub-22,energetic,theta_temporal,0.08223701773798499,0.07635619037637444,27
sub-22,energetic,theta_parietal,0.1400843496069098,0.13738838592532868,27
sub-22,energetic,theta_occipital,-0.12757681839200713,-0.14970181666015445,27
sub-22,energetic,alpha_frontal,0.16822629484044077,0.16474675635734742,27
sub-22,energetic,alpha_central,0.1966809283543443,0.20062569556042398,27
sub-22,energetic,alpha_temporal,0.055971202186689405,0.04892695448017115,27
sub-22,energetic,alpha_parietal,0.23983191104575846,0.25116172749857746,27
sub-22,energetic,alpha_occipital,-0.023764309308315055,-0.045112678157409124,27
sub-22,energetic,beta_frontal,0.06879142168196463,0.07584937630117417,27
sub-22,energetic,beta_central,-0.2582805195877399,-0.2560020406616491,27
sub-22,energetic,beta_temporal,-0.14696349177510623,-0.1449306319202912,27
sub-22,energetic,beta_parietal,-0.18511146198055933,-0.18229657716126926,27
sub-22,energetic,beta_occipital,0.27078805080264257,0.2932773808351544,27
sub-22,energetic,gamma_frontal,-0.1372701550835567,-0.1349137721155366,27
sub-22,energetic,gamma_central,0.11913423482194783,0.16476592691242703,27
sub-22,energetic,gamma_temporal,0.06003614983153277,0.0763355556805126,27
sub-22,energetic,gamma_parietal,-0.16822629484044077,-0.18490186625279317,27
sub-22,energetic,gamma_occipital,0.05065550142035576,0.06892907010931228,27
sub-22,energetic,faa,-0.20574888848514875,-0.20263776977096642,27
sub-22,tense,delta_frontal,0.29786738805716567,0.19809325499558791,33
sub-22,tense,delta_central,0.05372220554276278,-0.04771176059397071,33
sub-22,tense,delta_temporal,-0.024123665546272464,-0.17598070927294293,33
sub-22,tense,delta_parietal,0.24944896713805143,0.10869547118458137,33
sub-22,tense,delta_occipital,0.231997804827982,0.14293716281826438,33
sub-22,tense,theta_frontal,0.03609995340612404,0.00844425124564222,33
sub-22,tense,theta_central,-0.02891418069021309,0.009452819700031707,33
sub-22,tense,theta_temporal,-0.19350259384988763,-0.12966892226052484,33
sub-22,tense,theta_parietal,-0.1267775614878574,-0.15281703989111786,33
sub-22,tense,theta_occipital,-0.12746192079413465,-0.03965979846750655,33
sub-22,tense,alpha_frontal,-0.10282498576815424,0.03528493741779817,33
sub-22,tense,alpha_central,-0.18032867720405088,-0.03286507336108908,33
sub-22,tense,alpha_temporal,0.050129319184807314,0.1745121415697346,33
sub-22,tense,alpha_parietal,-0.09666575201165915,0.10076945148782335,33
sub-22,tense,alpha_occipital,-0.10761550091209487,0.06197514431399661,33
sub-22,tense,beta_frontal,0.06758048149487675,0.02126941891339805,33
sub-22,tense,beta_central,-0.06740939166830744,-0.11021310563248103,33
sub-22,tense,beta_temporal,0.03079616878247548,0.015032732371924432,33
sub-22,tense,beta_parietal,0.014029365778683274,-0.03436089507524451,33
sub-22,tense,beta_occipital,0.12215813617048607,0.04733142091828177,33
sub-22,tense,gamma_frontal,0.07989894900786694,-0.11561693619854109,33
sub-22,tense,gamma_central,0.3153185503672351,0.1478088442120044,33
sub-22,tense,gamma_temporal,0.12780410044727325,-0.024514671642679342,33
sub-22,tense,gamma_parietal,0.11907851929223853,-0.1359165642519269,33
sub-22,tense,gamma_occipital,-0.09238850634742644,-0.28150921613344,33
sub-22,tense,faa,0.18990970749193214,0.1497955506390868,33
sub-22,angry,delta_frontal,-0.1941381096990066,-0.2517707620660906,28
sub-22,angry,delta_central,-0.3647023060774196,-0.4190438245384813,28
sub-22,angry,delta_temporal,-0.06295621557382071,-0.13379311955928685,28
sub-22,angry,delta_parietal,-0.1777750404529475,-0.24874390524931483,28
sub-22,angry,delta_occipital,-0.14061145945342338,-0.19075919511513062,28
sub-22,angry,theta_frontal,-0.06933503917821665,-0.07821904585257801,28
sub-22,angry,theta_central,0.18720460578118497,0.21551441067532234,28
sub-22,angry,theta_temporal,0.05824143290970199,0.0755528044187285,28
sub-22,angry,theta_parietal,-0.02218721253702933,-0.02871399056815366,28
sub-22,angry,theta_occipital,-0.1627986719904527,-0.14663269781251917,28
sub-22,angry,alpha_frontal,0.05103058883516746,0.11559467176716372,28
sub-22,angry,alpha_central,0.07793258403631552,0.12592005413195667,28
sub-22,angry,alpha_temporal,0.0019413810969900662,0.0610979211970521,28
sub-22,angry,alpha_parietal,-0.014144347992356197,0.0452667201095871,28
sub-22,angry,alpha_occipital,-0.14477156180411638,-0.08822724153812925,28
sub-22,angry,beta_frontal,0.1569745286994825,0.14579784622460498,28
sub-22,angry,beta_central,0.07321780137219677,0.04814702469662944,28
sub-22,angry,beta_temporal,0.08736214936455299,0.06474182647365849,28
sub-22,angry,beta_parietal,0.05297196993215752,0.038650710001973114,28
sub-22,angry,beta_occipital,0.21299724035548157,0.19304666642679524,28
sub-22,angry,gamma_frontal,0.13062721381176015,0.08523480471254165,28
sub-22,angry,gamma_central,0.034112839275682594,-0.03815963595479014,28
sub-22,angry,gamma_temporal,0.17416961841568024,0.1385381011203541,28
sub-22,angry,gamma_parietal,0.27068399295175777,0.24048177792296513,28
sub-22,angry,gamma_occipital,0.08514342811085004,0.04764950978716518,28
sub-22,angry,faa,0.08653012889441439,0.09184454172811644,28
sub-22,afraid,delta_frontal,-0.24936704876698,-0.24920100451527158,28
sub-22,afraid,delta_central,-0.2921315537893796,-0.2965452218260468,28
sub-22,afraid,delta_temporal,0.01888302819170895,0.044830841661934566,28
sub-22,afraid,delta_parietal,-0.23576016080530732,-0.26138807295566285,28
sub-22,afraid,delta_occipital,-0.10135743073490833,-0.0876349127762643,28
sub-22,afraid,theta_frontal,0.15995035644741698,0.15551008657207133,28
sub-22,afraid,theta_central,0.24547936649221636,0.23973269378510456,28
sub-22,afraid,theta_temporal,0.4365311811377422,0.43617344147980563,28
sub-22,afraid,theta_parietal,0.11690815983396276,0.11274128728226672,28
sub-22,afraid,theta_occipital,-0.003609990683709064,-0.01795005894854706,28
sub-22,afraid,alpha_frontal,0.17383493600014413,0.1653507116524724,28
sub-22,afraid,alpha_central,0.23548246921425278,0.24478962713287297,28
sub-22,afraid,alpha_temporal,0.3110145819810886,0.3101062691971458,28
sub-22,afraid,alpha_parietal,0.1338473468882899,0.12395711689624882,28
sub-22,afraid,alpha_occipital,0.2182655905688711,0.22086603825771203,28
sub-22,afraid,beta_frontal,-0.14190040302887166,-0.13652000948344872,28
sub-22,afraid,beta_central,-0.06553521548887224,-0.05659738096939878,28
sub-22,afraid,beta_temporal,-0.4170927697639241,-0.41484456670391434,28
sub-22,afraid,beta_parietal,-0.11663046824290822,-0.10933722845979221,28
sub-22,afraid,beta_occipital,0.10024666437069016,0.10842005248939823,28
sub-22,afraid,gamma_frontal,-0.2638070115018162,-0.2829484997389551,28
sub-22,afraid,gamma_central,-0.3126807315274159,-0.35095068783947553,28
sub-22,afraid,gamma_temporal,-0.35127986268399736,-0.3676843310005053,28
sub-22,afraid,gamma_parietal,-0.19160719782763494,-0.20406668831317878,28
sub-22,afraid,gamma_occipital,-0.537610920281596,-0.6154006497751204,28
sub-22,afraid,faa,-0.19049643146341674,-0.18643538594717887,28
sub-22,happy,delta_frontal,-0.3193253363319598,-0.2926380778275311,30
sub-22,happy,delta_central,-0.07615897971965355,-0.03556519997686389,30
sub-22,happy,delta_temporal,-0.2603416754808335,-0.2253602393938614,30
sub-22,happy,delta_parietal,0.004293829717131803,0.07566823417898372,30
sub-22,happy,delta_occipital,-0.18192278538374215,-0.1492178206539938,30
sub-22,happy,theta_frontal,-0.13243074811785455,-0.10966071366633492,30
sub-22,happy,theta_central,-0.20904170991299562,-0.20715464896126426,30
sub-22,happy,theta_temporal,-0.30237600850117635,-0.30128348843104447,30
sub-22,happy,theta_parietal,-0.12271313349487203,-0.09770616340257585,30
sub-22,happy,theta_occipital,-0.07909686321032268,-0.09397587776032108,30
sub-22,happy,alpha_frontal,0.03412464669931064,-0.018266130038649814,30
sub-22,happy,alpha_central,0.18192278538374215,0.13317862702766106,30
sub-22,happy,alpha_temporal,0.08836249575781761,0.0575126126841643,30
sub-22,happy,alpha_parietal,0.008813650472007382,-0.08363046243033519,30
sub-22,happy,alpha_occipital,0.12745894528749138,0.07511059506272688,30
sub-22,happy,beta_frontal,0.2668954155754031,0.27875698744154903,30
sub-22,happy,beta_central,0.060113616039845226,0.06269170281465475,30
sub-22,happy,beta_temporal,0.2458782490652316,0.22820658706514574,30
sub-22,happy,beta_parietal,0.0614695622663079,0.06863179799594166,30
sub-22,happy,beta_occipital,-0.06598938302118348,-0.04238183683736821,30
sub-22,happy,gamma_frontal,-0.09197835236171807,-0.04554810373884897,30
sub-22,happy,gamma_central,-0.12384308868359094,-0.05337015451033366,30
sub-22,happy,gamma_temporal,-0.1826007584969735,-0.15114026093763702,30
sub-22,happy,gamma_parietal,-0.06237352641728302,0.020670838387900205,30
sub-22,happy,gamma_occipital,-0.05017001037911895,-0.013947356936139663,30
sub-22,happy,faa,-0.1035038952866508,-0.11163162856294366,30
sub-22,sad,delta_frontal,0.1728847881372875,0.18950976144577045,29
sub-22,sad,delta_central,0.27651529249243956,0.28551732615113606,29
sub-22,sad,delta_temporal,0.19496586412579447,0.21263524344299667,29
sub-22,sad,delta_parietal,0.24891394750680576,0.28306106220099964,29
sub-22,sad,delta_occipital,0.18994743776477016,0.20530189185166883,29
sub-22,sad,theta_frontal,0.15707674510006095,0.15852921949496251,29
sub-22,sad,theta_central,0.1876891459023092,0.18782313324596112,29
sub-22,sad,theta_temporal,0.30813137856689266,0.30931410545732996,29
sub-22,sad,theta_parietal,0.24640473432629367,0.24829525242952627,29
sub-22,sad,theta_occipital,0.193209414899436,0.1984278722010742,29
sub-22,sad,alpha_frontal,0.09359365163310339,0.10489710312341212,29
sub-22,sad,alpha_central,-0.01681172830943144,-0.01924445718149219,29
sub-22,sad,alpha_temporal,0.07979297914028655,0.08347347511034604,29
sub-22,sad,alpha_parietal,0.10413234699125445,0.12588420394344546,29
sub-22,sad,alpha_occipital,0.145534364469705,0.16614646658361376,29
sub-22,sad,beta_frontal,-0.27450792194802975,-0.27916380131503254,29
sub-22,sad,beta_central,-0.19948244785071634,-0.19956503390942226,29
sub-22,sad,beta_temporal,-0.22833839942660616,-0.2283766795827704,29
sub-22,sad,beta_parietal,-0.4243079488246055,-0.42527470779083987,29
sub-22,sad,beta_occipital,-0.14427975787944894,-0.14933461232785694,29
sub-22,sad,gamma_frontal,-0.3139025688820706,-0.3527109513222785,29
sub-22,sad,gamma_central,-0.10689248148981781,-0.1294359932278908,29
sub-22,sad,gamma_temporal,-0.22658195020024763,-0.24853238980515574,29
sub-22,sad,gamma_parietal,-0.1405159381086807,-0.17155321520278138,29
sub-22,sad,gamma_occipital,-0.17489215868169725,-0.1846241906006154,29
sub-22,sad,faa,-0.19898060521461391,-0.1992054069292811,29
sub-22,tender,delta_frontal,-0.008635707784337145,-0.11436935647938525,29
sub-22,tender,delta_central,0.11582008087228643,-0.0044791863402086135,29
sub-22,tender,delta_temporal,0.39698856667408705,0.2991008301909744,29
sub-22,tender,delta_parietal,0.05511613497650473,-0.10549544411921591,29
sub-22,tender,delta_occipital,0.0751814560048175,-0.00246657730486398,29
sub-22,tender,theta_frontal,0.035558796759035304,-0.0051827050982889925,29
sub-22,tender,theta_central,-0.06451381697710691,-0.021818950884040643,29
sub-22,tender,theta_temporal,-0.1358854019005992,-0.12391814370931566,29
sub-22,tender,theta_parietal,-0.019049355406626056,-0.09658621955846564,29
sub-22,tender,theta_occipital,0.14909295498252662,0.18495706810647156,29
sub-22,tender,alpha_frontal,-0.04952832405722774,0.09288487561680828,29
sub-22,tender,alpha_central,-0.4411830712174595,-0.4099254368725529,29
sub-22,tender,alpha_temporal,-0.4881714812204704,-0.4426532806758602,29
sub-22,tender,alpha_parietal,-0.1399492643873461,-0.0010704085056228827,29
sub-22,tender,alpha_occipital,-0.40410032602589413,-0.3151510009853589,29
sub-22,tender,beta_frontal,-0.018541372595782698,-0.03218468246748293,29
sub-22,tender,beta_central,0.30072582401927,0.33771629312110485,29
sub-22,tender,beta_temporal,0.24789561169156044,0.2862774458678646,29
sub-22,tender,beta_parietal,0.14502909249577972,0.1589372901039924,29
sub-22,tender,beta_occipital,0.03632077097530035,0.014876953098773302,29
sub-22,tender,gamma_frontal,0.1673803361728876,0.047759075575446196,29
sub-22,tender,gamma_central,0.14909295498252662,-0.02694909818985672,29
sub-22,tender,gamma_temporal,0.36396968396926854,0.28475424476346345,29
sub-22,tender,gamma_parietal,0.23798994688011488,0.0732740542191218,29
sub-22,tender,gamma_occipital,0.257801276503006,0.17120528314639322,29
sub-22,tender,faa,0.11302617541264795,0.12768344953495575,29
sub-23,pleasant,delta_frontal,-0.20622368236299687,-0.229226573684013,32
sub-23,pleasant,delta_central,-0.10274026697904261,-0.10404261051359662,32
sub-23,pleasant,delta_temporal,-0.21644197293053277,-0.2306489877102358,32
sub-23,pleasant,delta_parietal,-0.1610774167646111,-0.17121180678909895,32
sub-23,pleasant,delta_occipital,-0.09698086684097693,-0.11509641084026016,32
sub-23,pleasant,theta_frontal,0.22424503118210562,0.2298148908116457,32
sub-23,pleasant,theta_central,0.18077084949477115,0.17533166020365337,32
sub-23,pleasant,theta_temporal,0.15364593271549407,0.15492704388834105,32
sub-23,pleasant,theta_parietal,0.09512299582869767,0.0967033459118571,32
sub-23,pleasant,theta_occipital,0.2353922572557811,0.24957649121087186,32
sub-23,pleasant,alpha_frontal,0.0,0.01512762666480108,32
sub-23,pleasant,alpha_central,-0.1647931587891696,-0.16054454257671152,32
sub-23,pleasant,alpha_temporal,-0.0018578710122792515,0.01667639060543778,32
sub-23,pleasant,alpha_parietal,0.055364556165921695,0.06591059012320959,32
sub-23,pleasant,alpha_occipital,-0.17798404297635229,-0.17200311390033007,32
sub-23,pleasant,beta_frontal,0.18968863035371158,0.20435144625717389,32
sub-23,pleasant,beta_central,0.1987921983138799,0.19424390283840218,32
sub-23,pleasant,beta_temporal,0.08676257627344104,0.09597890273758244,32
sub-23,pleasant,beta_parietal,0.18002770108985944,0.17928981686466341,32
sub-23,pleasant,beta_occipital,0.22145822466368678,0.22129698817979784,32
sub-23,pleasant,gamma_frontal,0.20009270802247536,0.2150777118080539,32
sub-23,pleasant,gamma_central,0.01597769070560156,0.009478105678823673,32
sub-23,pleasant,gamma_temporal,0.15717588763882467,0.15382743124083423,32
sub-23,pleasant,gamma_parietal,0.2710633806915428,0.269301023427802,32
sub-23,pleasant,gamma_occipital,0.2249881795870173,0.22039213058442303,32
sub-23,pleasant,faa,-0.13766824200989253,-0.1464943374419577,32
sub-23,energetic,delta_frontal,-0.04270395358549663,-0.03711701808778717,28
sub-23,energetic,delta_central,0.012559986348675483,0.013776628616461629,28
sub-23,energetic,delta_temporal,-0.04047106712350989,-0.0365226038557234,28
sub-23,energetic,delta_parietal,-0.1950984546160925,-0.1950605618023261,28
sub-23,energetic,delta_occipital,-0.14346295518264884,-0.1429175001854067,28
sub-23,energetic,theta_frontal,-0.13257763368046344,-0.13812770120923074,28
sub-23,energetic,theta_central,-0.23975618385582753,-0.23883454741556553,28
sub-23,energetic,theta_temporal,-0.050798167010198625,-0.048897956872657564,28
sub-23,energetic,theta_parietal,0.13006563641072835,0.12793942691066748,28
sub-23,energetic,theta_occipital,0.33549119091350954,0.3397730495940317,28
sub-23,energetic,alpha_frontal,0.17193225757297995,0.17569346303697467,28
sub-23,energetic,alpha_central,0.040750177931258236,0.03402231470151857,28
sub-23,energetic,alpha_temporal,0.2724121483623838,0.28721023519494154,28
sub-23,energetic,alpha_parietal,0.23249930285437062,0.23523929967194293,28
sub-23,energetic,alpha_occipital,0.037400848238278106,0.03164376028562014,28
sub-23,energetic,beta_frontal,0.112760766330331,0.1102360166682831,28
sub-23,energetic,beta_central,0.09350212059569527,0.09732602928925488,28
sub-23,energetic,beta_temporal,-0.06754481547509926,-0.07255101733885658,28
sub-23,energetic,beta_parietal,0.06168348851238404,0.061820294418632626,28
sub-23,energetic,beta_occipital,0.19816867350132428,0.19963243360415958,28
sub-23,energetic,gamma_frontal,0.15686027395456933,0.15509562408971728,28
sub-23,energetic,gamma_central,0.2383606298170858,0.250944816223298,28
sub-23,energetic,gamma_temporal,0.12308786621701973,0.12509497404109515,28
sub-23,energetic,gamma_parietal,0.35698272311013207,0.35695953582468243,28
sub-23,energetic,gamma_occipital,0.2978112318674831,0.3062867437364271,28
sub-23,energetic,faa,0.044378618431986705,0.04899910193420882,28
sub-23,tense,delta_frontal,-0.15930886011892126,-0.23576003165266537,32
sub-23,tense,delta_central,-0.2550455385276792,-0.2777407577115286,32
sub-23,tense,delta_temporal,-0.1613900922582421,-0.21155308671663545,32
sub-23,tense,delta_parietal,-0.09270943166065491,-0.1468873927994162,32
sub-23,tense,delta_occipital,0.0007568116870257542,-0.06244289767922172,32
sub-23,tense,theta_frontal,0.07057268981515158,0.11134978582663073,32
sub-23,tense,theta_central,0.15779523674486978,0.13587845711434246,32
sub-23,tense,theta_temporal,0.1927977772698109,0.18486933200291608,32
sub-23,tense,theta_parietal,-0.08457370602512804,-0.06754169241613964,32
sub-23,tense,theta_occipital,-0.25145068301430684,-0.22178000709893017,32
sub-23,tense,alpha_frontal,-0.04332746908222443,0.035929507723043236,32
sub-23,tense,alpha_central,0.06905906644110008,0.1988145297658455,32
sub-23,tense,alpha_temporal,-0.15117313448339442,-0.07620660975697728,32
sub-23,tense,alpha_parietal,-0.016460654192810155,0.034754478768282054,32
sub-23,tense,alpha_occipital,-0.002270435061077263,0.07067505638502974,32
sub-23,tense,beta_frontal,0.17993197859037308,0.22609948770125834,32
sub-23,tense,beta_central,0.2128532869759934,0.1762843006991949,32
sub-23,tense,beta_temporal,0.09630428717402724,0.13660436539609336,32
sub-23,tense,beta_parietal,0.23934169602189478,0.2245477837407492,32
sub-23,tense,beta_occipital,0.1642281360845887,0.14584355402365054,32
sub-23,tense,gamma_frontal,0.1441726263784062,0.18794719799295873,32
sub-23,tense,gamma_central,0.09043899659957763,0.041974390287454554,32
sub-23,tense,gamma_temporal,0.031218482089812365,0.002916432181582544,32
sub-23,tense,gamma_parietal,0.06073413788381679,0.04986794428818662,32
sub-23,tense,gamma_occipital,0.23385481129095806,0.19043443005743937,32
sub-23,tense,faa,-0.07189711026744666,-0.0901496057216059,32
sub-23,angry,delta_frontal,0.10902269979180226,0.16980321066413784,27
sub-23,angry,delta_central,0.04193180761223164,0.034108472266371044,27
sub-23,angry,delta_temporal,-0.04286362555917013,0.03622710186814164,27
sub-23,angry,delta_parietal,0.10156815621629443,0.13249904850623015,27
sub-23,angry,delta_occipital,0.014909087151015696,0.10036460887561044,27
sub-23,angry,theta_frontal,-0.12455299890744362,-0.20437293832891718,27
sub-23,angry,theta_central,-0.055909076816308856,0.013908815934163741,27
sub-23,angry,theta_temporal,0.11150754765030489,0.10627600282823572,27
sub-23,angry,theta_parietal,0.22767418503530218,0.21761510885658863,27
sub-23,angry,theta_occipital,-0.16896965437817787,-0.18604810541666514,27
sub-23,angry,alpha_frontal,0.10746966988023814,0.028496307310010755,27
sub-23,angry,alpha_central,0.11678784934962294,-0.016544982251150565,27
sub-23,angry,alpha_temporal,0.06212119646256539,-0.03984658661082273,27
sub-23,angry,alpha_parietal,-0.11119694166799206,-0.15005016311805677,27
sub-23,angry,alpha_occipital,0.1403939040053978,0.036842504704093434,27
sub-23,angry,beta_frontal,0.020810600814959408,-0.00964099289371074,27
sub-23,angry,beta_central,0.006522725628569366,0.06685389190015915,27
sub-23,angry,beta_temporal,0.18978025519313726,0.12330732249178136,27
sub-23,angry,beta_parietal,-0.21462873377816344,-0.19783171805991034,27
sub-23,angry,beta_occipital,-0.0034166658054410972,-0.004239960883610122,27
sub-23,angry,gamma_frontal,-0.06056816655100126,-0.08261651003338984,27
sub-23,angry,gamma_central,-0.011803027327887426,0.07490017922872139,27
sub-23,angry,gamma_temporal,-0.00403787777006675,0.007707437022457705,27
sub-23,angry,gamma_parietal,-0.10622724595098684,-0.04031251488215254,27
sub-23,angry,gamma_occipital,0.07516664771970412,0.1510579869140606,27
sub-23,angry,faa,-0.20189388850333753,-0.228545232154532,27
sub-23,afraid,delta_frontal,0.3810374017543058,0.42554586324648375,28
sub-23,afraid,delta_central,0.29571392813025627,0.3065605473879636,28
sub-23,afraid,delta_temporal,0.3649176575517167,0.39733408252603064,28
sub-23,afraid,delta_parietal,0.2884878359015094,0.3233491685079473,28
sub-23,afraid,delta_occipital,0.1586961024082484,0.18061374529173171,28
sub-23,afraid,theta_frontal,-0.24068445654210707,-0.24436876289086312,28
sub-23,afraid,theta_central,-0.12701246725143525,-0.1292864643187555,28
sub-23,afraid,theta_temporal,-0.33601328863672925,-0.3353427733225902,28
sub-23,afraid,theta_parietal,-0.2081670415127462,-0.21783493497718084,28
sub-23,afraid,theta_occipital,-0.23345836431336023,-0.24643592857030333,28
sub-23,afraid,alpha_frontal,-0.057808737829974914,-0.07577906823031534,28
sub-23,afraid,alpha_central,-0.06531275668290434,-0.09226089466431225,28
sub-23,afraid,alpha_temporal,-0.0002779266241825717,-0.016802994785714134,28
sub-23,afraid,alpha_parietal,0.03724216764046461,0.028329201542488167,28
sub-23,afraid,alpha_occipital,-0.024457542928066307,-0.036049967827513685,28
sub-23,afraid,beta_frontal,-0.4255056616235173,-0.4701274400103203,28
sub-23,afraid,beta_central,-0.38687386086213976,-0.38675952914770007,28
sub-23,afraid,beta_temporal,-0.4455163785646624,-0.47136327468959155,28
sub-23,afraid,beta_parietal,-0.45329832404177445,-0.4535118949227618,28
sub-23,afraid,beta_occipital,-0.2565262741205137,-0.25897714972146074,28
sub-23,afraid,gamma_frontal,-0.3087764794668371,-0.33959231521147487,28
sub-23,afraid,gamma_central,-0.05141642547377576,-0.04543577974845329,28
sub-23,afraid,gamma_temporal,-0.3704761900353681,-0.37073652409989244,28
sub-23,afraid,gamma_parietal,-0.43773443308755045,-0.443554464338017,28
sub-23,afraid,gamma_occipital,-0.2506898150126797,-0.24918624846111362,28
sub-23,afraid,faa,-0.06559068330708692,-0.0609182628773879,28
sub-23,happy,delta_frontal,-0.05363997704120088,-0.08027352886757157,30
sub-23,happy,delta_central,0.11588045673035802,0.11071633376538759,30
sub-23,happy,delta_temporal,-0.021953914653993607,-0.03821631319926863,30
sub-23,happy,delta_parietal,0.00475290935808109,-0.010714558635436076,30
sub-23,happy,delta_occipital,0.04503947439324462,0.03225523491193624,30
sub-23,happy,theta_frontal,0.24986723482483447,0.26772695053163514,30
sub-23,happy,theta_central,-0.08894730370123183,-0.09264863646853384,30
sub-23,happy,theta_temporal,0.2132019340624946,0.2192700838165125,30
sub-23,happy,theta_parietal,-0.01380607004014031,-0.007801563742662354,30
sub-23,happy,theta_occipital,0.3483203572422285,0.3566671954041672,30
sub-23,happy,alpha_frontal,-0.04368150029093573,-0.03014460825516176,30
sub-23,happy,alpha_central,-0.061561492638002695,-0.04972318222718047,30
sub-23,happy,alpha_temporal,-0.05001871276837719,-0.037457036570540586,30
sub-23,happy,alpha_parietal,0.033496694523619114,0.05043714352635503,30
sub-23,happy,alpha_occipital,-0.13330779104332202,-0.1317672005993636,30
sub-23,happy,beta_frontal,-0.12018070805433614,-0.11487375252023135,30
sub-23,happy,beta_central,-0.025801507943868776,-0.026776824306748128,30
sub-23,happy,beta_temporal,-0.2842692454166595,-0.2850017010701835,30
sub-23,happy,beta_parietal,0.08623135549661406,0.09270320889042868,30
sub-23,happy,beta_occipital,-0.10139539963906326,-0.10178297999606063,30
sub-23,happy,gamma_frontal,-0.06925667921775303,-0.06093682709560644,30
sub-23,happy,gamma_central,-0.021953914653993607,-0.03146435473554711,30
sub-23,happy,gamma_temporal,-0.011542779869625505,-0.016055724627128093,30
sub-23,happy,gamma_parietal,0.03779694584759725,0.042445182941519444,30
sub-23,happy,gamma_occipital,-0.25235685401240077,-0.26630931391352475,30
sub-23,happy,faa,0.022632901705148048,0.01762834865550652,30
sub-23,sad,delta_frontal,-0.10129974737737257,-0.13094435310632885,28
sub-23,sad,delta_central,-0.09761096105830859,-0.10359775416606573,28
sub-23,sad,delta_temporal,-0.04852172773538014,-0.059621408130088746,28
sub-23,sad,delta_parietal,-0.15861781171975145,-0.18114149647778968,28
sub-23,sad,delta_occipital,-0.06469563698050686,-0.0828370068124031,28
sub-23,sad,theta_frontal,0.4823797494160599,0.5173602430307541,28
sub-23,sad,theta_central,0.040292896715929706,0.038579569619900396,28
sub-23,sad,theta_temporal,0.11662239824117683,0.12391063004219058,28
sub-23,sad,theta_parietal,0.08228831019450433,0.08821089921584266,28
sub-23,sad,theta_occipital,0.33057200474688814,0.3434630994528305,28
sub-23,sad,alpha_frontal,-0.0939221747392446,-0.08350177804441018,28
sub-23,sad,alpha_central,0.04994049170425091,0.07936382345425981,28
sub-23,sad,alpha_temporal,-0.04284667185989709,-0.02896945286540035,28
sub-23,sad,alpha_parietal,-0.022132717914383922,-0.009047776626918767,28
sub-23,sad,alpha_occipital,-0.10385352252133995,-0.0947903870284344,28
sub-23,sad,beta_frontal,-0.026105257027222068,-0.015337956673145874,28
sub-23,sad,beta_central,0.0028375279377415284,-0.007907653489334794,28
sub-23,sad,beta_temporal,-0.008228831019450433,-0.0047556239502319604,28
sub-23,sad,beta_parietal,0.026105257027222068,0.026871095960828647,28
sub-23,sad,beta_occipital,0.010782606163417809,0.006378491090098319,28
sub-23,sad,gamma_frontal,0.06185810904276533,0.07578555504258624,28
sub-23,sad,gamma_central,0.015890156451352562,0.007957264173704664,28
sub-23,sad,gamma_temporal,-0.17195419302713666,-0.1795656528209622,28
sub-23,sad,gamma_parietal,-0.11123109515946793,-0.10914170631229983,28
sub-23,sad,gamma_occipital,0.09590844429566367,0.08734052434510753,28
sub-23,sad,faa,0.1271212516108205,0.1311332046518189,28
sub-23,tender,delta_frontal,-0.06704519640995657,-0.1543995098587601,29
sub-23,tender,delta_central,-0.28413205913513195,-0.31755336416664154,29
sub-23,tender,delta_temporal,-0.2946000823664263,-0.365980803896422,29
sub-23,tender,delta_parietal,-0.13035181309445087,-0.18795159924889687,29
sub-23,tender,delta_occipital,-0.2716701267169244,-0.3659130329400304,29
sub-23,tender,theta_frontal,0.37635035902986774,0.4138668876123854,29
sub-23,tender,theta_central,0.35940213094110557,0.3391003195902898,29
sub-23,tender,theta_temporal,0.28961530939914326,0.29372005831544323,29
sub-23,tender,theta_parietal,-0.018692898627311313,-0.011034215407822576,29
sub-23,tender,theta_occipital,0.264442205914364,0.292192374251342,29
sub-23,tender,alpha_frontal,-0.05283859345319998,0.015463115341378618,29
sub-23,tender,alpha_central,-0.0872335269274528,-0.001316661210686832,29
sub-23,tender,alpha_temporal,0.038631990496443384,0.11628549608772851,29
sub-23,tender,alpha_parietal,0.17920258817382445,0.2339528152017704,29
sub-23,tender,alpha_occipital,0.007975636747652826,0.07368990379381467,29
sub-23,tender,beta_frontal,-0.021933001056045277,0.036150513664539,29
sub-23,tender,beta_central,0.15103862090867543,0.16296856285696024,29
sub-23,tender,beta_temporal,0.22556097676955653,0.32339431833139043,29
sub-23,tender,beta_parietal,0.1896706114051188,0.21734055315797535,29
sub-23,tender,beta_occipital,0.28487977508022444,0.30706522379601764,29
sub-23,tender,gamma_frontal,0.018194421330583015,0.07535840850861858,29
sub-23,tender,gamma_central,0.003489341077098112,-0.011022178045594452,29
sub-23,tender,gamma_temporal,0.21334828299971312,0.21365869502927384,29
sub-23,tender,gamma_parietal,0.06305737803613017,0.06954608966971447,29
sub-23,tender,gamma_occipital,0.24325692080341121,0.22414209719332875,29
sub-23,tender,faa,-0.07277768532233206,-0.0827032959712925,29
sub-24,pleasant,delta_frontal,0.15543064267750992,0.17213987424160385,32
sub-24,pleasant,delta_central,0.1381605712688977,0.1561158002371148,32
sub-24,pleasant,delta_temporal,0.1751148100894765,0.19487617455737527,32
sub-24,pleasant,delta_parietal,0.12051910047515402,0.1493184141593268,32
sub-24,pleasant,delta_occipital,0.2774353406931897,0.29837148495782784,32
sub-24,pleasant,theta_frontal,-0.05292441238123097,-0.09693613359347758,32
sub-24,pleasant,theta_central,0.031383248043607134,-0.025320292592187054,32
sub-24,pleasant,theta_temporal,0.2159687424539355,0.1986881673371574,32
sub-24,pleasant,theta_parietal,0.16137303283961302,0.12866591443353237,32
sub-24,pleasant,theta_occipital,0.0076136873951946306,-0.01757967693717707,32
sub-24,pleasant,alpha_frontal,-0.15933033622139006,-0.1533841524796802,32
sub-24,pleasant,alpha_central,-0.1283184875629144,-0.13580136962575698,32
sub-24,pleasant,alpha_temporal,-0.1684296211571105,-0.17678973450104352,32
sub-24,pleasant,alpha_parietal,-0.19795587227506037,-0.21164219653284766,32
sub-24,pleasant,alpha_occipital,-0.24809478926780548,-0.26093693084073605,32
sub-24,pleasant,beta_frontal,-0.1790145036333567,-0.18061079367260435,32
sub-24,pleasant,beta_central,-0.24568069326445113,-0.23447046898715926,32
sub-24,pleasant,beta_temporal,-0.2594224705143146,-0.27327402113424726,32
sub-24,pleasant,beta_parietal,-0.23286741447741627,-0.24617781735391525,32
sub-24,pleasant,beta_occipital,-0.3117897838178484,-0.3349654240777691,32
sub-24,pleasant,gamma_frontal,-0.13481797680271468,-0.12581968711624017,32
sub-24,pleasant,gamma_central,-0.3021333998044308,-0.3102677343955252,32
sub-24,pleasant,gamma_temporal,-0.33073115245955215,-0.33931275069939837,32
sub-24,pleasant,gamma_parietal,-0.18235709809953968,-0.18741589163705397,32
sub-24,pleasant,gamma_occipital,-0.2692645542202979,-0.27552866586238967,32
sub-24,pleasant,faa,0.28393482993298996,0.3185753470421743,32
sub-24,energetic,delta_frontal,-0.07749203827647351,-0.0768703827618893,29
sub-24,energetic,delta_central,-0.21838665332460713,-0.2181686479189544,29
sub-24,energetic,delta_temporal,-0.1811502193476004,-0.18097780335613206,29
sub-24,energetic,delta_parietal,-0.18064702429385707,-0.18161943962391416,29
sub-24,energetic,delta_occipital,-0.08680114677072519,-0.08622127744110145,29
sub-24,energetic,theta_frontal,0.1995168388092321,0.2181088004122527,29
sub-24,energetic,theta_central,0.24505599117300386,0.25524680097330976,29
sub-24,energetic,theta_temporal,0.15599046666043367,0.1568579969033229,29
sub-24,energetic,theta_parietal,0.17460868364893703,0.19015665124110073,29
sub-24,energetic,theta_occipital,-0.007044730752406683,-0.010052936117204803,29
sub-24,energetic,alpha_frontal,0.004780353010561677,0.00498989240475616,29
sub-24,energetic,alpha_central,0.0935942799962602,0.0939438714439646,29
sub-24,energetic,alpha_temporal,0.14039141999439028,0.14252182473514158,29
sub-24,energetic,alpha_parietal,0.15850644192915034,0.15820247838444132,29
sub-24,energetic,alpha_occipital,0.09258788988877355,0.09218016601108873,29
sub-24,energetic,beta_frontal,0.020630997203476713,0.020686881985899446,29
sub-24,energetic,beta_central,0.14441698042433698,0.14764450323433795,29
sub-24,energetic,beta_temporal,0.14693295569305367,0.1466024829848381,29
sub-24,energetic,beta_parietal,0.09409747505000353,0.09388666158831244,29
sub-24,energetic,beta_occipital,0.07246008773904015,0.07200047578820905,29
sub-24,energetic,gamma_frontal,0.156493661714177,0.15635863991234647,29
sub-24,energetic,gamma_central,0.2460623812804905,0.24624374857687595,29
sub-24,energetic,gamma_temporal,0.26769976859145395,0.26756106616342584,29
sub-24,energetic,gamma_parietal,0.09107830472754352,0.09064649218979492,29
sub-24,energetic,gamma_occipital,0.14768774827366865,0.14749811721037556,29
sub-24,energetic,faa,0.17964063418637038,0.1809464301624967,29
sub-24,tense,delta_frontal,-0.1520880475336441,-0.12927174254568008,32
sub-24,tense,delta_central,0.026319316013238777,0.04585648124977346,32
sub-24,tense,delta_temporal,-0.02425136975505573,-0.002202703948395285,32
sub-24,tense,delta_parietal,0.031959169444647086,0.07539514780803368,32
sub-24,tense,delta_occipital,-0.0866657477293077,-0.059604741448955674,32
sub-24,tense,theta_frontal,0.2763528181390072,0.22285785114985063,32
sub-24,tense,theta_central,-0.052638632026477554,-0.14213773141630326,32
sub-24,tense,theta_temporal,0.04342687142184398,0.01589842479180976,32
sub-24,tense,theta_parietal,0.054518583170280334,-0.026939531179506288,32
sub-24,tense,theta_occipital,0.20209474795879778,0.16625279224009662,32
sub-24,tense,alpha_frontal,0.045494817680027035,0.06328181525103797,32
sub-24,tense,alpha_central,-0.045494817680027035,-0.05211845801399451,32
sub-24,tense,alpha_temporal,0.0751980457521108,0.08337894582449487,32
sub-24,tense,alpha_parietal,-0.04775075905259035,-0.06656423992422628,32
sub-24,tense,alpha_occipital,-0.015791589607943267,-0.03034770420276908,32
sub-24,tense,beta_frontal,0.13592046769694024,0.14049804728661414,32
sub-24,tense,beta_central,0.022371418611252962,0.04292687752737083,32
sub-24,tense,beta_temporal,0.11881291228833506,0.09160846771260156,32
sub-24,tense,beta_parietal,-0.022183423496872683,-0.03602394145688059,32
sub-24,tense,beta_occipital,0.044366846993745365,0.018591536415700462,32
sub-24,tense,gamma_frontal,0.14362826738653162,0.15792215459890926,32
sub-24,tense,gamma_central,0.07162613857888553,0.07568921998627429,32
sub-24,tense,gamma_temporal,0.09531352299080044,0.09154384457751906,32
sub-24,tense,gamma_parietal,-0.04831474439573119,-0.06601311870474197,32
sub-24,tense,gamma_occipital,0.07200212880764609,0.04707962445066546,32
sub-24,tense,faa,0.10038939107906791,0.13955942712401295,32
sub-24,angry,delta_frontal,-0.1638508677896625,-0.24603947893764969,26
sub-24,angry,delta_central,-0.016002420208756845,-0.08394778930574075,26
sub-24,angry,delta_temporal,-0.11653936456377269,-0.16058346259461478,26
sub-24,angry,delta_parietal,-0.13984723747652722,-0.19813513664524776,26
sub-24,angry,delta_occipital,-0.23968842443116234,-0.2776283156616304,26
sub-24,angry,theta_frontal,0.17046056309327945,0.24333562479590456,26
sub-24,angry,theta_central,0.08001210104378423,0.16810745703441324,26
sub-24,angry,theta_temporal,-0.029569689516181125,-0.06028367151857666,26
sub-24,angry,theta_parietal,-0.11375633496224975,-0.06662055108782197,26
sub-24,angry,theta_occipital,0.03443999131884625,0.035382413476327264,26
sub-24,angry,alpha_frontal,0.006261816603426592,0.06027845577292181,26
sub-24,angry,alpha_central,-0.048007260626270545,-0.013576410152900304,26
sub-24,angry,alpha_temporal,-0.002435150901332564,0.031567969600146316,26
sub-24,angry,alpha_parietal,0.11723512196415342,0.14700735203100943,26
sub-24,angry,alpha_occipital,0.09114421944987595,0.11957878496656842,26
sub-24,angry,beta_frontal,0.18159268149937116,0.22047909642678562,26
sub-24,angry,beta_central,0.024003630313135273,0.030736823774990683,26
sub-24,angry,beta_temporal,0.17428722879537348,0.22844168318701105,26
sub-24,angry,beta_parietal,0.232730850427355,0.2638000151419921,26
sub-24,angry,beta_occipital,0.29674053126238237,0.3363775970760251,26
sub-24,angry,gamma_frontal,0.049398775427032,0.07145672198009526,26
sub-24,angry,gamma_central,0.07722907144226131,0.12669754814096848,26
sub-24,angry,gamma_temporal,0.13845572267576575,0.19897857623894144,26
sub-24,angry,gamma_parietal,0.172895713994612,0.2067799854126591,26
sub-24,angry,gamma_occipital,0.06644483173635995,0.12422197036203785,26
sub-24,angry,faa,-0.1607199594879492,-0.22700741947393688,26
sub-24,afraid,delta_frontal,0.11134640370245674,0.13140185645908398,28
sub-24,afraid,delta_central,0.10001835766821177,0.1192239502121198,28
sub-24,afraid,delta_temporal,0.044759596525553336,0.06530118045221908,28
sub-24,afraid,delta_parietal,0.08205926029684778,0.09906577848473348,28
sub-24,afraid,delta_occipital,0.048075122194112835,0.07070926815783775,28
sub-24,afraid,theta_frontal,-0.3785225138272103,-0.4643016312325573,28
sub-24,afraid,theta_central,-0.1290292072681074,-0.17937561009055128,28
sub-24,afraid,theta_temporal,-0.3030943048674815,-0.3422951861767393,28
sub-24,afraid,theta_parietal,-0.3879165032214622,-0.4799562088878597,28
sub-24,afraid,theta_occipital,-0.3696811120443849,-0.43088903114436683,28
sub-24,afraid,alpha_frontal,-0.04918029741696601,-0.06065337625909826,28
sub-24,afraid,alpha_central,-0.12018780548528209,-0.13611284637432147,28
sub-24,afraid,alpha_temporal,-0.0530484106969521,-0.0677056741647609,28
sub-24,afraid,alpha_parietal,0.05746911158836477,0.042934190402380994,28
sub-24,afraid,alpha_occipital,-0.06465275053691036,-0.08254225439148856,28
sub-24,afraid,beta_frontal,0.008288814171398765,0.009280129964640527,28
sub-24,afraid,beta_central,0.028734555794182385,0.038871133092039975,28
sub-24,afraid,beta_temporal,0.04862770980553942,0.029113100027020937,28
sub-24,afraid,beta_parietal,0.043930715108413454,0.04944166859374645,28
sub-24,afraid,beta_occipital,0.08123037887970788,0.0819801192574417,28
sub-24,afraid,gamma_frontal,-0.2649657596790472,-0.26919706426544765,28
sub-24,afraid,gamma_central,-0.07266527090259584,-0.08136732650113784,28
sub-24,afraid,gamma_temporal,-0.07598079657115535,-0.0904266089411902,28
sub-24,afraid,gamma_parietal,-0.0002762938057132922,-0.016067417013135275,28
sub-24,afraid,gamma_occipital,-0.12930550107382072,-0.15662221860478015,28
sub-24,afraid,faa,-0.06907345142832304,-0.06390055615207976,28
sub-24,happy,delta_frontal,-0.02683447386784735,-0.03020681021413626,30
sub-24,happy,delta_central,0.007215992972866516,0.01143985643495772,30
sub-24,happy,delta_temporal,0.05321794817489055,0.059618243381466256,30
sub-24,happy,delta_parietal,-0.0295404712326723,-0.018258125986786455,30
sub-24,happy,delta_occipital,0.10621039656937901,0.10524218010686794,30
sub-24,happy,theta_frontal,0.2518832547091218,0.23081938997372795,30
sub-24,happy,theta_central,-0.050511950810065605,-0.09001407934318137,30
sub-24,happy,theta_temporal,0.2613542454860091,0.26496655864526286,30
sub-24,happy,theta_parietal,0.38853612163278145,0.37036348542461384,30
sub-24,happy,theta_occipital,0.008568991655278987,0.0019069314307623424,30
sub-24,happy,alpha_frontal,-0.004058996047237415,0.014265126571571664,30
sub-24,happy,alpha_central,0.02254997804020786,0.028579202487884023,30
sub-24,happy,alpha_temporal,-0.033148467719105554,-0.021450999225906715,30
sub-24,happy,alpha_parietal,-0.02593247474623904,-0.03274971281121132,30
sub-24,happy,alpha_occipital,-0.06313993851258201,-0.05161920696102553,30
sub-24,happy,beta_frontal,-0.09290590952565637,-0.0851307624079225,30
sub-24,happy,beta_central,0.02615797452664112,0.04010431922129789,30
sub-24,happy,beta_temporal,-0.12425037900154533,-0.13905202017761392,30
sub-24,happy,beta_parietal,-0.14522185857893863,-0.1445685601083086,30
sub-24,happy,beta_occipital,-0.15063385330858853,-0.15017529604782068,30
sub-24,happy,gamma_frontal,-0.11523038778546217,-0.08723234002229609,30
sub-24,happy,gamma_central,-0.09606290645128548,-0.09133733340007774,30
sub-24,happy,gamma_temporal,-0.19009631487895226,-0.19215626488051082,30
sub-24,happy,gamma_parietal,0.006313993851258201,0.00594848721921524,30
sub-24,happy,gamma_occipital,-0.01307898726332056,-0.00344603385304452,30
sub-24,happy,faa,-0.008343491874876909,-0.00019715281764676228,30
sub-24,sad,delta_frontal,-0.12007625989836694,-0.11664164067454535,28
sub-24,sad,delta_central,-0.024969128810641724,-0.022529816718396874,28
sub-24,sad,delta_temporal,-0.037593969220516756,-0.032695619267090505,28
sub-24,sad,delta_parietal,-0.04769384154841677,-0.003999533861663975,28
sub-24,sad,delta_occipital,-0.0956682351059419,-0.09078189397251762,28
sub-24,sad,theta_frontal,0.4550553587737177,0.39764800190752747,28
sub-24,sad,theta_central,0.33133192275694245,0.26639972971026793,28
sub-24,sad,theta_temporal,0.3209514984199341,0.3208465065993928,28
sub-24,sad,theta_parietal,0.32908750668407577,0.264611171815175,28
sub-24,sad,theta_occipital,0.17534500569270872,0.13367752938671004,28
sub-24,sad,alpha_frontal,0.007294352236816684,0.04148899156624099,28
sub-24,sad,alpha_central,0.03254403305656674,0.06116857456355023,28
sub-24,sad,alpha_temporal,0.058915921912750135,0.09244993259545219,28
sub-24,sad,alpha_parietal,-0.00280552009108334,-0.027882697872178005,28
sub-24,sad,alpha_occipital,0.09370437104218356,0.10137042522391085,28
sub-24,sad,beta_frontal,-0.0157109125100667,0.009811725610196732,28
sub-24,sad,beta_central,-0.1921781262392088,-0.14745263930930935,28
sub-24,sad,beta_temporal,-0.1615979572464004,-0.1815474646176179,28
sub-24,sad,beta_parietal,-0.09286271501485854,-0.09283262109528825,28
sub-24,sad,beta_occipital,-0.03198292903835008,-0.04266598320278586,28
sub-24,sad,gamma_frontal,-0.035630105156758414,0.0033155544535675976,28
sub-24,sad,gamma_central,-0.1214790199439086,-0.10918498916343902,28
sub-24,sad,gamma_temporal,-0.19077536619366708,-0.1949802991938947,28
sub-24,sad,gamma_parietal,-0.07715180250479185,-0.07462363424509816,28
sub-24,sad,gamma_occipital,0.034788449129433414,0.055695337165720095,28
sub-24,sad,faa,0.014588704473633368,0.045122807396370854,28
sub-24,tender,delta_frontal,-0.047592580178005585,-0.05405836969176604,29
sub-24,tender,delta_central,-0.25989037238565355,-0.2789618503873878,29
sub-24,tender,delta_temporal,-0.20581922108394038,-0.2164614558898289,29
sub-24,tender,delta_parietal,-0.16869202502884703,-0.18268705805076355,29
sub-24,tender,delta_occipital,-0.10739477516607544,-0.11268187618001926,29
sub-24,tender,theta_frontal,-0.031146976556286385,-0.025852500529397263,29
sub-24,tender,theta_central,0.0024917581245029103,0.012216081451138897,29
sub-24,tender,theta_temporal,0.1602200474055371,0.1656043847821973,29
sub-24,tender,theta_parietal,0.28904394244233755,0.30511500281384113,29
sub-24,tender,theta_occipital,0.1136241704773327,0.11665652677837915,29
sub-24,tender,alpha_frontal,0.02392087799522794,0.028500854611867278,29
sub-24,tender,alpha_central,0.31246646881266493,0.32461273329075996,29
sub-24,tender,alpha_temporal,0.17093460734089963,0.17608372962342922,29
sub-24,tender,alpha_parietal,0.15174806978222724,0.1601432537974218,29
sub-24,tender,alpha_occipital,0.16495438784209265,0.16887502948519925,29
sub-24,tender,beta_frontal,0.06902170004873061,0.07403864276703405,29
sub-24,tender,beta_central,0.27608680019492243,0.2802483325786584,29
sub-24,tender,beta_temporal,0.18787856258751942,0.19609863910224493,29
sub-24,tender,beta_parietal,0.06603159029932712,0.0714512734053615,29
sub-24,tender,beta_occipital,0.08795906179495273,0.09374781278901452,29
sub-24,tender,gamma_frontal,0.2444414720137355,0.24488699074336767,29
sub-24,tender,gamma_central,0.27309669044551893,0.27873825924044426,29
sub-24,tender,gamma_temporal,0.133558235473356,0.1392212923360525,29
sub-24,tender,gamma_parietal,0.26611976769691076,0.2740732684432318,29
sub-24,tender,gamma_occipital,0.3189450399363725,0.32412118708598836,29
sub-24,tender,faa,-0.35358047786696295,-0.36055080421145363,29
sub-25,pleasant,delta_frontal,0.041186604327468235,-0.03142956251688387,32
sub-25,pleasant,delta_central,0.09294814760388102,0.06362742848682094,32
sub-25,pleasant,delta_temporal,0.021520928387325746,-0.06354278685117805,32
sub-25,pleasant,delta_parietal,0.08070348145247154,-0.04392192115600005,32
sub-25,pleasant,delta_occipital,0.14044261025177232,0.02579563812699507,32
sub-25,pleasant,theta_frontal,-0.04007345285915828,-0.04669492461114845,32
sub-25,pleasant,theta_central,-0.19814096135917153,-0.27767032317517665,32
sub-25,pleasant,theta_temporal,-0.02523143328169225,0.0036663646027348482,32
sub-25,pleasant,theta_parietal,-0.1270847926320529,-0.05836703288175145,32
sub-25,pleasant,theta_occipital,-0.04842208887148293,0.01191441155535238,32
sub-25,pleasant,alpha_frontal,-0.021149877897889094,0.048712913985065893,32
sub-25,pleasant,alpha_central,-0.1832989417817055,-0.1626936627229419,32
sub-25,pleasant,alpha_temporal,-0.005009181607394785,0.06304088614566325,32
sub-25,pleasant,alpha_parietal,-0.01595517104577598,0.12286032240542756,32
sub-25,pleasant,alpha_occipital,-0.056585199639089236,0.07290091191221647,32
sub-25,pleasant,beta_frontal,-0.0022263029366199048,0.05065812012370433,32
sub-25,pleasant,beta_central,0.05862597733099083,0.0792776073266192,32
sub-25,pleasant,beta_temporal,0.0011131514683099524,0.03417652059728512,32
sub-25,pleasant,beta_parietal,0.002968403915493206,0.02819921062087452,32
sub-25,pleasant,beta_occipital,-0.061037805512329055,-0.05167998410288303,32
sub-25,pleasant,gamma_frontal,-0.13190844899472934,-0.06542807623188938,32
sub-25,pleasant,gamma_central,-0.1320939742394477,-0.021576484045626874,32
sub-25,pleasant,gamma_temporal,-0.1521307006690268,-0.03973159964699432,32
sub-25,pleasant,gamma_parietal,0.0033394544049298565,0.06683308363828619,32
sub-25,pleasant,gamma_occipital,-0.16326221535212634,-0.13737599340863588,32
sub-25,pleasant,faa,0.2736497359595299,0.189856780907681,32
sub-25,energetic,delta_frontal,0.23652661074064668,0.2354058936231466,29
sub-25,energetic,delta_central,0.22352514799380352,0.22010814688905198,29
sub-25,energetic,delta_temporal,0.23377630131342983,0.2308697695159475,29
sub-25,energetic,delta_parietal,0.3220362311141151,0.3210903553134174,29
sub-25,energetic,delta_occipital,0.2422772577248273,0.23915108252699552,29
sub-25,energetic,theta_frontal,-0.10926229269943191,-0.10732289544968437,29
sub-25,energetic,theta_central,-0.16501856563300932,-0.17651678810103247,29
sub-25,energetic,theta_temporal,-0.08350939533549258,-0.07969747752091699,29
sub-25,energetic,theta_parietal,-0.09376054865511893,-0.08850333175296422,29
sub-25,energetic,theta_occipital,-0.3012838963451155,-0.2987374112565155,29
sub-25,energetic,alpha_frontal,-0.21852458539886382,-0.21554881752240443,29
sub-25,energetic,alpha_central,-0.33253741256348845,-0.3309914627740499,29
sub-25,energetic,alpha_temporal,-0.2760310552406701,-0.27367771757390486,29
sub-25,energetic,alpha_parietal,-0.28728232107928436,-0.28557949034202623,29
sub-25,energetic,alpha_occipital,-0.2535285235634416,-0.25129864863543006,29
sub-25,energetic,beta_frontal,-0.185520872272262,-0.18121471317284388,29
sub-25,energetic,beta_central,-0.2117738258956953,-0.21040237818973462,29
sub-25,energetic,beta_temporal,-0.09451063304435989,-0.09069211707436725,29
sub-25,energetic,beta_parietal,-0.17827005650959943,-0.18075998617351605,29
sub-25,energetic,beta_occipital,-0.06700753877219166,-0.06714493804910113,29
sub-25,energetic,gamma_frontal,-0.1817704503260572,-0.177235313956586,29
sub-25,energetic,gamma_central,-0.1145128834241186,-0.10701454554741315,29
sub-25,energetic,gamma_temporal,-0.16426848124376836,-0.15944362309854834,29
sub-25,energetic,gamma_parietal,-0.2082734320792375,-0.20558622485300862,29
sub-25,energetic,gamma_occipital,-0.16201822807604552,-0.1605770481072404,29
sub-25,energetic,faa,-0.027253066142421234,-0.046688388280040884,29
sub-25,tense,delta_frontal,0.33648815688300043,0.38522666707133035,32
sub-25,tense,delta_central,0.16085592824868283,0.17145593766571607,32
sub-25,tense,delta_temporal,0.35724979413370256,0.3952043399687071,32
sub-25,tense,delta_parietal,0.45469855996807906,0.49707637670403076,32
sub-25,tense,delta_occipital,0.41541978679107505,0.4492641590230254,32
sub-25,tense,theta_frontal,-0.27476437046199426,-0.28122439905268654,32
sub-25,tense,theta_central,-0.1855454428170853,-0.1756653229909714,32
sub-25,tense,theta_temporal,-0.21640733602758838,-0.22517881882382876,32
sub-25,tense,theta_parietal,-0.25606019275865904,-0.276072996020447,32
sub-25,tense,theta_occipital,-0.3402289924236675,-0.3640376987456971,32
sub-25,tense,alpha_frontal,-0.40849924104084107,-0.4235893895748646,32
sub-25,tense,alpha_central,-0.3856801442427721,-0.3860817866133195,32
sub-25,tense,alpha_temporal,-0.4505836408733452,-0.47358022134716204,32
sub-25,tense,alpha_parietal,-0.4195347058858088,-0.4513320115064204,32
sub-25,tense,alpha_occipital,-0.22501125777112257,-0.24930154184450015,32
sub-25,tense,beta_frontal,-0.1926530303443527,-0.22648155162257047,32
sub-25,tense,beta_central,-0.18386206682378514,-0.19169140912866117,32
sub-25,tense,beta_temporal,-0.21472396003428826,-0.23060832850224272,32
sub-25,tense,beta_parietal,-0.3707168020801039,-0.37709096625623534,32
sub-25,tense,beta_occipital,-0.31198568409163135,-0.316571547416834,32
sub-25,tense,gamma_frontal,-0.13579233012621364,-0.16881010092671825,32
sub-25,tense,gamma_central,0.06434237129947312,0.03965647568925417,32
sub-25,tense,gamma_temporal,-0.009165047074634254,-0.04122032947447949,32
sub-25,tense,gamma_parietal,-0.23735601505532386,-0.25764679655035166,32
sub-25,tense,gamma_occipital,-0.3037558459021638,-0.316492768047086,32
sub-25,tense,faa,-0.09894510005064326,-0.08247378554003498,32
sub-25,angry,delta_frontal,-0.12323388356976545,-0.16347062498265574,27
sub-25,angry,delta_central,-0.12478986694817157,-0.14689197203546833,27
sub-25,angry,delta_temporal,-0.07064164537963828,-0.09882837229117597,27
sub-25,angry,delta_parietal,0.09553737943413634,0.0690526951562918,27
sub-25,angry,delta_occipital,0.074376005487813,0.04870041081516291,27
sub-25,angry,theta_frontal,0.3317356562761868,0.3217785026071812,27
sub-25,angry,theta_central,0.35165224351978525,0.34184503977758035,27
sub-25,angry,theta_temporal,0.2439781937340811,0.23473219964932102,27
sub-25,angry,theta_parietal,0.17022458159763054,0.18307179973945864,27
sub-25,angry,theta_occipital,0.17240295832739916,0.18110334944384238,27
sub-25,angry,alpha_frontal,-0.10113891959639841,-0.08535026162002986,27
sub-25,angry,alpha_central,0.04356753459537162,0.05740588751982837,27
sub-25,angry,alpha_temporal,-0.03765479775742833,-0.021337741300028672,27
sub-25,angry,alpha_parietal,-0.23339750676091942,-0.21674438741916527,27
sub-25,angry,alpha_occipital,-0.33795958978981133,-0.32928029961087546,27
sub-25,angry,beta_frontal,0.14252807746200144,0.17956057846146944,27
sub-25,angry,beta_central,0.11669875338045971,0.13277548687385024,27
sub-25,angry,beta_temporal,0.0830895124068873,0.10327284314662494,27
sub-25,angry,beta_parietal,-0.02053898059496091,-0.009929740939504815,27
sub-25,angry,beta_occipital,0.1366153406240582,0.14848659463213634,27
sub-25,angry,gamma_frontal,0.007779916892030647,0.04989346855452847,27
sub-25,angry,gamma_central,0.0541482215685333,0.1064172404123848,27
sub-25,angry,gamma_temporal,0.18702920208441676,0.2506217846740227,27
sub-25,angry,gamma_parietal,0.051347451487402274,0.07905447506379025,27
sub-25,angry,gamma_occipital,0.19916587243598455,0.226888092956573,27
sub-25,angry,faa,-0.12541226029953403,-0.1942626178576998,27
sub-25,afraid,delta_frontal,-0.2792366646233851,-0.24982874208830594,27
sub-25,afraid,delta_central,-0.21190960215307997,-0.18909187269785302,27
sub-25,afraid,delta_temporal,-0.26744667211706435,-0.24212190872179845,27
sub-25,afraid,delta_parietal,-0.23331774644087283,-0.20880524259546215,27
sub-25,afraid,delta_occipital,-0.3118142754961133,-0.28996524691488945,27
sub-25,afraid,theta_frontal,0.04871128482874606,0.02602508694595773,27
sub-25,afraid,theta_central,-0.10983308808519812,-0.09632677949027559,27
sub-25,afraid,theta_temporal,0.08966599564017587,0.06405944327872239,27
sub-25,afraid,theta_parietal,0.10331756591065246,0.07827370906788286,27
sub-25,afraid,theta_occipital,0.20477355405714906,0.18007444164335362,27
sub-25,afraid,alpha_frontal,0.18801935417974594,0.1760279303115958,27
sub-25,afraid,alpha_central,0.25875930921767015,0.2663399886069172,27
sub-25,afraid,alpha_temporal,0.24231537230095967,0.2318921172307561,27
sub-25,afraid,alpha_parietal,0.2088069725461535,0.18235802701192583,27
sub-25,afraid,alpha_occipital,0.2624824647459819,0.23062619500145487,27
sub-25,afraid,beta_frontal,0.2531745759252024,0.22881561877846882,27
sub-25,afraid,beta_central,0.2088069725461535,0.18929810205547615,27
sub-25,afraid,beta_temporal,0.33663531235152533,0.3170849062462956,27
sub-25,afraid,beta_parietal,0.18988093194390185,0.1886561695884424,27
sub-25,afraid,beta_occipital,0.2671364091563717,0.2728233529991611,27
sub-25,afraid,gamma_frontal,0.2323869575587949,0.21889986174961196,27
sub-25,afraid,gamma_central,0.11976150282736292,0.07470427643003504,27
sub-25,afraid,gamma_temporal,0.3291890012949017,0.3025651834018783,27
sub-25,afraid,gamma_parietal,0.26899798692052757,0.26021410751220847,27
sub-25,afraid,gamma_occipital,0.28544192383723804,0.29218146797122435,27
sub-25,afraid,faa,0.15699305811048092,0.18427127869076468,27
sub-25,happy,delta_frontal,-0.10246977718668666,-0.20159909764192574,29
sub-25,happy,delta_central,-0.023550511138260503,-0.05720894646863941,29
sub-25,happy,delta_temporal,-0.07115260811985089,-0.13439878913402645,29
sub-25,happy,delta_parietal,-0.00601289646083247,-0.0898911465730067,29
sub-25,happy,delta_occipital,0.03457415464978669,-0.04136644973961283,29
sub-25,happy,theta_frontal,0.04985693315440256,0.06032057242188638,29
sub-25,happy,theta_central,-0.1838944167604597,-0.24171958477646083,29
sub-25,happy,theta_temporal,-0.04835370903919444,-0.03774741935889794,29
sub-25,happy,theta_parietal,-0.09620634337331951,-0.05864140915138773,29
sub-25,happy,theta_occipital,0.0581246657880472,0.09701913107607528,29
sub-25,happy,alpha_frontal,-0.060630039313394064,0.00972885130994565,29
sub-25,happy,alpha_central,-0.09169667102769516,-0.06794444054650468,29
sub-25,happy,alpha_temporal,0.06864723459450403,0.11875974530917399,29
sub-25,happy,alpha_parietal,-0.013779554389407742,0.06876573539020674,29
sub-25,happy,alpha_occipital,-0.1858987155807372,-0.1176818965388371,29
sub-25,happy,beta_frontal,0.0581246657880472,0.13461575400002185,29
sub-25,happy,beta_central,0.07942034075349554,0.10465640510223273,29
sub-25,happy,beta_temporal,0.05010747050693724,0.09326264721983947,29
sub-25,happy,beta_parietal,0.0636364875438103,0.08766189950785078,29
sub-25,happy,beta_occipital,0.03206878112443984,0.056186251185353586,29
sub-25,happy,gamma_frontal,0.19065892527889622,0.2980583825127107,29
sub-25,happy,gamma_central,0.09745903013599294,0.2172689646144465,29
sub-25,happy,gamma_temporal,-0.16735895149317037,-0.08743169921413446,29
sub-25,happy,gamma_parietal,0.07340744429266305,0.12865755018750563,29
sub-25,happy,gamma_occipital,0.13403748360605713,0.17113179761139055,29
sub-25,happy,faa,0.2385115596130213,0.19109853603617086,29
sub-25,sad,delta_frontal,-0.08818063467206301,-0.056301998926282605,27
sub-25,sad,delta_central,-0.0981515898293281,-0.09237092893045375,27
sub-25,sad,delta_temporal,-0.3408820294389998,-0.31633200100626147,27
sub-25,sad,delta_parietal,-0.3271719660977603,-0.30382140344246106,27
sub-25,sad,delta_occipital,-0.32748355844642485,-0.302580652225273,27
sub-25,sad,theta_frontal,0.2692157892461571,0.26769191148858956,27
sub-25,sad,theta_central,0.47330877762142665,0.514938168358141,27
sub-25,sad,theta_temporal,0.44370750449829593,0.4351065253333038,27
sub-25,sad,theta_parietal,0.384816550600699,0.3680501094112025,27
sub-25,sad,theta_occipital,0.2735780821274606,0.262294098799741,27
sub-25,sad,alpha_frontal,0.282614260238732,0.28145126439257195,27
sub-25,sad,alpha_central,0.20378139602660503,0.23000735271812425,27
sub-25,sad,alpha_temporal,0.3539689080829102,0.3457546331493016,27
sub-25,sad,alpha_parietal,0.31346190275652086,0.29387230075357296,27
sub-25,sad,alpha_occipital,0.2579984646942339,0.24272140879670984,27
sub-25,sad,beta_frontal,0.009036178111271475,-0.014099112562222483,27
sub-25,sad,beta_central,0.05670980745694512,0.06213353101825191,27
sub-25,sad,beta_temporal,0.016514394479220283,-0.006049434870912194,27
sub-25,sad,beta_parietal,0.11310802256522572,0.11728704907107494,27
sub-25,sad,beta_occipital,0.1168471307492001,0.11609664167652496,27
sub-25,sad,gamma_frontal,-0.08880381936939208,-0.1339189434476187,27
sub-25,sad,gamma_central,0.049231591088996315,-0.010456250526332015,27
sub-25,sad,gamma_temporal,0.12806445530112331,0.0658156406192726,27
sub-25,sad,gamma_parietal,-0.021811464406517354,-0.04876554778149637,27
sub-25,sad,gamma_occipital,0.08163719535010781,0.07239609330404868,27
sub-25,sad,faa,-0.11404279961121933,-0.07519296171014765,27
sub-25,tender,delta_frontal,0.2865004392172396,0.34097398545670915,29
sub-25,tender,delta_central,0.4303762056363774,0.46009137848919246,29
sub-25,tender,delta_temporal,0.38158355441597414,0.4253433032207943,29
sub-25,tender,delta_parietal,0.30401574991174335,0.3573944434756068,29
sub-25,tender,delta_occipital,0.2957585320129059,0.3429963272688228,29
sub-25,tender,theta_frontal,-0.2674838161774927,-0.2696239257048566,29
sub-25,tender,theta_central,-0.30326509373912175,-0.3032323303903445,29
sub-25,tender,theta_temporal,-0.4471408601582596,-0.45254313650287964,29
sub-25,tender,theta_parietal,-0.2912545949771763,-0.3118168022679276,29
sub-25,tender,theta_occipital,-0.24196150630835872,-0.2560783797662578,29
sub-25,tender,alpha_frontal,-0.19166754274271225,-0.22518778456198982,29
sub-25,tender,alpha_central,-0.3980979902136491,-0.4117121470388948,29
sub-25,tender,alpha_temporal,-0.3643184624456776,-0.38784626703088054,29
sub-25,tender,alpha_parietal,-0.24396325610201627,-0.2934498519320155,29
sub-25,tender,alpha_occipital,-0.14687839110962417,-0.18314935239338903,29
sub-25,tender,beta_frontal,-0.3075188120506441,-0.3515958599306623,29
sub-25,tender,beta_central,-0.40735608300931536,-0.42731014112324245,29
sub-25,tender,beta_temporal,-0.3550603696500113,-0.3886505698592388,29
sub-25,tender,beta_parietal,-0.41211023876925207,-0.4247519281150599,29
sub-25,tender,beta_occipital,-0.4371321111899717,-0.45416631172235145,29
sub-25,tender,gamma_frontal,-0.18491163718911796,-0.23036490216066646,29
sub-25,tender,gamma_central,-0.23245319478848522,-0.31204672450508064,29
sub-25,tender,gamma_temporal,-0.21969203985391825,-0.27809590690589164,29
sub-25,tender,gamma_parietal,-0.3583132130647049,-0.39616139264257344,29
sub-25,tender,gamma_occipital,-0.3540594947531826,-0.38733377236606165,29
sub-25,tender,faa,0.07531583598636606,0.10144139181046598,29
sub-26,pleasant,delta_frontal,-0.016900261962988775,-0.004997546795426154,32
sub-26,pleasant,delta_central,-0.12498765166034558,-0.11326692221614088,32
sub-26,pleasant,delta_temporal,0.030271897801837037,0.0712154311146595,32
sub-26,pleasant,delta_parietal,-0.3151620280350764,-0.3067346748352861,32
sub-26,pleasant,delta_occipital,-0.06147238142581632,-0.04125697169970546,32
sub-26,pleasant,theta_frontal,-0.20373172937800751,-0.2121548882956149,32
sub-26,pleasant,theta_central,-0.018943150771701705,0.0007275717637575285,32
sub-26,pleasant,theta_temporal,0.0490293314091103,0.045249587727823136,32
sub-26,pleasant,theta_parietal,0.042157796325257714,0.03187852856822591,32
sub-26,pleasant,theta_occipital,0.002042888808712929,-0.010088134864285057,32
sub-26,pleasant,alpha_frontal,0.11551607627449469,0.1158873156426204,32
sub-26,pleasant,alpha_central,0.020057453758272392,0.014502425199154713,32
sub-26,pleasant,alpha_temporal,0.0001857171644284481,0.0013736885507556814,32
sub-26,pleasant,alpha_parietal,0.12703054046905848,0.11941814327738383,32
sub-26,pleasant,alpha_occipital,0.0976872284893637,0.08096160384573546,32
sub-26,pleasant,beta_frontal,0.050886503053394774,0.04343181703968047,32
sub-26,pleasant,beta_central,0.06444385605667148,0.03804185362836354,32
sub-26,pleasant,beta_temporal,-0.31460487654179103,-0.3477178049303544,32
sub-26,pleasant,beta_parietal,0.2338179100154161,0.23555026805478263,32
sub-26,pleasant,beta_occipital,-0.05980092694596029,-0.06844028817534156,32
sub-26,pleasant,gamma_frontal,0.12145902553620505,0.1178614170833527,32
sub-26,pleasant,gamma_central,0.12164474270063351,0.09469982714715787,32
sub-26,pleasant,gamma_temporal,-0.0027857574664267213,-0.08041562360420171,32
sub-26,pleasant,gamma_parietal,0.15934532707960847,0.14597097214689186,32
sub-26,pleasant,gamma_occipital,0.18163138681102223,0.1674323265270593,32
sub-26,pleasant,faa,0.18423142711302049,0.18222942395770242,32
sub-26,energetic,delta_frontal,-0.254012370887492,-0.304375566362923,29
sub-26,energetic,delta_central,-0.07668297989056361,-0.1565426150816655,29
sub-26,energetic,delta_temporal,-0.3677756075014531,-0.48262533315831074,29
sub-26,energetic,delta_parietal,-0.13469970809724002,-0.15489266542725388,29
sub-26,energetic,delta_occipital,-0.34330768299689823,-0.3939730257667486,29
sub-26,energetic,theta_frontal,0.2673814430394652,0.3319229531426414,29
sub-26,energetic,theta_central,0.5847077216655475,0.5538395311139104,29
sub-26,energetic,theta_temporal,0.24745395813369378,0.2803031729931825,29
sub-26,energetic,theta_parietal,0.18590577690574137,0.23247067994665813,29
sub-26,energetic,theta_occipital,-0.005801672820667641,0.09158270259605056,29
sub-26,energetic,alpha_frontal,0.07113355371427282,0.06084789719945208,29
sub-26,energetic,alpha_central,-0.12360085574465846,-0.06601295754697256,29
sub-26,energetic,alpha_temporal,0.17884287086318948,0.1805524663777354,29
sub-26,energetic,alpha_parietal,-0.1929686829482933,-0.19199362990387692,29
sub-26,energetic,alpha_occipital,0.011603345641335283,0.02302739131347701,29
sub-26,energetic,beta_frontal,0.4053603575136044,0.38370534898330677,29
sub-26,energetic,beta_central,-0.15664516615802632,-0.04471403360910948,29
sub-26,energetic,beta_temporal,0.508024741774984,0.5739241429718439,29
sub-26,energetic,beta_parietal,0.32817288433428704,0.2960568806678823,29
sub-26,energetic,beta_occipital,0.5155921411062896,0.49408613441938953,29
sub-26,energetic,gamma_frontal,0.3841716393859486,0.3473115005529817,29
sub-26,energetic,gamma_central,-0.11527671648022227,0.005931828766057547,29
sub-26,energetic,gamma_temporal,0.20482427523400545,0.41623166352510843,29
sub-26,energetic,gamma_parietal,0.3864418591853403,0.4000561868258021,29
sub-26,energetic,gamma_occipital,0.4331074883950583,0.44615461056362765,29
sub-26,energetic,faa,-0.033548803702121585,-0.011883166415253834,29
sub-26,tense,delta_frontal,-0.2112083457239974,-0.20089467941482733,33
sub-26,tense,delta_central,-0.03398364372067537,-0.013290295513142899,33
sub-26,tense,delta_temporal,0.05607301213911437,0.12690164568238502,33
sub-26,tense,delta_parietal,-0.10365011334805987,-0.09197901312830978,33
sub-26,tense,delta_occipital,-0.05913154007397515,-0.042248484165556446,33
sub-26,tense,theta_frontal,0.2931089270908251,0.28805562844942023,33
sub-26,tense,theta_central,-0.08699812792492895,-0.06284880345268365,33
sub-26,tense,theta_temporal,-0.04638767367872188,-0.04822167056502111,33
sub-26,tense,theta_parietal,0.32012592384876204,0.3108365943623836,33
sub-26,tense,theta_occipital,0.1320264558548238,0.11393935833706967,33
sub-26,tense,alpha_frontal,0.0003398364372067537,0.005771489638522417,33
sub-26,tense,alpha_central,0.055563257483304235,0.06435471926547727,33
sub-26,tense,alpha_temporal,-0.04604783724151513,-0.05446339803455983,33
sub-26,tense,alpha_parietal,-0.09481436598068428,-0.09901495283409015,33
sub-26,tense,alpha_occipital,-0.24791068094232685,-0.26854940065902455,33
sub-26,tense,beta_frontal,0.173146664756841,0.1816639288768935,33
sub-26,tense,beta_central,0.3299811805277578,0.3052323078091141,33
sub-26,tense,beta_temporal,0.01563247611151067,-0.021267190503830895,33
sub-26,tense,beta_parietal,0.041629963557827325,0.053759050891957025,33
sub-26,tense,beta_occipital,0.17450601050566802,0.1928754894832395,33
sub-26,tense,gamma_frontal,0.03653241699972602,0.03383980369744099,33
sub-26,tense,gamma_central,0.21103842750539406,0.16670215299835897,33
sub-26,tense,gamma_temporal,-0.07136565181341828,-0.22635415380321838,33
sub-26,tense,gamma_parietal,0.06422908663207645,0.04474987343087846,33
sub-26,tense,gamma_occipital,-0.3106105036069729,-0.3545251810562721,33
sub-26,tense,faa,0.09209567448303026,0.09353029601549356,33
sub-26,angry,delta_frontal,-0.12294746135819767,-0.21525648477190323,27
sub-26,angry,delta_central,0.2723286269084079,0.25474214242576987,27
sub-26,angry,delta_temporal,0.1653643355267759,0.10586971557422754,27
sub-26,angry,delta_parietal,0.12325483001159318,0.03932118700378438,27
sub-26,angry,delta_occipital,0.10450534215446804,0.04267002417648756,27
sub-26,angry,theta_frontal,0.26648862249389343,0.28941724196804536,27
sub-26,angry,theta_central,-0.03288844591331788,-0.08715273932813919,27
sub-26,angry,theta_temporal,0.04210950551518271,0.03227560533926102,27
sub-26,angry,theta_parietal,0.017827381896938665,0.06717488773010097,27
sub-26,angry,theta_occipital,0.20378541720121265,0.23656911829896884,27
sub-26,angry,alpha_frontal,-0.08483374833715641,-0.06688119559923299,27
sub-26,angry,alpha_central,0.04610529800932413,0.03973745371570039,27
sub-26,angry,alpha_temporal,-0.08114532449641047,-0.07982965960794956,27
sub-26,angry,alpha_parietal,-0.19425698894595236,-0.15772635505876767,27
sub-26,angry,alpha_occipital,-0.25880440615900613,-0.19991810496058107,27
sub-26,angry,beta_frontal,-0.0743832141217096,-0.015253564433357564,27
sub-26,angry,beta_central,-0.34425289180295354,-0.29546209455959993,27
sub-26,angry,beta_temporal,-0.01014316556205131,0.06617218073972825,27
sub-26,angry,beta_parietal,0.01752001324354317,0.06889202609916698,27
sub-26,angry,beta_occipital,-0.15737275053849303,-0.13180852910757518,27
sub-26,angry,gamma_frontal,-0.09405480793902123,-0.054456057743754525,27
sub-26,angry,gamma_central,-0.29046337745874207,-0.22657758569647232,27
sub-26,angry,gamma_temporal,-0.05440425165100248,0.0770643834037153,27
sub-26,angry,gamma_parietal,-0.05532635761118896,0.006202546630157582,27
sub-26,angry,gamma_occipital,-0.051945302423838526,-0.026313792926431,27
sub-26,angry,faa,-0.3122865518498221,-0.33754082627722565,27
sub-26,afraid,delta_frontal,0.14434558693474672,0.1523874893667547,29
sub-26,afraid,delta_central,-0.017201805696886917,-0.005383349374944338,29
sub-26,afraid,delta_temporal,0.04786589411307664,0.10761749216174457,29
sub-26,afraid,delta_parietal,-0.0177004087605648,-0.011135772947416935,29
sub-26,afraid,delta_occipital,0.03515151598929066,0.040344063349121065,29
sub-26,afraid,theta_frontal,-0.028171073097800314,-0.039370736002646525,29
sub-26,afraid,theta_central,0.1276423843015377,0.15329042655489847,29
sub-26,afraid,theta_temporal,-0.23883086750170532,-0.2564397682008161,29
sub-26,afraid,theta_parietal,-0.08949924993017976,-0.11061220021229914,29
sub-26,afraid,theta_occipital,-0.15082742676255922,-0.17607144790564133,29
sub-26,afraid,alpha_frontal,0.32658500670901247,0.3462343079749357,29
sub-26,afraid,alpha_central,-0.21415001584965015,-0.2027507631751453,29
sub-26,afraid,alpha_temporal,0.22013325261378475,0.21016249506149848,29
sub-26,afraid,alpha_parietal,0.26874705132237825,0.2899106270201875,29
sub-26,afraid,alpha_occipital,0.2889404754013324,0.2922237336636229,29
sub-26,afraid,beta_frontal,-0.19096497338862867,-0.18202961433646617,29
sub-26,afraid,beta_central,0.02941758075699502,-0.007627646740637288,29
sub-26,afraid,beta_temporal,0.01196647352826916,-0.016533916723736195,29
sub-26,afraid,beta_parietal,0.013212981187463864,0.018213168074438412,29
sub-26,afraid,beta_occipital,-0.02168923326998785,-0.00881582432762245,29
sub-26,afraid,gamma_frontal,-0.3211003730085558,-0.3253115529548372,29
sub-26,afraid,gamma_central,-0.03191059607538443,-0.08447771755633875,29
sub-26,afraid,gamma_temporal,-0.084263917761562,-0.20159573498845604,29
sub-26,afraid,gamma_parietal,-0.14933161757152555,-0.17294552148970246,29
sub-26,afraid,gamma_occipital,0.04612078339020405,0.030499395243231312,29
sub-26,afraid,faa,-0.12938749502441027,-0.12107313021635382,29
sub-26,happy,delta_frontal,-0.10684409597493312,-0.13429059820878522,30
sub-26,happy,delta_central,0.11606642846961154,0.1492554099902079,30
sub-26,happy,delta_temporal,0.17140042343768216,0.04643566258351042,30
sub-26,happy,delta_parietal,0.06050749856264633,0.028733577748444747,30
sub-26,happy,delta_occipital,-0.14733238497596038,-0.21357480480006336,30
sub-26,happy,theta_frontal,-0.14598277534259285,-0.12229914251741322,30
sub-26,happy,theta_central,0.10999318511945745,0.006878169998717359,30
sub-26,happy,theta_temporal,0.05420932027359764,0.06389464051911961,30
sub-26,happy,theta_parietal,-0.14463316570922524,-0.10190354712091852,30
sub-26,happy,theta_occipital,-0.18197236556572818,-0.04491490633376291,30
sub-26,happy,alpha_frontal,0.06995476599621936,0.01905494409462085,30
sub-26,happy,alpha_central,-0.1374352476645982,-0.23096286507487063,30
sub-26,happy,alpha_temporal,0.028116867361824498,-0.01406133846995889,30
sub-26,happy,alpha_parietal,-0.006073243350154092,-0.031188270220807914,30
sub-26,happy,alpha_occipital,0.29691411934086676,0.3287645411976787,30
sub-26,happy,beta_frontal,0.03666439503981915,0.017221984861543086,30
sub-26,happy,beta_central,-0.029241542056297483,0.055730540299482385,30
sub-26,happy,beta_temporal,-0.13945966211464952,-0.06155298969073147,30
sub-26,happy,beta_parietal,0.1133672092028764,0.10699418852827115,30
sub-26,happy,beta_occipital,-0.09447267433573034,-0.1474226759219357,30
sub-26,happy,gamma_frontal,0.18039782099346602,0.18893278511195982,30
sub-26,happy,gamma_central,-0.28409282782387474,-0.16300009692953132,30
sub-26,happy,gamma_temporal,-0.2553011556453665,-0.018832286694915726,30
sub-26,happy,gamma_parietal,0.13113706937554948,0.18381325382796926,30
sub-26,happy,gamma_occipital,0.16690172465979025,0.29419329437051583,30
sub-26,happy,faa,0.05443425521249224,0.08516372110707833,30
sub-26,sad,delta_frontal,-0.3560791180186672,-0.36057428968955707,29
sub-26,sad,delta_central,-0.0925403357562638,-0.09344625636543942,29
sub-26,sad,delta_temporal,-0.1775366224019626,-0.20899769524966869,29
sub-26,sad,delta_parietal,-0.33520724881277075,-0.34395665784074697,29
sub-26,sad,delta_occipital,-0.32716026309483476,-0.33861767064952164,29
sub-26,sad,theta_frontal,0.19715115008943157,0.20413241396743456,29
sub-26,sad,theta_central,0.021374805813267454,0.02011446749369447,29
sub-26,sad,theta_temporal,0.22959056126486097,0.23121087719551262,29
sub-26,sad,theta_parietal,0.06739350538771385,0.07224536729492104,29
sub-26,sad,theta_occipital,0.15264126033709816,0.1572577618415491,29
sub-26,sad,alpha_frontal,0.22682440992432049,0.22667728450536487,29
sub-26,sad,alpha_central,0.09882704334840128,0.09846095514052244,29
sub-26,sad,alpha_temporal,-0.03344528439017142,-0.03302175808824175,29
sub-26,sad,alpha_parietal,0.39103321223095167,0.3931651369383711,29
sub-26,sad,alpha_occipital,0.03243941117542942,0.0348627362140616,29
sub-26,sad,beta_frontal,0.20092317464471407,0.20106634788381778,29
sub-26,sad,beta_central,0.11668129291007173,0.12400918323655298,29
sub-26,sad,beta_temporal,0.16672348534348613,0.17750228205205257,29
sub-26,sad,beta_parietal,0.10762843397739374,0.10734812610711202,29
sub-26,sad,beta_occipital,0.27284310949876694,0.2727259488855905,29
sub-26,sad,gamma_frontal,0.2823989050388159,0.2825479426949737,29
sub-26,sad,gamma_central,-0.026907108494348436,-0.025943736484526643,29
sub-26,sad,gamma_temporal,0.12774589827223373,0.20117276974435863,29
sub-26,sad,gamma_parietal,0.3543188398928687,0.3600193205046622,29
sub-26,sad,gamma_occipital,0.3150897845179308,0.3367961048578132,29
sub-26,sad,faa,0.12321946880589472,0.12338973173614973,29
sub-26,tender,delta_frontal,-0.20079433643034722,-0.2082600039707767,29
sub-26,tender,delta_central,-0.31714950259711916,-0.3241289783792846,29
sub-26,tender,delta_temporal,-0.20908746922409122,-0.24009225739592366,29
sub-26,tender,delta_parietal,-0.10077412879670743,-0.125051518582404,29
sub-26,tender,delta_occipital,-0.03794736520773771,-0.06575748723658889,29
sub-26,tender,theta_frontal,0.20029172232163547,0.2114204643171881,29
sub-26,tender,theta_central,0.23647993814888205,0.2265783031333106,29
sub-26,tender,theta_temporal,0.4229497724809442,0.4252748568001711,29
sub-26,tender,theta_parietal,0.28950572661797247,0.3106425733082609,29
sub-26,tender,theta_occipital,-0.024879398381232008,0.0031195082782011015,29
sub-26,tender,alpha_frontal,-0.0939888383290987,-0.09759243981501231,29
sub-26,tender,alpha_central,0.035182987609823045,0.02895991851754388,29
sub-26,tender,alpha_temporal,-0.06634506234995204,-0.08082220022809357,29
sub-26,tender,alpha_parietal,0.08318263499179591,0.09153739847822932,29
sub-26,tender,alpha_occipital,-0.19903518704985607,-0.18469655602000912,29
sub-26,tender,beta_frontal,0.21989367256139403,0.22272150326880186,29
sub-26,tender,beta_central,0.2437678427252025,0.268303144429992,29
sub-26,tender,beta_temporal,0.006785290467608729,0.020955592369367157,29
sub-26,tender,beta_parietal,-0.0273924689247908,-0.020628320726277412,29
sub-26,tender,beta_occipital,0.1749097098316917,0.1697482892558992,29
sub-26,tender,gamma_frontal,0.26538024939980814,0.26193576819032244,29
sub-26,tender,gamma_central,0.32644786360828665,0.40259306400811956,29
sub-26,tender,gamma_temporal,0.16209305005954186,0.25101958450274187,29
sub-26,tender,gamma_parietal,0.2214015148875293,0.23010652948692606,29
sub-26,tender,gamma_occipital,0.07589473041547543,0.09301390982822538,29
sub-26,tender,faa,0.05780062250185214,0.065120900396234,29
sub-27,pleasant,delta_frontal,0.16740940017966144,0.137146507889981,32
sub-27,pleasant,delta_central,0.6024498815829956,0.5971558489014459,32
sub-27,pleasant,delta_temporal,0.4318677279997063,0.4363485344205531,32
sub-27,pleasant,delta_parietal,0.16815593039227975,0.14751041276302193,32
sub-27,pleasant,delta_occipital,-0.05710956126530256,-0.11251160611713831,32
sub-27,pleasant,theta_frontal,0.263525165054272,0.2501356632737229,32
sub-27,pleasant,theta_central,0.14949267507682143,0.13691603917194364,32
sub-27,pleasant,theta_temporal,0.17972714868786394,0.1839156383841285,32
sub-27,pleasant,theta_parietal,0.22227937080710902,0.21060809733675925,32
sub-27,pleasant,theta_occipital,0.1888721437924385,0.17012296053032985,32
sub-27,pleasant,alpha_frontal,-0.1860726554951198,-0.1601705516379964,32
sub-27,pleasant,alpha_central,-0.20585570612950563,-0.20821870307599122,32
sub-27,pleasant,alpha_temporal,-0.22825161250805567,-0.21631000526098487,32
sub-27,pleasant,alpha_parietal,-0.2530737420776153,-0.23493510532150164,32
sub-27,pleasant,alpha_occipital,-0.07483965381498799,-0.04394725497174197,32
sub-27,pleasant,beta_frontal,-0.3413509397197333,-0.32810004935814463,32
sub-27,pleasant,beta_central,-0.5188384977697422,-0.5130310664027621,32
sub-27,pleasant,beta_temporal,-0.3439637954638975,-0.33199364061366127,32
sub-27,pleasant,beta_parietal,-0.19689734357808564,-0.1697135575529467,32
sub-27,pleasant,beta_occipital,-0.1621836886913331,-0.14270102387693456,32
sub-27,pleasant,gamma_frontal,0.08361138381325342,0.09508736323177022,32
sub-27,pleasant,gamma_central,-0.11533891784953261,-0.14602309607301098,32
sub-27,pleasant,gamma_temporal,-0.04516507786340922,-0.04826630638284644,32
sub-27,pleasant,gamma_parietal,0.07110700275189633,0.07815975492126351,32
sub-27,pleasant,gamma_occipital,0.1823400044320281,0.17387031073761072,32
sub-27,pleasant,faa,-0.015303869358675847,-0.0124723470551088,32
sub-27,energetic,delta_frontal,-0.19589779250235123,-0.1477378480116991,29
sub-27,energetic,delta_central,-0.192149748002944,-0.18654485860116649,29
sub-27,energetic,delta_temporal,0.04322744655983005,0.16572025533233434,29
sub-27,energetic,delta_parietal,-0.08120763082048997,-0.04668910562837947,29
sub-27,energetic,delta_occipital,0.14742308364335105,0.2843940993557779,29
sub-27,energetic,theta_frontal,-0.2556166348595731,-0.2507364391480646,29
sub-27,energetic,theta_central,-0.09644967845141271,-0.06549853022512779,29
sub-27,energetic,theta_temporal,-0.19664740140223266,-0.21871491604416765,29
sub-27,energetic,theta_parietal,-0.37905223370671787,-0.38322527548263674,29
sub-27,energetic,theta_occipital,-0.2376260212624184,-0.22398139925098642,29
sub-27,energetic,alpha_frontal,0.2376260212624184,0.20338590848937288,29
sub-27,energetic,alpha_central,0.19289935690282542,0.17064613045522614,29
sub-27,energetic,alpha_temporal,0.117688597281387,0.07004284758971865,29
sub-27,energetic,alpha_parietal,-0.03897966279383519,-0.08947849491708765,29
sub-27,energetic,alpha_occipital,-0.03148357379502074,-0.09039052779279665,29
sub-27,energetic,beta_frontal,0.08970319835247971,0.059316067611660986,29
sub-27,energetic,beta_central,0.12193638104738187,0.11100219249420155,29
sub-27,energetic,beta_temporal,0.14292543024406237,0.09423790558709538,29
sub-27,energetic,beta_parietal,0.2446223709946452,0.21280387177475046,29
sub-27,energetic,beta_occipital,0.20939075270021726,0.1647869962743828,29
sub-27,energetic,gamma_frontal,0.04647575179264966,0.04246278860127846,29
sub-27,energetic,gamma_central,0.04672562142594346,0.11071182553620502,29
sub-27,energetic,gamma_temporal,0.02398748479620627,0.06494203107313912,29
sub-27,energetic,gamma_parietal,-0.009245176431871168,-0.0031927214852440116,29
sub-27,energetic,gamma_occipital,-0.12743351297984581,-0.09543501415682515,29
sub-27,energetic,faa,-0.011494003131515506,0.004827526951292808,29
sub-27,tense,delta_frontal,0.09324869255908234,0.023008950190412155,33
sub-27,tense,delta_central,0.08750511366957366,0.04641504997666565,33
sub-27,tense,delta_temporal,0.17872666073824114,0.11244844049743007,33
sub-27,tense,delta_parietal,0.17247629547612875,0.13113262749019802,33
sub-27,tense,delta_occipital,0.16098913769711137,0.10007677678664843,33
sub-27,tense,theta_frontal,0.3853265719696863,0.3761627623469114,33
sub-27,tense,theta_central,0.28988180512932116,0.27169494848190234,33
sub-27,tense,theta_temporal,0.07821403017183899,0.08522392897811996,33
sub-27,tense,theta_parietal,0.1812605926012597,0.17509379259708155,33
sub-27,tense,theta_occipital,0.20964062946706735,0.17906947684987373,33
sub-27,tense,alpha_frontal,-0.15321841331718786,-0.10121281203018485,33
sub-27,tense,alpha_central,-0.07247045128233029,-0.04680740512776888,33
sub-27,tense,alpha_temporal,0.010642513824677877,0.06420846218379475,33
sub-27,tense,alpha_parietal,-0.43195091824922743,-0.4092486122683627,33
sub-27,tense,alpha_occipital,-0.18531488358208936,-0.14303313964713868,33
sub-27,tense,beta_frontal,-0.2768742882324927,-0.24741800777229403,33
sub-27,tense,beta_central,-0.08074796203485754,-0.04306920776362328,33
sub-27,tense,beta_temporal,-0.27366464120600253,-0.2378016094876923,33
sub-27,tense,beta_parietal,-0.12433159007877646,-0.07118895483600768,33
sub-27,tense,beta_occipital,-0.11723658086232454,-0.058482272676867376,33
sub-27,tense,gamma_frontal,0.08547796817915881,0.09718896381518351,33
sub-27,tense,gamma_central,0.08260617873440447,0.05565337318539771,33
sub-27,tense,gamma_temporal,0.08007224687138594,0.06881364923764512,33
sub-27,tense,gamma_parietal,0.026859677747996545,0.030348021107680943,33
sub-27,tense,gamma_occipital,0.017906451831997697,-0.0067366720524406724,33
sub-27,tense,faa,0.09122154706866752,0.08870832293743872,33
sub-27,angry,delta_frontal,0.27617267106866394,0.3193452670700699,27
sub-27,angry,delta_central,0.19726619362047423,0.22186552204563645,27
sub-27,angry,delta_temporal,0.10726349278113287,0.15718783625274155,27
sub-27,angry,delta_parietal,0.0961672693899812,0.09825242266548363,27
sub-27,angry,delta_occipital,0.13592873654160806,0.16545855022002692,27
sub-27,angry,theta_frontal,-0.5054946211524652,-0.5105686182058476,27
sub-27,angry,theta_central,-0.3029885442639471,-0.2984505286353734,27
sub-27,angry,theta_temporal,-0.33196201645195433,-0.3279033998882092,27
sub-27,angry,theta_parietal,-0.5088851338553171,-0.5643425814532826,27
sub-27,angry,theta_occipital,-0.412717864465336,-0.41835645890830864,27
sub-27,angry,alpha_frontal,0.10448943693334495,0.08780563246181385,27
sub-27,angry,alpha_central,0.06781025405703801,0.07021135350691483,27
sub-27,angry,alpha_temporal,-0.047158949412394624,-0.05778076887694356,27
sub-27,angry,alpha_parietal,0.1513401579182076,0.1427362989435631,27
sub-27,angry,alpha_occipital,0.026815873195283217,0.00937331823967709,27
sub-27,angry,beta_frontal,-0.19849910733060222,-0.20939558007266318,27
sub-27,angry,beta_central,-0.11188691919411274,-0.14106755820167685,27
sub-27,angry,beta_temporal,-0.03205575646332706,-0.06769297368393579,27
sub-27,angry,beta_parietal,0.0413026092892868,0.020001417969583084,27
sub-27,angry,beta_occipital,-0.0413026092892868,-0.06593178772540742,27
sub-27,angry,gamma_frontal,0.013562050811407607,0.008207406155792208,27
sub-27,angry,gamma_central,-0.13962747767199193,-0.1307355318612962,27
sub-27,angry,gamma_temporal,-0.2986733462784993,-0.3068594127953045,27
sub-27,angry,gamma_parietal,-0.07150899518742192,-0.0699825124801349,27
sub-27,angry,gamma_occipital,-0.16243638130935928,-0.15671063683261502,27
sub-27,angry,faa,-0.10233183794062102,-0.10171988919316628,27
sub-27,afraid,delta_frontal,0.025169457510164917,0.024114322826869733,29
sub-27,afraid,delta_central,-0.044549939792991905,-0.046494694752674655,29
sub-27,afraid,delta_temporal,0.4009494581369272,0.44311305301830367,29
sub-27,afraid,delta_parietal,-0.1278608441516378,-0.13927221487837957,29
sub-27,afraid,delta_occipital,0.14698963185936315,0.17433379136953975,29
sub-27,afraid,theta_frontal,-0.2710750573844762,-0.2713290713708661,29
sub-27,afraid,theta_central,-0.15680572028832745,-0.16310752188812752,29
sub-27,afraid,theta_temporal,-0.11250747507043718,-0.11222466271043544,29
sub-27,afraid,theta_parietal,-0.2534564371273607,-0.2534283122225794,29
sub-27,afraid,theta_occipital,-0.13641845970509386,-0.13876663976868267,29
sub-27,afraid,alpha_frontal,-0.162846390090767,-0.17617731612299825,29
sub-27,afraid,alpha_central,-0.1787031483221709,-0.1820197666646649,29
sub-27,afraid,alpha_temporal,-0.30278857384728397,-0.3186666427612104,29
sub-27,afraid,alpha_parietal,-0.08985496331128875,-0.09450989168734589,29
sub-27,afraid,alpha_occipital,-0.10621511069289596,-0.1118221552479516,29
sub-27,afraid,beta_frontal,0.14396929695814334,0.14854841891099246,29
sub-27,afraid,beta_central,0.09237190906230525,0.09412239558472207,29
sub-27,afraid,beta_temporal,0.025924541235469865,0.029532821175536454,29
sub-27,afraid,beta_parietal,0.23885815177146505,0.25442618830410324,29
sub-27,afraid,beta_occipital,-0.09086174161169536,-0.09756607547921979,29
sub-27,afraid,gamma_frontal,-0.05184908247093973,-0.051312824763714064,29
sub-27,afraid,gamma_central,-0.013843201630590706,-0.016773681954755936,29
sub-27,afraid,gamma_temporal,-0.14271082408263508,-0.14958282809447251,29
sub-27,afraid,gamma_parietal,0.018373703982420393,0.017589940739138516,29
sub-27,afraid,gamma_occipital,0.013339812480387406,0.01168658689284378,29
sub-27,afraid,faa,0.16913875446830826,0.17040633692654944,29
sub-27,happy,delta_frontal,-0.04568716360948484,-0.06251712005977057,30
sub-27,happy,delta_central,0.0354586941446748,0.0277170920159881,30
sub-27,happy,delta_temporal,0.03273110228739212,0.01471793485928954,30
sub-27,happy,delta_parietal,0.05546103443141443,0.044794795102027454,30
sub-27,happy,delta_occipital,0.06864439507494736,0.05585346814394322,30
sub-27,happy,theta_frontal,0.10160279668377971,0.0949401838992571,30
sub-27,happy,theta_central,0.05182424528837085,0.040120391356935264,30
sub-27,happy,theta_temporal,0.07819096657543674,0.08099766826183617,30
sub-27,happy,theta_parietal,0.3391305875888128,0.3388410222170073,30
sub-27,happy,theta_occipital,0.31412766223038824,0.3131186439825464,30
sub-27,happy,alpha_frontal,-0.2791235667285939,-0.30756709376670627,30
sub-27,happy,alpha_central,-0.2957164171937302,-0.2929577710314281,30
sub-27,happy,alpha_temporal,-0.15820032772239526,-0.1516199257880805,30
sub-27,happy,alpha_parietal,-0.042504973109321706,-0.02660592715965333,30
sub-27,happy,alpha_occipital,-0.12296893289916067,-0.11661135018059322,30
sub-27,happy,beta_frontal,0.06432570796758312,0.0697824943245163,30
sub-27,happy,beta_central,0.09410191907625236,0.1051138376765476,30
sub-27,happy,beta_temporal,-0.021366136215380967,-0.0077304396926003525,30
sub-27,happy,beta_parietal,-0.05659753103861554,-0.04641903740221899,30
sub-27,happy,beta_occipital,-0.1595641236510366,-0.1534129081295483,30
sub-27,happy,gamma_frontal,-0.08955593264744789,-0.0853270153674298,30
sub-27,happy,gamma_central,-0.12205973561339978,-0.14290539295108684,30
sub-27,happy,gamma_temporal,-0.04886935410964796,-0.05709358852578342,30
sub-27,happy,gamma_parietal,-0.30185349887261625,-0.30106376606028856,30
sub-27,happy,gamma_occipital,-0.20366019201043983,-0.22235014322915725,30
sub-27,happy,faa,-0.3248107303380787,-0.3229114519802641,30
sub-27,sad,delta_frontal,0.08145482041547078,-0.0027348306497674245,29
sub-27,sad,delta_central,-0.07617534131446806,-0.13074161767629214,29
sub-27,sad,delta_temporal,-0.10734940838705563,-0.24439107109352087,29
sub-27,sad,delta_parietal,0.1709545613658029,0.12081155581459622,29
sub-27,sad,delta_occipital,0.22576058250954556,0.16128542924233324,29
sub-27,sad,theta_frontal,0.17497702163323353,0.16419243177850368,29
sub-27,sad,theta_central,0.15310489392907936,0.13561947476900674,29
sub-27,sad,theta_temporal,0.01835247497015237,0.02316969380337852,29
sub-27,sad,theta_parietal,0.09679045018505016,0.09165414820316599,29
sub-27,sad,theta_occipital,-0.03670494994030474,-0.08865289792150753,29
sub-27,sad,alpha_frontal,-0.16466946719794248,-0.09390855515587034,29
sub-27,sad,alpha_central,0.010810361968719888,0.03822470731099379,29
sub-27,sad,alpha_temporal,-0.021620723937439777,0.03702778965624644,29
sub-27,sad,alpha_parietal,-0.10483537071991146,-0.049514441960214386,29
sub-27,sad,alpha_occipital,-0.2908741580885793,-0.23881856544900995,29
sub-27,sad,beta_frontal,-0.06838182454632115,-0.03796006918807832,29
sub-27,sad,beta_central,-0.1020699292860529,-0.0483674634557821,29
sub-27,sad,beta_temporal,0.06687340194603467,0.12945166887595064,29
sub-27,sad,beta_parietal,-0.22123531470868607,-0.17095329551090294,29
sub-27,sad,beta_occipital,0.16969754253223077,0.23452947049276315,29
sub-27,sad,gamma_frontal,0.160144199397083,0.1786134757350593,29
sub-27,sad,gamma_central,0.35900457886818604,0.331634072157349,29
sub-27,sad,gamma_temporal,0.19986599453796072,0.20400889906156539,29
sub-27,sad,gamma_parietal,-0.13450101519221258,-0.12929989907540584,29
sub-27,sad,gamma_occipital,0.1352552264923558,0.11760874266994106,29
sub-27,sad,faa,-0.10634379332019796,-0.09511294603828216,29
sub-27,tender,delta_frontal,0.010454847614705552,0.021427428745034362,29
sub-27,tender,delta_central,-0.16005873848227783,-0.1604363376381532,29
sub-27,tender,delta_temporal,-0.1926679060424309,-0.20212756053828673,29
sub-27,tender,delta_parietal,-0.14811034120832867,-0.14564348373699756,29
sub-27,tender,delta_occipital,-0.03011991812808028,-0.022940478061515963,29
sub-27,tender,theta_frontal,0.07940705688312073,0.09168424208274019,29
sub-27,tender,theta_central,0.28900185906364634,0.2976739010382884,29
sub-27,tender,theta_temporal,0.23274482189880216,0.24141178544354155,29
sub-27,tender,theta_parietal,0.11350977410251742,0.12338716718658577,29
sub-27,tender,theta_occipital,0.017673670967716527,0.02824893935080893,29
sub-27,tender,alpha_frontal,-0.16677971194887428,-0.20066585305607476,29
sub-27,tender,alpha_central,-0.22303674911371846,-0.22503355722042445,29
sub-27,tender,alpha_temporal,-0.07965598182632802,-0.0835842807145778,29
sub-27,tender,alpha_parietal,0.09459147841876452,0.09059113546487056,29
sub-27,tender,alpha_occipital,-0.33231479918171214,-0.36280716831929566,29
sub-27,tender,beta_frontal,0.08488340563368078,0.08075552126594465,29
sub-27,tender,beta_central,0.05376778773277141,0.046920458170681474,29
sub-27,tender,beta_temporal,0.21059050195335466,0.2301181318639602,29
sub-27,tender,beta_parietal,0.02215431994544748,0.010972271045176075,29
sub-27,tender,beta_occipital,0.2939803579277918,0.3001694249644729,29
sub-27,tender,gamma_frontal,0.01568227142205833,0.010560020486667368,29
sub-27,tender,gamma_central,0.3527266445247087,0.36136251754621745,29
sub-27,tender,gamma_temporal,0.1508485155836087,0.14915724810286524,29
sub-27,tender,gamma_parietal,-0.13989581808248858,-0.14223121037299769,29
sub-27,tender,gamma_occipital,0.02066077028620383,0.023717784416914026,29
sub-27,tender,faa,-0.25888194093556605,-0.25771799093816217,29
sub-28,pleasant,delta_frontal,0.11670727238501305,0.07951666030540597,32
sub-28,pleasant,delta_central,-0.056123560924003085,0.0017480089159213638,32
sub-28,pleasant,delta_temporal,0.16632644710921446,0.18346440571490755,32
sub-28,pleasant,delta_parietal,0.11614975356788718,0.11111380159796246,32
sub-28,pleasant,delta_occipital,0.12395501700764919,0.09277555180330968,32
sub-28,pleasant,theta_frontal,-0.15759198564090934,-0.14189481802992626,32
sub-28,pleasant,theta_central,-0.06076955106671857,-0.17755555584242608,32
sub-28,pleasant,theta_temporal,-0.19587494441688494,-0.221301014547504,32
sub-28,pleasant,theta_parietal,-0.12153910213343715,-0.13610389215324256,32
sub-28,pleasant,theta_occipital,-0.261290485626319,-0.3147072173057306,32
sub-28,pleasant,alpha_frontal,-0.03029185573050498,-0.04146045165357967,32
sub-28,pleasant,alpha_central,-0.005946867382675824,-0.001511310839823555,32
sub-28,pleasant,alpha_temporal,-0.18268033241157294,-0.2124955745226218,32
sub-28,pleasant,alpha_parietal,-0.032336091393299786,-0.06574347072467354,32
sub-28,pleasant,alpha_occipital,-0.10369849998540967,-0.16247758176260554,32
sub-28,pleasant,beta_frontal,-0.08938885034584597,-0.06838377800545636,32
sub-28,pleasant,beta_central,0.18063609674877815,0.11915239403439169,32
sub-28,pleasant,beta_temporal,-0.13789298743579567,-0.1378316250797006,32
sub-28,pleasant,beta_parietal,0.036424562718889414,-0.003963664233418398,32
sub-28,pleasant,beta_occipital,-0.06225626791238753,-0.03807528706253544,32
sub-28,pleasant,gamma_frontal,-0.1516451182582335,-0.10559372760264343,32
sub-28,pleasant,gamma_central,-0.13937970428146462,-0.15850914322813298,32
sub-28,pleasant,gamma_temporal,-0.1791493799031092,-0.18513787603570409,32
sub-28,pleasant,gamma_parietal,-0.05259260841553931,-0.03608202948086514,32
sub-28,pleasant,gamma_occipital,-0.11168960303088032,-0.063694120270252,32
sub-28,pleasant,faa,-0.14179561915567668,-0.09853619094978763,32
sub-28,energetic,delta_frontal,-0.17413706520030173,-0.22806814130068073,29
sub-28,energetic,delta_central,-0.2018690798878677,-0.23312949561372898,29
sub-28,energetic,delta_temporal,-0.14940310615463478,-0.18789654381390086,29
sub-28,energetic,delta_parietal,-0.16714160203587067,-0.2221850339597666,29
sub-28,energetic,delta_occipital,-0.08344588203285619,-0.13763495167064732,29
sub-28,energetic,theta_frontal,0.30655118938417536,0.3305364295481129,29
sub-28,energetic,theta_central,0.2885628555327812,0.2833630163042146,29
sub-28,energetic,theta_temporal,0.3687608439535801,0.360735623388952,29
sub-28,energetic,theta_parietal,0.3122974626978151,0.32996848287566644,29
sub-28,energetic,theta_occipital,0.05021743200180867,0.06191100892513096,29
sub-28,energetic,alpha_frontal,0.17813447272283375,0.2033126849689038,29
sub-28,energetic,alpha_central,0.11192741063089696,0.14157360255596718,29
sub-28,energetic,alpha_temporal,0.16214484263270562,0.2027053476951525,29
sub-28,energetic,alpha_parietal,0.13391315200482312,0.14827227917453326,29
sub-28,energetic,alpha_occipital,0.059461436897664005,0.0828350266381554,29
sub-28,energetic,beta_frontal,0.08694361361507173,0.11477129186314032,29
sub-28,energetic,beta_central,0.16664192609555417,0.17623954743607004,29
sub-28,energetic,beta_temporal,-0.00024983797015825217,0.030576119513971677,29
sub-28,energetic,beta_parietal,0.09393907677950279,0.1072671513977505,29
sub-28,energetic,beta_occipital,0.2335985020979657,0.2873528176168401,29
sub-28,energetic,gamma_frontal,0.05671321922592323,0.1175493488518896,29
sub-28,energetic,gamma_central,-0.029730718448832003,0.013215255741340588,29
sub-28,energetic,gamma_temporal,0.04097342710595335,0.0830440979797003,29
sub-28,energetic,gamma_parietal,0.07769960871921641,0.12441951172226999,29
sub-28,energetic,gamma_occipital,-0.006745625194272807,0.0458590321194883,29
sub-28,energetic,faa,-0.05771257110655624,-0.025699076605084074,29
sub-28,tense,delta_frontal,-0.2488392320438415,-0.24070696978450942,32
sub-28,tense,delta_central,-0.1858396057086195,-0.20625429468654302,32
sub-28,tense,delta_temporal,-0.33358209224697194,-0.3361827977926329,32
sub-28,tense,delta_parietal,-0.22003409315900546,-0.21950881892453045,32
sub-28,tense,delta_occipital,-0.3332104130355547,-0.3300848848553393,32
sub-28,tense,theta_frontal,-0.11410551790509237,-0.11545179817004292,32
sub-28,tense,theta_central,-0.1945740671769246,-0.18367789374656052,32
sub-28,tense,theta_temporal,-0.09682243457419074,-0.07699552241612585,32
sub-28,tense,theta_parietal,-0.06690225805510303,-0.0624874493274247,32
sub-28,tense,theta_occipital,0.0011150376342517168,0.01933783770264565,32
sub-28,tense,alpha_frontal,0.30087432164225497,0.3108917024045898,32
sub-28,tense,alpha_central,0.16279549460075068,0.1613114567010607,32
sub-28,tense,alpha_temporal,0.3274493852585875,0.3389021802616283,32
sub-28,tense,alpha_parietal,0.3917498888337699,0.41642104182996237,32
sub-28,tense,alpha_occipital,0.34213071410956847,0.36280084047765,32
sub-28,tense,beta_frontal,0.17506090857751958,0.17707908493379912,32
sub-28,tense,beta_central,0.202193491010978,0.23271427297761946,32
sub-28,tense,beta_temporal,0.3939799641022734,0.39187189010834556,32
sub-28,tense,beta_parietal,0.30756454744776524,0.334709624994965,32
sub-28,tense,beta_occipital,0.354581967692046,0.3552321888378156,32
sub-28,tense,gamma_frontal,0.32354675353870654,0.3046434845211789,32
sub-28,tense,gamma_central,0.2897239452997378,0.28731904142023257,32
sub-28,tense,gamma_temporal,0.4250151782556127,0.41912029171207027,32
sub-28,tense,gamma_parietal,0.2583170519349811,0.2533666808660699,32
sub-28,tense,gamma_occipital,0.3763252015599545,0.3675860956879129,32
sub-28,tense,faa,0.04924749551278417,0.039369327114873336,32
sub-28,angry,delta_frontal,-0.12761757621867753,-0.14050683370815942,26
sub-28,angry,delta_central,-0.16562390356249132,-0.13317440410059475,26
sub-28,angry,delta_temporal,-0.17085413209604372,-0.17539667137680756,26
sub-28,angry,delta_parietal,-0.16701863117143861,-0.1545950788814627,26
sub-28,angry,delta_occipital,-0.18549877198999032,-0.19504721418001764,26
sub-28,angry,theta_frontal,0.006276274240262829,0.08549206754058501,26
sub-28,angry,theta_central,0.2517483334149868,0.23114959933458687,26
sub-28,angry,theta_temporal,0.09728225072407386,0.12142142469177897,26
sub-28,angry,theta_parietal,0.13947276089472954,0.11762322545418656,26
sub-28,angry,theta_occipital,0.31381371201314145,0.3518405977805118,26
sub-28,angry,alpha_frontal,0.01987486842749896,-0.010708741565327341,26
sub-28,angry,alpha_central,0.17608436062959604,0.15885274416209066,26
sub-28,angry,alpha_temporal,0.22141300792038318,0.21020715604162638,26
sub-28,angry,alpha_parietal,0.10286116115986305,0.06793519056165684,26
sub-28,angry,alpha_occipital,0.3071887558706418,0.25850495792595773,26
sub-28,angry,beta_frontal,0.06485483381604924,0.06333688064502699,26
sub-28,angry,beta_central,0.08438102034131137,0.04324563529169899,26
sub-28,angry,beta_temporal,0.2032815490040683,0.20791964896127446,26
sub-28,angry,beta_parietal,0.19491318335038452,0.15946499821497176,26
sub-28,angry,beta_occipital,0.15899894741999168,0.15056143606365874,26
sub-28,angry,gamma_frontal,0.17538699682512243,0.20861548743170033,26
sub-28,angry,gamma_central,0.1534200369842025,0.16504789211064025,26
sub-28,angry,gamma_temporal,0.19630791095933184,0.19768185068292732,26
sub-28,angry,gamma_parietal,0.17713040633630653,0.17716057591672138,26
sub-28,angry,gamma_occipital,0.18689349959893758,0.2103938047979331,26
sub-28,angry,faa,-0.04184182826841886,-0.030101093818547416,26
sub-28,afraid,delta_frontal,-0.05426642298649613,-0.05923441151766391,27
sub-28,afraid,delta_central,-0.15550027639405326,-0.17149698027248478,27
sub-28,afraid,delta_temporal,0.0015867375142250332,-0.001332892780534617,27
sub-28,afraid,delta_parietal,-0.17454112656475362,-0.17982713743047055,27
sub-28,afraid,delta_occipital,-0.09932976839048707,-0.09929696224410921,27
sub-28,afraid,theta_frontal,0.17390643155906363,0.17307604412845087,27
sub-28,afraid,theta_central,-0.024753105221910515,-0.030665494084356665,27
sub-28,afraid,theta_temporal,0.07330727315719653,0.07725964450738888,27
sub-28,afraid,theta_parietal,0.1101195834872173,0.1182975068122992,27
sub-28,afraid,theta_occipital,0.08885730079660185,0.09563316001260865,27
sub-28,afraid,alpha_frontal,0.05712255051210119,0.06139294547601632,27
sub-28,afraid,alpha_central,0.0622001105576213,0.06863138002960023,27
sub-28,afraid,alpha_temporal,-0.10631141345307721,-0.10297444446010397,27
sub-28,afraid,alpha_parietal,0.07521135817426658,0.08509735972969758,27
sub-28,afraid,alpha_occipital,0.1697809140220785,0.17750480250837467,27
sub-28,afraid,beta_frontal,-0.017454112656475364,-0.00738990274788562,27
sub-28,afraid,beta_central,0.20246770681511422,0.22771979407995047,27
sub-28,afraid,beta_temporal,-0.09044403831082688,-0.08645380311283189,27
sub-28,afraid,beta_parietal,0.1697809140220785,0.1861434251857847,27
sub-28,afraid,beta_occipital,-0.04188987037554087,-0.040006086824577375,27
sub-28,afraid,gamma_frontal,0.01999289267923542,0.022531732567314434,27
sub-28,afraid,gamma_central,0.07838483320271662,0.08972900584110637,27
sub-28,afraid,gamma_temporal,-0.1056767184473872,-0.10423760712963108,27
sub-28,afraid,gamma_parietal,0.09647364086488201,0.10272986189688574,27
sub-28,afraid,gamma_occipital,0.13709412122904285,0.1358923710339029,27
sub-28,afraid,faa,0.08314504574539172,0.07228259189411042,27
sub-28,happy,delta_frontal,-0.21503300514645254,-0.19197344538818933,29
sub-28,happy,delta_central,-0.4262935014306866,-0.35959114179703644,29
sub-28,happy,delta_temporal,-0.21704500987296907,-0.16484414424198596,29
sub-28,happy,delta_parietal,-0.2789141552133519,-0.2553252800920929,29
sub-28,happy,delta_occipital,-0.05407262702513134,-0.038251166727658284,29
sub-28,happy,theta_frontal,-0.0804801890606606,-0.10211289516277261,29
sub-28,happy,theta_central,0.3840414021738398,0.35561278152792664,29
sub-28,happy,theta_temporal,0.058096636478164376,0.014251136053535967,29
sub-28,happy,theta_parietal,0.28268666407557036,0.24100980898340843,29
sub-28,happy,theta_occipital,-0.06891116188319064,-0.16643812290325044,29
sub-28,happy,alpha_frontal,0.04476710516499246,0.020837745429949855,29
sub-28,happy,alpha_central,0.23112904295858466,0.20654527548562376,29
sub-28,happy,alpha_temporal,0.28394416702964315,0.25545782275661877,29
sub-28,happy,alpha_parietal,0.24144056718198179,0.1906336250115153,29
sub-28,happy,alpha_occipital,0.1305288066327589,0.07460230273696246,29
sub-28,happy,beta_frontal,0.3606518472280853,0.32505477824484186,29
sub-28,happy,beta_central,0.3601488460464562,0.27489457953321667,29
sub-28,happy,beta_temporal,0.2658361244909946,0.25006750134274663,29
sub-28,happy,beta_parietal,0.26659062626343827,0.20290372612085492,29
sub-28,happy,beta_occipital,0.20924849155771758,0.215372157120163,29
sub-28,happy,gamma_frontal,0.2867106735286034,0.3046889667120693,29
sub-28,happy,gamma_central,0.4059219535747069,0.3690409069637597,29
sub-28,happy,gamma_temporal,0.30154920838666266,0.3015501450844268,29
sub-28,happy,gamma_parietal,0.3292142733762648,0.33278987502549334,29
sub-28,happy,gamma_occipital,0.12424129186239481,0.14487882345965183,29
sub-28,happy,faa,-0.0030180070897747728,0.004621200667391076,29
sub-28,sad,delta_frontal,-0.03194687065571535,-0.03633301959668611,27
sub-28,sad,delta_central,0.09046341591618406,0.1328052957659664,27
sub-28,sad,delta_temporal,0.048711070108714505,0.06124666925620174,27
sub-28,sad,delta_parietal,-0.12683856567269164,-0.12410192351880114,27
sub-28,sad,delta_occipital,-0.1078602266692964,-0.11431717466540034,27
sub-28,sad,theta_frontal,-0.03764037235673393,-0.05563446253310129,27
sub-28,sad,theta_central,0.01613158815288597,-0.006538285598920931,27
sub-28,sad,theta_temporal,0.09615691761720264,0.06059943774882923,27
sub-28,sad,theta_parietal,0.11640047922082426,0.10803481046611889,27
sub-28,sad,theta_occipital,0.10248303061833439,0.0833262310719743,27
sub-28,sad,alpha_frontal,-0.06674049216193999,-0.07693477626981542,27
sub-28,sad,alpha_central,-0.09331016676669336,-0.10140438744744731,27
sub-28,sad,alpha_temporal,0.06009807351075166,0.039967006795638436,27
sub-28,sad,alpha_parietal,0.15435715722761478,0.13541026595922356,27
sub-28,sad,alpha_occipital,0.09014711026612747,0.06802317855080378,27
sub-28,sad,beta_frontal,0.07116877126273223,0.06478033166933564,27
sub-28,sad,beta_central,-0.04934368140882767,-0.09402149385043769,27
sub-28,sad,beta_temporal,-0.05029259835899744,-0.05442453822111214,27
sub-28,sad,beta_parietal,0.0948916950169763,0.06776436872794975,27
sub-28,sad,beta_occipital,0.12082875832161649,0.12399732637073087,27
sub-28,sad,gamma_frontal,-0.0012652226002263507,0.014737598852248455,27
sub-28,sad,gamma_central,-0.024355535054357252,-0.04163660854665299,27
sub-28,sad,gamma_temporal,0.015182671202716208,0.015094240971305498,27
sub-28,sad,gamma_parietal,0.06262851871120435,0.0590879440951809,27
sub-28,sad,gamma_occipital,-0.005060890400905403,0.004466189744995838,27
sub-28,sad,faa,0.24703471269419494,0.2658401819239925,27
sub-28,tender,delta_frontal,0.2235868493848806,0.22365744377369728,29
sub-28,tender,delta_central,0.3403744820532718,0.34686953641232465,29
sub-28,tender,delta_temporal,0.21078118790808334,0.21078210860167967,29
sub-28,tender,delta_parietal,0.13599612488358717,0.13606589433071056,29
sub-28,tender,delta_occipital,0.20668337623550817,0.2070576432374412,29
sub-28,tender,theta_frontal,-0.05019819298904536,-0.05043140642246217,29
sub-28,tender,theta_central,0.00025611322953594573,0.0002640173644758985,29
sub-28,tender,theta_temporal,-0.1249832560135415,-0.1251382374657836,29
sub-28,tender,theta_parietal,-0.004866151361182968,-0.00489713740013326,29
sub-28,tender,theta_occipital,-0.10654310348695341,-0.107038087100736,29
sub-28,tender,alpha_frontal,-0.15033846573760012,-0.15038408893398714,29
sub-28,tender,alpha_central,-0.2807000995713965,-0.2807151204018315,29
sub-28,tender,alpha_temporal,-0.3086164415908146,-0.30865479269672697,29
sub-28,tender,alpha_parietal,-0.1846576384954169,-0.18565370130806008,29
sub-28,tender,alpha_occipital,-0.1785109209865542,-0.18058797729205572,29
sub-28,tender,beta_frontal,-0.11115314161860045,-0.11115477352259315,29
sub-28,tender,beta_central,-0.29504244042540945,-0.30115737640337875,29
sub-28,tender,beta_temporal,-0.22589186845070414,-0.22680524352969905,29
sub-28,tender,beta_parietal,-0.2225623964667368,-0.22594602613879014,29
sub-28,tender,beta_occipital,-0.18568209141356065,-0.18581235768050003,29
sub-28,tender,gamma_frontal,-0.2666138719469195,-0.2680937438350513,29
sub-28,tender,gamma_central,-0.31348259295199754,-0.3148068196360464,29
sub-28,tender,gamma_temporal,-0.1641685801325412,-0.16419888535153052,29
sub-28,tender,gamma_parietal,-0.18619431787263252,-0.1863577561346398,29
sub-28,tender,gamma_occipital,-0.273785042373926,-0.2751235579786168,29
sub-28,tender,faa,-0.2141106598920506,-0.21411276419197595,29
sub-29,pleasant,delta_frontal,-0.05219005316027934,-0.1222298768947789,27
sub-29,pleasant,delta_central,0.023299130875124703,0.013055776141338123,27
sub-29,pleasant,delta_temporal,-0.053743328551954316,-0.07987321066877345,27
sub-29,pleasant,delta_parietal,-0.06927608246870412,-0.09618639835774324,27
sub-29,pleasant,delta_occipital,-0.01273685821173484,-0.04835086920876288,27
sub-29,pleasant,theta_frontal,-0.5007759862760136,-0.49889350757128315,27
sub-29,pleasant,theta_central,-0.0552966039436293,-0.011576054074953731,27
sub-29,pleasant,theta_temporal,-0.20316842123108744,-0.17169949529766892,27
sub-29,pleasant,theta_parietal,-0.2541158540780268,-0.2536499771263569,27
sub-29,pleasant,theta_occipital,-0.3895614682320851,-0.39611156654387236,27
sub-29,pleasant,alpha_frontal,0.23268065367291207,0.3313910517891594,27
sub-29,pleasant,alpha_central,0.02951223244182463,0.05788233631245638,27
sub-29,pleasant,alpha_temporal,0.09350717857883382,0.15457789220077298,27
sub-29,pleasant,alpha_parietal,0.15315295361915307,0.19355952104710122,27
sub-29,pleasant,alpha_occipital,0.09754569459718877,0.15767929371190956,27
sub-29,pleasant,beta_frontal,-0.18577173684432763,-0.22849559371150022,27
sub-29,pleasant,beta_central,-0.07611049419207404,-0.11886873283694485,27
sub-29,pleasant,beta_temporal,-0.020192580091774746,-0.08822085389264071,27
sub-29,pleasant,beta_parietal,-0.21870117514783724,-0.30513385516905783,27
sub-29,pleasant,beta_occipital,0.039453194948544504,0.012913635760291671,27
sub-29,pleasant,gamma_frontal,0.018639304700099765,-0.06808934765746343,27
sub-29,pleasant,gamma_central,0.036657299243529534,-0.017574779821831036,27
sub-29,pleasant,gamma_temporal,0.08139163052376897,0.030917208610183475,27
sub-29,pleasant,gamma_parietal,0.05250070823861434,-0.025075152082255817,27
sub-29,pleasant,gamma_occipital,0.17955863527762772,0.14039804180665327,27
sub-29,pleasant,faa,-0.23920441031794698,-0.2575132285156956,27
sub-29,energetic,delta_frontal,0.1221665571922363,0.10244018110026819,29
sub-29,energetic,delta_central,0.018098749213664635,0.025089914567719255,29
sub-29,energetic,delta_temporal,0.07314911140522791,0.06349760106990597,29
sub-29,energetic,delta_parietal,0.024131665618219514,0.02795342706833656,29
sub-29,energetic,delta_occipital,0.06359699376468267,0.04935672248475758,29
sub-29,energetic,theta_frontal,0.007541145505693598,0.014659144961930822,29
sub-29,energetic,theta_central,-0.032678297191338926,-0.016275792883477653,29
sub-29,energetic,theta_temporal,-0.1226693002259492,-0.10903902942627179,29
sub-29,energetic,theta_parietal,0.002010972134851626,0.005137584583858907,29
sub-29,energetic,theta_occipital,-0.06158602162983105,-0.07084161426869583,29
sub-29,energetic,alpha_frontal,-0.15710719803528328,-0.14093045850093175,29
sub-29,energetic,alpha_central,-0.20411367168744005,-0.20252184589064423,29
sub-29,energetic,alpha_temporal,-0.09778352005716032,-0.07730404724133677,29
sub-29,energetic,alpha_parietal,-0.05907230646126651,-0.05867537197541791,29
sub-29,energetic,alpha_occipital,-0.04424138696673578,-0.02424527663562592,29
sub-29,energetic,beta_frontal,0.06988128168609402,0.06687205634006897,29
sub-29,energetic,beta_central,0.17621143331637376,0.17382972962904733,29
sub-29,energetic,beta_temporal,0.01533366252824365,-0.010264205823913783,29
sub-29,energetic,beta_parietal,0.129204959664217,0.12031894607274048,29
sub-29,energetic,beta_occipital,0.14328176460817837,0.15332185886693472,29
sub-29,energetic,gamma_frontal,0.2051191577548659,0.18314755532247481,29
sub-29,energetic,gamma_central,0.07968477084349568,0.06162404128218618,29
sub-29,energetic,gamma_temporal,-0.08596905876490701,-0.12362980067310082,29
sub-29,energetic,gamma_parietal,0.08747728786604574,0.0715116088154461,29
sub-29,energetic,gamma_occipital,0.13322690393392023,0.1229926005303371,29
sub-29,energetic,faa,-0.123674786293375,-0.16462131924781095,29
sub-29,tense,delta_frontal,0.14774993567784372,0.16780268551860317,28
sub-29,tense,delta_central,0.10274564492539706,0.10110328512551908,28
sub-29,tense,delta_temporal,0.06453445466388577,0.06967856736674675,28
sub-29,tense,delta_parietal,0.07076146344724317,0.07367682392883072,28
sub-29,tense,delta_occipital,0.11689793761484571,0.1208884571101065,28
sub-29,tense,theta_frontal,-0.34956162942938124,-0.36138232242447543,28
sub-29,tense,theta_central,-0.2708748820760469,-0.2883218833490245,28
sub-29,tense,theta_temporal,-0.09708472784961762,-0.12056958534641647,28
sub-29,tense,theta_parietal,-0.3461650791839135,-0.35316763994129297,28
sub-29,tense,theta_occipital,-0.3257857777111075,-0.3279200198057548,28
sub-29,tense,alpha_frontal,0.005094825368201508,-0.006840279665957677,28
sub-29,tense,alpha_central,0.03990946538424515,0.03682287671208356,28
sub-29,tense,alpha_temporal,-0.015284476104604525,-0.024771610697284688,28
sub-29,tense,alpha_parietal,-0.012737063420503769,-0.016787150805169106,28
sub-29,tense,alpha_occipital,0.022360622449328838,0.01668074632857013,28
sub-29,tense,beta_frontal,-0.3362584743012995,-0.3343341110415463,28
sub-29,tense,beta_central,-0.22190794937055455,-0.21663122461769377,28
sub-29,tense,beta_temporal,-0.02943676879405316,-0.015150320294135836,28
sub-29,tense,beta_parietal,-0.1335976429883951,-0.12547345787813746,28
sub-29,tense,beta_occipital,-0.248797305480507,-0.2452639603924053,28
sub-29,tense,gamma_frontal,-0.16388354934381516,-0.15623745086101612,28
sub-29,tense,gamma_central,-0.1573734947066688,-0.14976636083414183,28
sub-29,tense,gamma_temporal,-0.10670828687844268,-0.09548600009467705,28
sub-29,tense,gamma_parietal,-0.20605738155837208,-0.20134240060285277,28
sub-29,tense,gamma_occipital,-0.310784347460292,-0.31235110684469175,28
sub-29,tense,faa,-0.2575717269479651,-0.2529815160692019,28
sub-29,angry,delta_frontal,0.04817027360222266,0.06115134743985574,30
sub-29,angry,delta_central,0.10074071642772527,0.09708819982721513,30
sub-29,angry,delta_temporal,0.11672027834384721,0.12402756567172728,30
sub-29,angry,delta_parietal,0.04214898940194483,0.04191689765506439,30
sub-29,angry,delta_occipital,0.15122686856851633,0.15855036145686577,30
sub-29,angry,theta_frontal,-0.10120389213543896,-0.10715628217003684,30
sub-29,angry,theta_central,-0.05720219990263942,-0.06457943550853715,30
sub-29,angry,theta_temporal,-0.09657213505830216,-0.10532758551277165,30
sub-29,angry,theta_parietal,-0.0768871674804708,-0.07913502874139618,30
sub-29,angry,theta_occipital,-0.08383480309617597,-0.08244011673918598,30
sub-29,angry,alpha_frontal,-0.032190711686100715,-0.04629786300131208,30
sub-29,angry,alpha_central,-0.06692888976462667,-0.07051420748208276,30
sub-29,angry,alpha_temporal,-0.1079199398972873,-0.1229807970846991,30
sub-29,angry,alpha_parietal,0.01621114976997878,0.013146260594744818,30
sub-29,angry,alpha_occipital,-0.09309831725044956,-0.1031602097658981,30
sub-29,angry,beta_frontal,0.13154190099068494,0.14403818710400806,30
sub-29,angry,beta_central,-0.09194037798116536,-0.08101666295357375,30
sub-29,angry,beta_temporal,0.09518260793516113,0.12981942630139257,30
sub-29,angry,beta_parietal,0.06484459907991512,0.08313068286953793,30
sub-29,angry,beta_occipital,0.10815152775114414,0.1170914875513204,30
sub-29,angry,gamma_frontal,-0.08198210026532125,-0.060480061453310634,30
sub-29,angry,gamma_central,0.09657213505830216,0.12756215100598597,30
sub-29,angry,gamma_temporal,0.1340893673831102,0.1815576111356008,30
sub-29,angry,gamma_parietal,0.12389950181340924,0.15672577114484454,30
sub-29,angry,gamma_occipital,0.12853125889054604,0.1556947403604082,30
sub-29,angry,faa,0.16859595760777932,0.20619290041087487,30
sub-29,afraid,delta_frontal,0.10949283126570843,0.07377290573325464,30
sub-29,afraid,delta_central,0.23453094104444952,0.24203555099308927,30
sub-29,afraid,delta_temporal,0.12053223194887658,0.11277125037471243,30
sub-29,afraid,delta_parietal,0.1250381097787411,0.11721550862311264,30
sub-29,afraid,delta_occipital,0.09710166723358095,0.08192862827987774,30
sub-29,afraid,theta_frontal,0.026359385304707588,0.023825722785671074,30
sub-29,afraid,theta_central,0.09597519777611481,0.1298145712391787,30
sub-29,afraid,theta_temporal,0.15094690730046226,0.18717973671115962,30
sub-29,afraid,theta_parietal,0.06691228577348848,0.058836541334620344,30
sub-29,afraid,theta_occipital,0.13450045322145665,0.12119054664816382,30
sub-29,afraid,alpha_frontal,-0.10386048397837776,-0.058963251938340414,30
sub-29,afraid,alpha_central,-0.15770572404525907,-0.14677455952209564,30
sub-29,afraid,alpha_temporal,-0.16694277359648138,-0.1443450954967044,30
sub-29,afraid,alpha_parietal,-0.10836636180824229,-0.0890307308355725,30
sub-29,afraid,alpha_occipital,-0.10048107560597935,-0.07239344426788892,30
sub-29,afraid,beta_frontal,-0.03875054933683509,-0.057928242728509945,30
sub-29,afraid,beta_central,-0.1473422050365706,-0.17695299129594141,30
sub-29,afraid,beta_temporal,-0.16401395300706942,-0.22058331674812443,30
sub-29,afraid,beta_parietal,-0.08358403374398729,-0.13216429742464472,30
sub-29,afraid,beta_occipital,-0.05835111789674585,-0.07112141180553942,30
sub-29,afraid,gamma_frontal,0.020051156342897225,-0.0498859442594054,30
sub-29,afraid,gamma_central,-0.045959953864618354,-0.10140501905555267,30
sub-29,afraid,gamma_temporal,-0.1412592699662535,-0.21420414062829898,30
sub-29,afraid,gamma_parietal,-0.08651285433339925,-0.1514976254418414,30
sub-29,afraid,gamma_occipital,-0.014644102947059768,-0.05584808207678679,30
sub-29,afraid,faa,-0.314284978633052,-0.3705771819932857,30
sub-29,happy,delta_frontal,-0.16082932852689472,-0.16950536311743444,29
sub-29,happy,delta_central,-0.18684215926841427,-0.18660932138954728,29
sub-29,happy,delta_temporal,-0.17108438679999377,-0.17299975397932715,29
sub-29,happy,delta_parietal,-0.1945959838163672,-0.19550115739269694,29
sub-29,happy,delta_occipital,-0.11230539425906023,-0.11643428427230874,29
sub-29,happy,theta_frontal,0.1295639069625684,0.12949391037273986,29
sub-29,happy,theta_central,0.17108438679999377,0.18007482616935924,29
sub-29,happy,theta_temporal,-0.02576270736900491,-0.023882203499255638,29
sub-29,happy,theta_parietal,0.2691327488257212,0.2690004110817899,29
sub-29,happy,theta_occipital,0.24036856098654094,0.24040256359735962,29
sub-29,happy,alpha_frontal,0.06578244697134264,0.07151181718054486,29
sub-29,happy,alpha_central,-0.19834783440408632,-0.19809306905792073,29
sub-29,happy,alpha_temporal,-0.10530193982865113,-0.10574120386923803,29
sub-29,happy,alpha_parietal,0.10855354367134108,0.11010533416165834,29
sub-29,happy,alpha_occipital,0.029014311211694847,0.03239525267870273,29
sub-29,happy,beta_frontal,0.19559647730642563,0.1964102248852982,29
sub-29,happy,beta_central,0.44071738237074415,0.4408127683183333,29
sub-29,happy,beta_temporal,0.3234095206613917,0.32931447178124185,29
sub-29,happy,beta_parietal,0.24612139855437698,0.24592182346573735,29
sub-29,happy,beta_occipital,0.1970972175415133,0.19790295503136185,29
sub-29,happy,gamma_frontal,0.16608191934970154,0.1666573277424824,29
sub-29,happy,gamma_central,0.24111893110408478,0.24159540569579227,29
sub-29,happy,gamma_temporal,0.17358562052513987,0.17628234700174,29
sub-29,happy,gamma_parietal,0.34717124105027974,0.3526023403039096,29
sub-29,happy,gamma_occipital,0.35292407861811576,0.35778566350511776,29
sub-29,happy,faa,-0.08129009606724849,-0.08732190197781865,29
sub-29,sad,delta_frontal,-0.009429782213362244,-0.006451238475120359,33
sub-29,sad,delta_central,-0.05949335323703087,-0.06056896081005779,33
sub-29,sad,delta_temporal,-0.24826044808997325,-0.24795953423146638,33
sub-29,sad,delta_parietal,-0.025889038440321793,-0.025877622350280256,33
sub-29,sad,delta_occipital,-0.17059333276900784,-0.17005187169219096,33
sub-29,sad,theta_frontal,-0.23403004947708111,-0.23750647756402038,33
sub-29,sad,theta_central,-0.11727220061708679,-0.12135722832557226,33
sub-29,sad,theta_temporal,-0.18293777493922753,-0.19510844808393898,33
sub-29,sad,theta_parietal,-0.34667308428033555,-0.34829146520211096,33
sub-29,sad,theta_occipital,-0.24277402934765338,-0.242840320301733,33
sub-29,sad,alpha_frontal,0.0660084754935357,0.06459090240402916,33
sub-29,sad,alpha_central,0.1428183378860136,0.14295315212558848,33
sub-29,sad,alpha_temporal,0.33930070909534327,0.3426359008574321,33
sub-29,sad,alpha_parietal,0.05006357102366864,0.04928229803214352,33
sub-29,sad,alpha_occipital,0.20059718526606954,0.2009477907884424,33
sub-29,sad,beta_frontal,0.09429782213362244,0.09492263262690843,33
sub-29,sad,beta_central,0.10338470317558968,0.10477235383569276,33
sub-29,sad,beta_temporal,0.073380850678528,0.08137414344128976,33
sub-29,sad,beta_parietal,0.15139086717088837,0.1566865060821357,33
sub-29,sad,beta_occipital,0.11350028773174191,0.11467454511139621,33
sub-29,sad,gamma_frontal,0.18790984192445487,0.20240512875966565,33
sub-29,sad,gamma_central,-0.029318050154271698,-0.026996272666700752,33
sub-29,sad,gamma_temporal,0.14144673320043363,0.15645529554202967,33
sub-29,sad,gamma_parietal,0.09001155749118504,0.099107755372779,33
sub-29,sad,gamma_occipital,0.12413022404498662,0.13286365737228265,33
sub-29,sad,faa,0.18790984192445487,0.20547797698103246,33
sub-29,tender,delta_frontal,0.06646829632605385,-0.03648129712044817,28
sub-29,tender,delta_central,-0.017724879020281026,-0.06059033364232602,28
sub-29,tender,delta_temporal,-0.04902036854046471,-0.13892362335792113,28
sub-29,tender,delta_parietal,-0.04181963643847555,-0.0869936140988822,28
sub-29,tender,delta_occipital,-0.04209658767316744,-0.12158371753032361,28
sub-29,tender,theta_frontal,0.15343098401930763,0.13988952541609526,28
sub-29,tender,theta_central,-0.09776378584623753,-0.07298085481362634,28
sub-29,tender,theta_temporal,-0.26421147789606403,-0.19985509343354896,28
sub-29,tender,theta_parietal,-0.024648659887578302,-0.03585890824974008,28
sub-29,tender,theta_occipital,0.15980086241722113,0.14288384121869133,28
sub-29,tender,alpha_frontal,-0.14595330068262657,-0.05327549571847674,28
sub-29,tender,alpha_central,0.02907987964264856,0.1037785068832634,28
sub-29,tender,alpha_temporal,0.07505378460150247,0.2088786481827799,28
sub-29,tender,alpha_parietal,0.003877317285686475,0.05729020073954831,28
sub-29,tender,alpha_occipital,-0.05649805187714577,0.023981147731711717,28
sub-29,tender,beta_frontal,0.14484549574385902,0.10827279829753415,28
sub-29,tender,beta_central,0.02409475741819452,-0.0005197302709870953,28
sub-29,tender,beta_temporal,0.07976195559126462,0.007860635376683134,28
sub-29,tender,beta_parietal,0.18915769329456156,0.11856278843915195,28
sub-29,tender,beta_occipital,0.22349964639635606,0.22231933134056756,28
sub-29,tender,gamma_frontal,0.11991988462158881,0.012745826504824087,28
sub-29,tender,gamma_central,-0.050959027183307956,-0.12445863881225437,28
sub-29,tender,gamma_temporal,0.09305561485647539,-8.864344992144233e-05,28
sub-29,tender,gamma_parietal,0.2140833044168318,0.10469758821388168,28
sub-29,tender,gamma_occipital,0.06646829632605385,0.0008957269943314853,28
sub-29,tender,faa,0.10081024942784834,0.03222354202492024,28
sub-30,pleasant,delta_frontal,-0.06098511417170404,-0.03592069128565987,30
sub-30,pleasant,delta_central,0.015077500551675907,0.1311006695294361,30
sub-30,pleasant,delta_temporal,-0.08708944348505337,-0.06300199875503881,30
sub-30,pleasant,delta_parietal,0.03735619539668956,0.08125268145392502,30
sub-30,pleasant,delta_occipital,0.0438822777250269,-0.01671521939618439,30
sub-30,pleasant,theta_frontal,-0.05130850934003144,0.0027008008872362395,30
sub-30,pleasant,theta_central,-0.23313866524680954,-0.2295549433885008,30
sub-30,pleasant,theta_temporal,0.005625933041670114,0.05910633165253355,30
sub-30,pleasant,theta_parietal,-0.2693696740351651,-0.25098553853820205,30
sub-30,pleasant,theta_occipital,-0.4271208365235951,-0.3649430894960927,30
sub-30,pleasant,alpha_frontal,0.09721612296005958,0.04960395671732475,30
sub-30,pleasant,alpha_central,0.1917317980601175,0.08889919898379588,30
sub-30,pleasant,alpha_temporal,0.1179195565534056,0.09451720308640807,30
sub-30,pleasant,alpha_parietal,0.10081672010672844,0.04337132613694677,30
sub-30,pleasant,alpha_occipital,0.16900302857177024,0.20486149076615884,30
sub-30,pleasant,beta_frontal,0.07696276401004716,0.016545255274527992,30
sub-30,pleasant,beta_central,-0.01732787376834395,-0.05699369736768929,30
sub-30,pleasant,beta_temporal,-0.21266026897513032,-0.24841991999027205,30
sub-30,pleasant,beta_parietal,0.09429063777839113,0.02447033171464022,30
sub-30,pleasant,beta_occipital,0.18250526787177848,0.17746684033947513,30
sub-30,pleasant,gamma_frontal,0.08326380901671769,0.05966944863180901,30
sub-30,pleasant,gamma_central,0.02227869484501365,0.04047566689638179,30
sub-30,pleasant,gamma_temporal,0.06818630846504178,0.07119395041719029,30
sub-30,pleasant,gamma_parietal,0.2110850077234627,0.2224102408340129,30
sub-30,pleasant,gamma_occipital,0.05085843469669784,0.11455122420610733,30
sub-30,pleasant,faa,-0.0787630625833816,-0.09009445832448638,30
sub-30,energetic,delta_frontal,-0.08788692880807178,-0.09874395280516461,30
sub-30,energetic,delta_central,0.06961569887165685,0.1391882582342974,30
sub-30,energetic,delta_temporal,-0.31384884840145627,-0.33394262464321545,30
sub-30,energetic,delta_parietal,0.32934470163866897,0.34357773819237997,30
sub-30,energetic,delta_occipital,-0.035617334306429084,-0.09148343436354575,30
sub-30,energetic,theta_frontal,0.11379044466729293,0.1399641303584747,30
sub-30,energetic,theta_central,-0.2643546305990159,-0.2242971249946525,30
sub-30,energetic,theta_temporal,0.274299730437824,0.3406063221417397,30
sub-30,energetic,theta_parietal,-0.23960752169779567,-0.22142823355274205,30
sub-30,energetic,theta_occipital,-0.1723046367421407,-0.11608936180182004,30
sub-30,energetic,alpha_frontal,0.03885527378883173,0.010739351658443773,30
sub-30,energetic,alpha_central,0.04301833883763513,-0.04975068838510049,30
sub-30,energetic,alpha_temporal,0.07840439175246403,0.04904135431222477,30
sub-30,energetic,alpha_parietal,-0.3187057576250602,-0.3466687561865848,30
sub-30,energetic,alpha_occipital,-0.1436257441837173,-0.12197534630913044,30
sub-30,energetic,beta_frontal,0.24284546118019829,0.22691013599004023,30
sub-30,energetic,beta_central,0.19196355502815676,0.15618474284798747,30
sub-30,energetic,beta_temporal,0.48707861070999775,0.46496728775681256,30
sub-30,energetic,beta_parietal,0.021509169418817566,-0.034919386021702435,30
sub-30,energetic,beta_occipital,0.4271767302855488,0.4134698501407476,30
sub-30,energetic,gamma_frontal,0.19867071538456224,0.23708412153240188,30
sub-30,energetic,gamma_central,0.21578553836297618,0.2288354261750853,30
sub-30,energetic,gamma_temporal,0.25001518431980413,0.2865657684187978,30
sub-30,energetic,gamma_parietal,0.16166569272853198,0.17383457995971788,30
sub-30,energetic,gamma_occipital,0.45516177866917173,0.5426589906577813,30
sub-30,energetic,faa,-0.06475878964805287,-0.10093934639849843,30
sub-30,tense,delta_frontal,0.017773298763241702,9.098559108021538e-05,26
sub-30,tense,delta_central,-0.044607494935194864,-0.015341142809217109,26
sub-30,tense,delta_temporal,0.0707446989987856,0.08197398577371909,26
sub-30,tense,delta_parietal,-0.03345562120139615,-0.03708229094787968,26
sub-30,tense,delta_occipital,0.0700477068904232,0.013574535553359976,26
sub-30,tense,theta_frontal,-0.25544760771482683,-0.2064766948094279,26
sub-30,tense,theta_central,-0.3802091951117,-0.36224871164127126,26
sub-30,tense,theta_temporal,-0.26241752879845104,-0.23414008942569975,26
sub-30,tense,theta_parietal,-0.38473964381605574,-0.35518697043661535,26
sub-30,tense,theta_occipital,-0.4032099346876598,-0.36487656863149187,26
sub-30,tense,alpha_frontal,0.29866111843329685,0.2854882255791754,26
sub-30,tense,alpha_central,0.26137204063590735,0.22124615985385823,26
sub-30,tense,alpha_temporal,0.42586217820943845,0.4121275665831382,26
sub-30,tense,alpha_parietal,0.15856570465245048,0.14151256235850132,26
sub-30,tense,alpha_occipital,0.10280633598345691,0.15593833111877514,26
sub-30,tense,beta_frontal,0.01951577903414775,0.01811928514590019,26
sub-30,tense,beta_central,0.14183789405175243,0.11511341856225406,26
sub-30,tense,beta_temporal,-0.219204018079981,-0.2643291273760009,26
sub-30,tense,beta_parietal,-0.12859504399286642,-0.14065734979759056,26
sub-30,tense,beta_occipital,-0.0390315580682955,-0.0465229657223329,26
sub-30,tense,gamma_frontal,-0.12336760318014828,-0.11321796091126511,26
sub-30,tense,gamma_central,-0.009409393462892665,0.008199202802316863,26
sub-30,tense,gamma_temporal,-0.16030818492335655,-0.16632043557936782,26
sub-30,tense,gamma_parietal,-0.05575936866899358,-0.028752034358103803,26
sub-30,tense,gamma_occipital,0.056456360777355996,0.07565972755146859,26
sub-30,tense,faa,-0.0031364644876308886,-0.013467667088050278,26
sub-30,angry,delta_frontal,-0.12116645370136953,-0.1016821904404514,32
sub-30,angry,delta_central,-0.12790832747764355,-0.05863199198174656,32
sub-30,angry,delta_temporal,-0.11030454595070578,-0.11008443629460005,32
sub-30,angry,delta_parietal,-0.11142819158008478,-0.07661203781818395,32
sub-30,angry,delta_occipital,0.0730369659096354,0.032542120574041225,32
sub-30,angry,theta_frontal,-0.39327597028265215,-0.3808196514100985,32
sub-30,angry,theta_central,-0.13539929834017025,-0.11362469868060976,32
sub-30,angry,theta_temporal,0.05842957272770833,0.07164873150972352,32
sub-30,angry,theta_parietal,-0.18933428855036255,-0.16902204241104507,32
sub-30,angry,theta_occipital,-0.29158604082385214,-0.2373135431482623,32
sub-30,angry,alpha_frontal,0.24458019866149702,0.19855962768112967,32
sub-30,angry,alpha_central,0.20862353852136886,0.1394598195317041,32
sub-30,angry,alpha_temporal,0.07959156541434627,0.05184050812636098,32
sub-30,angry,alpha_parietal,0.18090694633002002,0.1468907755750838,32
sub-30,angry,alpha_occipital,-0.0061800509615845345,0.006529119534587,32
sub-30,angry,beta_frontal,0.16217951917370324,0.13710374601830547,32
sub-30,angry,beta_central,-0.04363490527421807,-0.07244714506330886,32
sub-30,angry,beta_temporal,0.01891470142787994,-0.004558669455881736,32
sub-30,angry,beta_parietal,0.235591033626465,0.1824355458848728,32
sub-30,angry,beta_occipital,0.20412895600385284,0.1962961213568625,32
sub-30,angry,gamma_frontal,0.09064074743657317,0.0985521859767046,32
sub-30,angry,gamma_central,0.049440407692676276,0.052179951385822175,32
sub-30,angry,gamma_temporal,-0.05412226448175547,-0.04871307926065687,32
sub-30,angry,gamma_parietal,0.12097917942980636,0.10801851228035854,32
sub-30,angry,gamma_occipital,0.09363713578158386,0.12657968202740053,32
sub-30,angry,faa,0.04532037371828659,0.04515903463830223,32
sub-30,afraid,delta_frontal,0.3574240525389257,0.33874894912988046,27
sub-30,afraid,delta_central,0.05141455175169988,0.08537440724938866,27
sub-30,afraid,delta_temporal,0.10933335402620516,0.054918155962243594,27
sub-30,afraid,delta_parietal,0.2186667080524103,0.2217123803959894,27
sub-30,afraid,delta_occipital,0.11676678319512561,0.06102695781976939,27
sub-30,afraid,theta_frontal,-0.10592636565711662,-0.06344685088438312,27
sub-30,afraid,theta_central,0.008362607815035523,0.047273224316123776,27
sub-30,afraid,theta_temporal,-0.17809257383871946,-0.14382166657626883,27
sub-30,afraid,theta_parietal,0.08827197138093051,0.16401044247358862,27
sub-30,afraid,theta_occipital,-0.06566195765879744,-0.005338678259781552,27
sub-30,afraid,alpha_frontal,-0.2013220399915959,-0.24675274637540578,27
sub-30,afraid,alpha_central,-0.047078384736496275,-0.12332968441203389,27
sub-30,afraid,alpha_temporal,0.036547693413858946,0.03610584988774183,27
sub-30,afraid,alpha_parietal,-0.2208347915600121,-0.263153650130243,27
sub-30,afraid,alpha_occipital,-0.10499718701100154,-0.10554506736932195,27
sub-30,afraid,beta_frontal,-0.3809632449071738,-0.34861183199060225,27
sub-30,afraid,beta_central,-0.11150143753380695,-0.0863692624592568,27
sub-30,afraid,beta_temporal,0.0464589323057529,0.09989817852801065,27
sub-30,afraid,beta_parietal,-0.3484419922931467,-0.3586685754662065,27
sub-30,afraid,beta_occipital,-0.15796036983955986,-0.14142353410443925,27
sub-30,afraid,gamma_frontal,-0.2387989120515699,-0.20066722315597169,27
sub-30,afraid,gamma_central,0.03128234775254029,0.05124818536728686,27
sub-30,afraid,gamma_temporal,-0.24932960337420723,-0.19901823647215566,27
sub-30,afraid,gamma_parietal,-0.128226653163878,-0.0807665282602898,27
sub-30,afraid,gamma_occipital,-0.09632485298059434,-0.010643585891859226,27
sub-30,afraid,faa,0.13596980854817017,0.12107008773038118,27
sub-30,happy,delta_frontal,0.06867663009297,0.04988044190784303,33
sub-30,happy,delta_central,-0.07989607956360371,0.006008711579997191,33
sub-30,happy,delta_temporal,-0.021078965672099704,-0.07319510142715932,33
sub-30,happy,delta_parietal,0.17951119153013942,0.19851614538767498,33
sub-30,happy,delta_occipital,0.17951119153013942,0.07444933959257503,33
sub-30,happy,theta_frontal,0.11015459480258555,0.187181813511272,33
sub-30,happy,theta_central,-0.21214958999016478,-0.2285932188640705,33
sub-30,happy,theta_temporal,-0.02889858196981411,0.029680908390298796,33
sub-30,happy,theta_parietal,-0.16846173371815168,-0.15153167384467492,33
sub-30,happy,theta_occipital,-0.3748316073143536,-0.2884170072007653,33
sub-30,happy,alpha_frontal,-0.00951953288417406,-0.04623991391256138,33
sub-30,happy,alpha_central,0.17458143342940644,0.06720674742992065,33
sub-30,happy,alpha_temporal,0.161832059030959,0.15951861063758385,33
sub-30,happy,alpha_parietal,-0.03705818158482045,-0.08141818225216665,33
sub-30,happy,alpha_occipital,-0.08482583766433671,-0.026516895513633915,33
sub-30,happy,beta_frontal,-0.024648790503664975,-0.014346714032815231,33
sub-30,happy,beta_central,0.07428635482828687,0.08863155422460287,33
sub-30,happy,beta_temporal,-0.09009557908236163,-0.07655140935822273,33
sub-30,happy,beta_parietal,-0.1883507577797296,-0.24830947309979787,33
sub-30,happy,beta_occipital,0.053037397497541196,0.06955811860104187,33
sub-30,happy,gamma_frontal,-0.1628520089828348,-0.14378024680539322,33
sub-30,happy,gamma_central,0.07088652165536756,0.08306264903046982,33
sub-30,happy,gamma_temporal,-0.21860927301871147,-0.18560558856693016,33
sub-30,happy,gamma_parietal,-0.17152158357377903,-0.14928263087279414,33
sub-30,happy,gamma_occipital,-0.12834370227770384,-0.0167273483992684,33
sub-30,happy,faa,0.3046250522935699,0.3422832072485548,33
sub-30,sad,delta_frontal,-0.12948234932298008,-0.1279891468449055,32
sub-30,sad,delta_central,0.09336949756093507,0.10518660840858984,32
sub-30,sad,delta_temporal,-0.21779978990166016,-0.21780458448596554,32
sub-30,sad,delta_parietal,-0.001496905772520001,0.001890886378924674,32
sub-30,sad,delta_occipital,-0.19216527854725513,-0.20446065488203924,32
sub-30,sad,theta_frontal,0.09673753554910507,0.1011509646122088,32
sub-30,sad,theta_central,-0.3547666680872402,-0.3526925353393913,32
sub-30,sad,theta_temporal,0.060063344122365046,0.06329091970794838,32
sub-30,sad,theta_parietal,-0.09000145957276506,-0.08640664371862641,32
sub-30,sad,theta_occipital,0.2501703772324052,0.26637093309912996,32
sub-30,sad,alpha_frontal,0.10777721562144008,0.10215447063842331,32
sub-30,sad,alpha_central,0.07802621339260506,0.06906504665089316,32
sub-30,sad,alpha_temporal,0.09524062977658507,0.09268935380304483,32
sub-30,sad,alpha_parietal,-0.0024324718803450016,-0.005913348325537837,32
sub-30,sad,alpha_occipital,0.03499017243265502,0.04181491831013781,32
sub-30,sad,beta_frontal,0.10590608340579008,0.10139948440224839,32
sub-30,sad,beta_central,-0.03779687075613002,-0.043123445941078836,32
sub-30,sad,beta_temporal,0.08532362903364006,0.0810637825340016,32
sub-30,sad,beta_parietal,0.045842739283425034,0.03670132911275125,32
sub-30,sad,beta_occipital,0.19927558096672512,0.1974208837242999,32
sub-30,sad,gamma_frontal,-0.04041645585804003,-0.040046480412416256,32
sub-30,sad,gamma_central,-0.19403641076290518,-0.1929135162357093,32
sub-30,sad,gamma_temporal,0.009917000742945008,0.011269345820650268,32
sub-30,sad,gamma_parietal,-0.022266473366235016,-0.02534444314056367,32
sub-30,sad,gamma_occipital,0.038919550085520026,0.044999817688125346,32
sub-30,sad,faa,0.2505446036755352,0.24883682745689864,32
sub-30,tender,delta_frontal,-0.35596521264377595,-0.367603263890488,29
sub-30,tender,delta_central,-0.3012013337755028,-0.3818675702795857,29
sub-30,tender,delta_temporal,-0.4700147585437579,-0.4636904235061417,29
sub-30,tender,delta_parietal,-0.2519640848847617,-0.2728166949703232,29
sub-30,tender,delta_occipital,-0.14670690485812646,-0.10581599911695229,29
sub-30,tender,theta_frontal,0.17434005474578726,0.1462981820999517,29
sub-30,tender,theta_central,0.15147990347508605,0.14300774252466494,29
sub-30,tender,theta_temporal,0.1640404261512955,0.14600266305285986,29
sub-30,tender,theta_parietal,0.10174023367729661,0.07975157768911974,29
sub-30,tender,theta_occipital,-0.009294786780394998,-0.07405396045984326,29
sub-30,tender,alpha_frontal,0.4642369181127015,0.49788183663580166,29
sub-30,tender,alpha_central,0.3024573860431237,0.36596027601998093,29
sub-30,tender,alpha_temporal,0.5521605768461677,0.5603023832318393,29
sub-30,tender,alpha_parietal,0.3416462167928972,0.364111091059441,29
sub-30,tender,alpha_occipital,0.29793559787968826,0.2834436994010027,29
sub-30,tender,beta_frontal,0.23010877542815725,0.2614306524573939,29
sub-30,tender,beta_central,0.09646481415328863,0.13772500719345257,29
sub-30,tender,beta_temporal,0.023613782631273776,0.04494314716882231,29
sub-30,tender,beta_parietal,0.04873482798369269,0.10526968936197312,29
sub-30,tender,beta_occipital,-0.049237248890741075,-0.04970603894153817,29
sub-30,tender,gamma_frontal,0.3579748962719695,0.3694672773792612,29
sub-30,tender,gamma_central,0.23714266812683454,0.2562620486951635,29
sub-30,tender,gamma_temporal,0.15976984844138428,0.14863338904412166,29
sub-30,tender,gamma_parietal,0.13917059125240078,0.14711685350991133,29
sub-30,tender,gamma_occipital,-0.05350782660065228,-0.10454992184346827,29
sub-30,tender,faa,0.1132959145394093,0.11481616842901912,29
sub-31,pleasant,delta_frontal,-0.05280921289688472,-0.06561250440864774,30
sub-31,pleasant,delta_central,0.032046616373323206,0.011304323306829681,30
sub-31,pleasant,delta_temporal,-0.06883252108354633,-0.08650341804644734,30
sub-31,pleasant,delta_parietal,-0.026855967242432825,-0.0584156199416809,30
sub-31,pleasant,delta_occipital,-0.10945499254268844,-0.12173786567500754,30
sub-31,pleasant,theta_frontal,-0.05190649130890379,-0.06276138376298834,30
sub-31,pleasant,theta_central,-0.19589058459186295,-0.18114512375585753,30
sub-31,pleasant,theta_temporal,-0.11351723968860263,-0.11477974629749069,30
sub-31,pleasant,theta_parietal,0.17106574092238724,0.18541635183436106,30
sub-31,pleasant,theta_occipital,0.007673133497837951,0.01850452316822315,30
sub-31,pleasant,alpha_frontal,-0.006319051115866547,-0.00845190381762242,30
sub-31,pleasant,alpha_central,-0.09478576673799823,-0.10034353495713619,30
sub-31,pleasant,alpha_temporal,0.09456008634100299,0.10335889023165656,30
sub-31,pleasant,alpha_parietal,-0.10945499254268844,-0.09477579106119668,30
sub-31,pleasant,alpha_occipital,0.025953245654451895,0.024693611217013245,30
sub-31,pleasant,beta_frontal,0.08417878807922223,0.10810346584457392,30
sub-31,pleasant,beta_central,0.10561842579376944,0.13034777922076077,30
sub-31,pleasant,beta_temporal,-0.03656022431322788,-0.025299836519698048,30
sub-31,pleasant,beta_parietal,0.04987536773594668,0.06622133907481863,30
sub-31,pleasant,beta_occipital,0.07221772703847484,0.06946178606058223,30
sub-31,pleasant,gamma_frontal,-0.08079358212429372,-0.06663917833985812,30
sub-31,pleasant,gamma_central,-0.16497237020351596,-0.15619639769050703,30
sub-31,pleasant,gamma_temporal,0.032046616373323206,0.034559671873070255,30
sub-31,pleasant,gamma_parietal,-0.010155617864785523,-0.005897447201766542,30
sub-31,pleasant,gamma_occipital,0.08034222133030325,0.07979795064587948,30
sub-31,pleasant,faa,0.24915115828273815,0.2638016810630886,30
sub-31,energetic,delta_frontal,0.36955974851496837,0.3668304543635888,31
sub-31,energetic,delta_central,0.20339153660617906,0.19862854821923875,31
sub-31,energetic,delta_temporal,0.18344312502801993,0.18017774755953497,31
sub-31,energetic,delta_parietal,0.2654989623443651,0.25774582982403366,31
sub-31,energetic,delta_occipital,0.21922687363214038,0.2138739417356451,31
sub-31,energetic,theta_frontal,0.37840285880219354,0.3796072688799951,31
sub-31,energetic,theta_central,0.05470389154423016,0.06946390472308772,31
sub-31,energetic,theta_temporal,-0.1801526653862617,-0.1723766277797665,31
sub-31,energetic,theta_parietal,0.19537104122939342,0.20765379658334882,31
sub-31,energetic,theta_occipital,0.21490814535233277,0.23744113107943587,31
sub-31,energetic,alpha_frontal,-0.23033217492307434,-0.23986926064693723,31
sub-31,energetic,alpha_central,0.18426573993845946,0.1850598068842708,31
sub-31,energetic,alpha_temporal,0.016657951936400912,0.020179587311163077,31
sub-31,energetic,alpha_parietal,-0.24760708804230494,-0.2419578036084625,31
sub-31,energetic,alpha_occipital,-0.21655337517321185,-0.22533996084210794,31
sub-31,energetic,beta_frontal,-0.3267837731721117,-0.3211862034183937,31
sub-31,energetic,beta_central,-0.232800019654393,-0.2299943508941391,31
sub-31,energetic,beta_temporal,-0.09151590878640008,-0.09180210840119588,31
sub-31,energetic,beta_parietal,-0.09521767588337805,-0.08847967786948456,31
sub-31,energetic,beta_occipital,-0.13244100058076774,-0.13157004437257608,31
sub-31,energetic,gamma_frontal,-0.20976680216208557,-0.20032664073888304,31
sub-31,energetic,gamma_central,0.057788697458378474,0.06100568408989808,31
sub-31,energetic,gamma_temporal,-0.09501202215576816,-0.09373624192454184,31
sub-31,energetic,gamma_parietal,-0.057994351185988356,-0.053837945733517904,31
sub-31,energetic,gamma_occipital,0.2543936610534312,0.2578122371556808,31
sub-31,energetic,faa,0.24740143431469505,0.2521067199944445,31
sub-31,tense,delta_frontal,0.17109397491245262,0.16751105249827725,28
sub-31,tense,delta_central,0.025316344255338522,0.022634453405758377,28
sub-31,tense,delta_temporal,0.20364356038360218,0.20071501142911935,28
sub-31,tense,delta_parietal,0.19251549697466216,0.1934451035784621,28
sub-31,tense,delta_occipital,0.19390650490077968,0.1908452150859837,28
sub-31,tense,theta_frontal,0.5580723799583415,0.5781591382360002,28
sub-31,tense,theta_central,0.2829310121722997,0.31494728324919175,28
sub-31,tense,theta_temporal,0.31826261349568424,0.3208485555067798,28
sub-31,tense,theta_parietal,0.2361931458547517,0.2588638962426904,28
sub-31,tense,theta_occipital,0.5408238816744845,0.5644050573823244,28
sub-31,tense,alpha_frontal,-0.38113617175619535,-0.3801908870522005,28
sub-31,tense,alpha_central,-0.06426456618662856,-0.06347169519760698,28
sub-31,tense,alpha_temporal,-0.1429956148048791,-0.14109616691338128,28
sub-31,tense,alpha_parietal,-0.3458045704328108,-0.34421037608873,28
sub-31,tense,alpha_occipital,-0.4837925567036669,-0.48431643986178297,28
sub-31,tense,beta_frontal,-0.1293637371289276,-0.1254229743752295,28
sub-31,tense,beta_central,-0.10321278811791859,-0.1017930937770819,28
sub-31,tense,beta_temporal,-0.16831195906021765,-0.1659022062595944,28
sub-31,tense,beta_parietal,-0.027541956937126525,-0.020139046312773252,28
sub-31,tense,beta_occipital,0.13965719578219712,0.1446531326729685,28
sub-31,tense,gamma_frontal,0.1093332229928356,0.12711519109348746,28
sub-31,tense,gamma_central,0.35693263384175083,0.3563356238719349,28
sub-31,tense,gamma_temporal,0.11684466579387011,0.12335003856268283,28
sub-31,tense,gamma_parietal,0.06009154240827605,0.06811008969625044,28
sub-31,tense,gamma_occipital,0.514951134248699,0.5243463715937272,28
sub-31,tense,faa,0.04339944729486604,0.04923867976208333,28
sub-31,angry,delta_frontal,-0.13358432106278892,-0.11920329421276692,30
sub-31,angry,delta_central,-0.16154920488389177,-0.14894986704946547,30
sub-31,angry,delta_temporal,-0.15322907416025788,-0.13627294194761919,30
sub-31,angry,delta_parietal,-0.17472274519631215,-0.15017354449291742,30
sub-31,angry,delta_occipital,-0.06864107846997977,-0.05372908467130017,30
sub-31,angry,theta_frontal,0.23596815191195064,0.22842696614702146,30
sub-31,angry,theta_central,0.30206696821637563,0.28212755105718235,30
sub-31,angry,theta_temporal,0.12503307559683186,0.11207550756618355,30
sub-31,angry,theta_parietal,0.02796488382110287,0.00871094056100737,30
sub-31,angry,theta_occipital,0.3332674584300028,0.3149827649533473,30
sub-31,angry,alpha_frontal,-0.04414291578372437,-0.03611646879363799,30
sub-31,angry,alpha_central,-0.08366353672098545,-0.07844508510888536,30
sub-31,angry,alpha_temporal,-0.027733769078779707,-0.031562601342015446,30
sub-31,angry,alpha_parietal,0.1284997967316793,0.12249469900696631,30
sub-31,angry,alpha_occipital,-0.12341527240056968,-0.10957504123751964,30
sub-31,angry,beta_frontal,0.30507145986657674,0.28898735565556105,30
sub-31,angry,beta_central,0.11717517435784425,0.10570090416232471,30
sub-31,angry,beta_temporal,0.34412985131919155,0.33837418708850603,30
sub-31,angry,beta_parietal,0.21955900520700602,0.20741069673314777,30
sub-31,angry,beta_occipital,0.17795835158883647,0.16241910518723948,30
sub-31,angry,gamma_frontal,0.11833074806946006,0.09009258945479134,30
sub-31,angry,gamma_central,0.20823438283317094,0.21035552320344333,30
sub-31,angry,gamma_temporal,0.055005308672913075,0.042303537189074585,30
sub-31,angry,gamma_parietal,0.15970028694530647,0.1441967527566567,30
sub-31,angry,gamma_occipital,0.2338881192310422,0.21899446258518862,30
sub-31,angry,faa,-0.1647848112764161,-0.1727903233782564,30
sub-31,afraid,delta_frontal,-0.04353567443494488,-0.045877278415515824,28
sub-31,afraid,delta_central,-0.019942147644394104,-0.019611456774208346,28
sub-31,afraid,delta_temporal,0.017133394455042826,0.016627630832413712,28
sub-31,afraid,delta_parietal,-0.1483021683977477,-0.14433131916921305,28
sub-31,afraid,delta_occipital,-0.2016684789954221,-0.2012630640894717,28
sub-31,afraid,theta_frontal,0.03595204082369642,0.03490865494805779,28
sub-31,afraid,theta_central,0.11038400034150542,0.1036624207714659,28
sub-31,afraid,theta_temporal,-0.08313909440479796,-0.08675131231897133,28
sub-31,afraid,theta_parietal,-0.15981805647408798,-0.1645880332421731,28
sub-31,afraid,theta_occipital,-0.055332437830220266,-0.06323980564562803,28
sub-31,afraid,alpha_frontal,0.25700091682564236,0.2668316496886016,28
sub-31,afraid,alpha_central,0.1084178731089595,0.1160749900995378,28
sub-31,afraid,alpha_temporal,0.1699295679557526,0.17982400328909026,28
sub-31,afraid,alpha_parietal,0.3041879704067439,0.30458089225831636,28
sub-31,afraid,alpha_occipital,0.24857465725758854,0.2653828963058546,28
sub-31,afraid,beta_frontal,-0.07387020887993874,-0.07524738614716518,28
sub-31,afraid,beta_central,-0.05926469229531206,-0.057814638640534564,28
sub-31,afraid,beta_temporal,0.00477488042189718,0.003349026632952944,28
sub-31,afraid,beta_parietal,0.029772783807123594,0.02783564680881634,28
sub-31,afraid,beta_occipital,-0.0258405293420318,-0.027847064997920886,28
sub-31,afraid,gamma_frontal,0.03482853954795591,0.0352699736807959,28
sub-31,afraid,gamma_central,0.06291607144146873,0.06270649670527063,28
sub-31,afraid,gamma_temporal,0.03623291614263154,0.037875255066609013,28
sub-31,afraid,gamma_parietal,0.01797602041184821,0.020100503677619157,28
sub-31,afraid,gamma_occipital,0.023312651471615646,0.024006918036560333,28
sub-31,afraid,faa,-0.1929613441084331,-0.19972698152984664,28
sub-31,happy,delta_frontal,0.08538541767354259,0.08206736969089536,30
sub-31,happy,delta_central,0.17393325822388309,0.1709174658128423,30
sub-31,happy,delta_temporal,0.12084973136334733,0.11758994647146302,30
sub-31,happy,delta_parietal,0.11091068803626829,0.10607985750551423,30
sub-31,happy,delta_occipital,-0.042692708836771294,-0.04788850213282926,30
sub-31,happy,theta_frontal,-0.24486188560349256,-0.24589757580958732,30
sub-31,happy,theta_central,-0.047662230500310813,-0.04335765830423042,30
sub-31,happy,theta_temporal,-0.19674788040649632,-0.19675277137618538,30
sub-31,happy,theta_parietal,-0.2356005043214416,-0.23323957932005213,30
sub-31,happy,theta_occipital,-0.2125599947904857,-0.21005974061688315,30
sub-31,happy,alpha_frontal,0.031172454071293335,0.029805038067754287,30
sub-31,happy,alpha_central,0.11384722356472346,0.11234359884970313,30
sub-31,happy,alpha_temporal,-0.08922550259536859,-0.08616486359552213,30
sub-31,happy,alpha_parietal,-0.004065972270168696,-0.0006812754527008893,30
sub-31,happy,alpha_occipital,0.0018070987867416424,0.0010056897548444271,30
sub-31,happy,beta_frontal,-0.06731442980612617,-0.06338295726618651,30
sub-31,happy,beta_central,-0.21030112130705864,-0.2079899562808217,30
sub-31,happy,beta_temporal,0.04630690641025458,0.04760435262198849,30
sub-31,happy,beta_parietal,-0.044499807623512945,-0.03890683374448301,30
sub-31,happy,beta_occipital,0.050598766028765986,0.051689041403246455,30
sub-31,happy,gamma_frontal,-0.1705449479987425,-0.1689228457293847,30
sub-31,happy,gamma_central,-0.04382214557848482,-0.04360845374702623,30
sub-31,happy,gamma_temporal,0.0553424003439628,0.053375431142729614,30
sub-31,happy,gamma_parietal,-0.17077083534708518,-0.17760593491224502,30
sub-31,happy,gamma_occipital,-0.28710281974357843,-0.29316220201968796,30
sub-31,happy,faa,0.32776254244526537,0.326867461435898,30
sub-31,sad,delta_frontal,0.09752274203305254,0.07752273565724117,30
sub-31,sad,delta_central,0.002060339620416603,-0.055091888374354026,30
sub-31,sad,delta_temporal,0.09546240241263593,0.06247003691920326,30
sub-31,sad,delta_parietal,0.09775166865754328,0.05071038932703386,30
sub-31,sad,delta_occipital,0.12133111098008885,0.10101469849096542,30
sub-31,sad,theta_frontal,-0.10896907325758921,-0.1036583357382414,30
sub-31,sad,theta_central,-0.05654487624921122,0.03637437397905063,30
sub-31,sad,theta_temporal,0.06890691397171084,0.15161455598827298,30
sub-31,sad,theta_parietal,-0.030218314432776845,-0.005581744770019647,30
sub-31,sad,theta_occipital,-0.20969678803351205,-0.15737847397050675,30
sub-31,sad,alpha_frontal,0.12064433110661664,0.08320894857550055,30
sub-31,sad,alpha_central,0.20717859516411397,0.19262606158631568,30
sub-31,sad,alpha_temporal,-0.06684657435129424,-0.04232801221936052,30
sub-31,sad,alpha_parietal,0.03548362679606372,0.059400464536716074,30
sub-31,sad,alpha_occipital,0.0428092787797672,0.02179542594281393,30
sub-31,sad,beta_frontal,-0.2087810815355491,-0.16955012511166434,30
sub-31,sad,beta_central,-0.26143420516841787,-0.2330873361743754,30
sub-31,sad,beta_temporal,-0.13529563507402362,-0.1639650006037276,30
sub-31,sad,beta_parietal,-0.27288053639295456,-0.24818940813317122,30
sub-31,sad,beta_occipital,-0.17512886773541128,-0.16903765336221457,30
sub-31,sad,gamma_frontal,-0.2900500332297596,-0.249689643091321,30
sub-31,sad,gamma_central,-0.04784566451856334,-0.025906660220034978,30
sub-31,sad,gamma_temporal,-0.23052911086216882,-0.2206268690187879,30
sub-31,sad,gamma_parietal,-0.19252729119670703,-0.19782801146078352,30
sub-31,sad,gamma_occipital,-0.36605367256068316,-0.39153030682306456,30
sub-31,sad,faa,0.06776228084925716,0.0973065879532132,30
sub-31,tender,delta_frontal,-0.17822501875608843,-0.1766793082009512,28
sub-31,tender,delta_central,-0.26134091169711243,-0.26087188727863925,28
sub-31,tender,delta_temporal,-0.3977290715902693,-0.3981424616947921,28
sub-31,tender,delta_parietal,-0.28923215093906685,-0.2884702059459583,28
sub-31,tender,delta_occipital,-0.35366091358798146,-0.35600020393870874,28
sub-31,tender,theta_frontal,-0.25408918949420434,-0.254782585715589,28
sub-31,tender,theta_central,-0.31879686453553846,-0.32869023995183505,28
sub-31,tender,theta_temporal,-0.3151710034340844,-0.3157658135956044,28
sub-31,tender,theta_parietal,-0.18742912770593337,-0.18620607083189392,28
sub-31,tender,theta_occipital,-0.2546470142790434,-0.25629198139270853,28
sub-31,tender,alpha_frontal,0.17683045679399073,0.1750839978242575,28
sub-31,tender,alpha_central,0.15870115128672038,0.15727167657995206,28
sub-31,tender,alpha_temporal,0.2900688881163255,0.29661361700799166,28
sub-31,tender,alpha_parietal,0.20527952082078418,0.20356506506337105,28
sub-31,tender,alpha_occipital,0.26887154629244014,0.27144672358011585,28
sub-31,tender,beta_frontal,0.23623879637935352,0.2347866874224885,28
sub-31,tender,beta_central,0.2917423624708428,0.29108904822634185,28
sub-31,tender,beta_temporal,0.4900490734811383,0.4895479945101179,28
sub-31,tender,beta_parietal,0.37848411651332087,0.3777673038577366,28
sub-31,tender,beta_occipital,0.03709534819179931,0.03339158776895569,28
sub-31,tender,gamma_frontal,0.06387093786407551,0.06162006664250098,28
sub-31,tender,gamma_central,-0.057177040446006466,-0.05677553622975895,28
sub-31,tender,gamma_temporal,0.14112967056428913,0.1392906005489718,28
sub-31,tender,gamma_parietal,0.08395263011828265,0.08073422274257651,28
sub-31,tender,gamma_occipital,0.04406815800228791,0.04303727155759553,28
sub-31,tender,faa,0.12272145266459922,0.13764846829108507,28
