question,feature,p_A,d_A,p_B,d_B,p_C,n_subjects_C,q_A,q_B,q_C
pleasant,delta_frontal,0.7818456669890463,0.056175355321398175,0.6439702973080647,0.045056504399611175,0.43272085953503847,31,0.9427472390360675,1.0,1.0
pleasant,delta_central,0.08078614180058048,0.12164434863240926,0.07086058819408984,0.10776437550364054,0.06642110086977482,31,0.6589614703733624,1.0,1.0
pleasant,delta_temporal,0.11488794850780094,0.12679206635737608,0.2828723582128082,0.08141134926463672,0.18865238688886166,31,0.6668844638964445,1.0,0.9934100372881829
pleasant,delta_parietal,0.6507059083537969,0.06257692556368154,0.8655206803268289,0.014374301261374723,0.8392556216567755,31,0.9302187555848094,1.0,1.0
pleasant,delta_occipital,0.36226025180460597,0.08011710097051543,0.47974836838013,0.03885867571488124,0.4797733975574374,31,0.8627877752903593,1.0,1.0
pleasant,theta_frontal,0.6556040313992069,-0.03233991640043658,0.46466547278507264,-0.07309688551984642,0.8241792023181915,31,0.929765717257057,1.0,1.0
pleasant,theta_central,0.9493053514058888,-0.01527589653506051,0.785280482289983,-0.026850946458947613,0.9922946002334356,31,0.9831809780535677,1.0,1.0
pleasant,theta_temporal,0.5773738416577869,-0.03864435574718466,0.29096783861038156,-0.09109006775247674,0.1820761300623417,31,0.920258690151875,1.0,1.0
pleasant,theta_parietal,0.6186646444109087,0.03144062688650847,0.6022041624884193,0.009588404483837994,0.7206862810999155,31,0.9279969666163631,1.0,1.0
pleasant,theta_occipital,0.16877745365489683,-0.0848893894635298,0.33825697150752876,-0.061192276731865794,0.6495812004432082,31,0.7263250419355559,1.0,1.0
pleasant,alpha_frontal,0.4265268851469126,0.06211701065501451,0.7202535336556117,0.0541631314900599,0.608313562348485,31,0.8783920010946319,1.0,1.0
pleasant,alpha_central,0.5866874891131985,-0.03642521251809574,0.29269181125133237,-0.06425588388171817,0.35696212109178305,31,0.9209886621550586,1.0,0.9748112190865322
pleasant,alpha_temporal,0.19407092425085404,-0.05944343860060924,0.3109823374105585,-0.03512101755118993,0.691920786164701,31,0.7616368347958046,1.0,1.0
pleasant,alpha_parietal,0.6827184239980086,-0.0044039717443961025,0.48960491344700974,-0.004794415480597118,0.8848088048398495,31,0.9332229935920207,1.0,1.0
pleasant,alpha_occipital,0.8698830818840978,0.02626628417020561,0.6061446468738085,0.00603687880166692,0.8848088048398495,31,0.9753945069104709,1.0,1.0
pleasant,beta_frontal,0.037282633629039094,-0.1493012901744471,0.1725348236399008,-0.09944890273490653,0.11561407148838043,31,0.5605870695065155,1.0,0.9882627480650601
pleasant,beta_central,0.02533370945431566,-0.1328831678736322,0.1428351551987123,-0.08288428287815656,0.18865238688886166,31,0.5269411566497657,1.0,0.9892360455348712
pleasant,beta_temporal,0.037625743459275794,-0.14086749947532246,0.20426845574075214,-0.08534922145215572,0.23169402685016394,31,0.559011045680669,1.0,1.0
pleasant,beta_parietal,0.07357755446705387,-0.13297347138101984,0.6056514558846873,-0.035622556633335814,0.6635807873681188,31,0.6421313844397429,1.0,1.0
pleasant,beta_occipital,0.04279036347273671,-0.12959983356006424,0.29921769286699584,-0.06821067096205931,0.4102047085762024,31,0.5742190711180152,1.0,1.0
pleasant,gamma_frontal,0.6785982682040261,-0.027646068946846458,0.8189464758316883,-0.010292766589335854,0.9153939224779606,31,0.9357907610150548,1.0,1.0
pleasant,gamma_central,0.14558771258619763,-0.06241499303801503,0.3010842101498624,-0.04954003658200966,0.7793471785262227,31,0.7097400988577134,1.0,1.0
pleasant,gamma_temporal,0.21149950250138683,-0.07225188128328609,0.7901705578659008,0.0020397256289747955,0.8543895706534386,31,0.7695375484598566,1.0,1.0
pleasant,gamma_parietal,0.4099664250482645,-0.05739511649621095,0.33861328721381545,0.01655235168483268,0.4797733975574374,31,0.8775953661410534,1.0,1.0
pleasant,gamma_occipital,0.5507967831969063,-0.04428933179751621,0.28498779865161084,0.030456672703447197,0.6219436237588525,31,0.9214401949460309,1.0,1.0
pleasant,faa,0.17427990063997678,0.07621300431695745,0.4933104612431026,0.04112805952107196,0.31757172010838985,31,0.7323276632952559,1.0,0.9643053690882495
pleasant,coh_CF_delta,0.1448116702697607,0.1227734310615181,0.27950983814799624,-0.04841307991388041,0.35696212109178305,31,0.7115156082545722,1.0,0.9726828103112342
pleasant,icoh_CF_delta,0.6973861101699873,-0.007822868785114663,0.3704066894792386,0.06679622440773188,0.444234280847013,31,0.9298481468933164,1.0,1.0
pleasant,coh_CF_theta,0.772511100163397,0.01891709964447676,0.08483732622224968,-0.12210194791650039,0.5948144253343344,31,0.9378344873578983,1.0,1.0
pleasant,icoh_CF_theta,0.12026814466602558,0.136612929193246,0.23057763692132682,0.07352663562954197,0.5042768456041813,31,0.6853636737132416,1.0,1.0
pleasant,coh_CF_alpha,0.26846488361046383,-0.044477046362073815,0.8636697845183172,0.006137278766283678,0.15165852662175894,31,0.8151926392843282,1.0,1.0
pleasant,icoh_CF_alpha,0.29385624654639586,-0.05130623871282412,0.311995090335463,-0.018731147331961448,0.6219436237588525,31,0.8222703939235472,1.0,1.0
pleasant,coh_CF_beta,0.12503501788026383,-0.11046957809757688,0.16755296309210788,-0.08940783807405389,0.3271495960652828,31,0.6844022031340757,1.0,0.9838137250348746
pleasant,icoh_CF_beta,0.11168856995198786,0.11180678479047232,0.6387470258275101,0.04227997767278996,0.7352173123508692,31,0.6574874306607588,1.0,1.0
pleasant,coh_CF_gamma,0.8006081018064483,0.025398565236468374,0.5558472844601248,0.05502607481233108,0.5167645234614611,31,0.9588857111846905,1.0,1.0
pleasant,icoh_CF_gamma,0.10949113473040624,0.08252811893164323,0.15130097482615168,0.06536579085101993,0.43272085953503847,31,0.6601204644615797,1.0,1.0
pleasant,coh_CO_delta,0.9873883914095554,0.016903458858924154,0.5310229991376387,-0.0329222865975749,0.6495812004432082,31,0.9953640650073707,1.0,1.0
pleasant,icoh_CO_delta,0.19812176400733705,-0.07849043272675671,0.6087780274064429,-0.022607637032100007,0.4559155162423849,31,0.7607875737881743,1.0,1.0
pleasant,coh_CO_theta,0.8983518061387181,0.04598421302165173,0.5954993525663415,-0.0267463429899705,0.6495812004432082,31,0.9723703851354035,1.0,1.0
pleasant,icoh_CO_theta,0.8007890884561755,0.022437143727136486,0.6157147529246151,0.03754398017829222,0.9461012529209256,31,0.9581829169638609,1.0,1.0
pleasant,coh_CO_alpha,0.8120307772660915,-0.040903972086921134,0.8094469169170897,-0.006308767853015024,0.42137710005044937,31,0.9560513302151719,1.0,0.9997692411843362
pleasant,icoh_CO_alpha,0.7415218577750767,0.01044703103700928,0.624350829607027,0.04964788243090055,0.8695757398381829,31,0.9395119578713663,1.0,1.0
pleasant,coh_CO_beta,0.5175355930116057,-0.03224792286653487,0.05242942188536999,-0.12127341522505189,0.07593795005232096,31,0.9071410394360729,1.0,1.0
pleasant,icoh_CO_beta,0.3036565608545386,0.06803693902090809,0.7236027831555485,0.02103167317788106,0.7352173123508692,31,0.834721118824811,1.0,1.0
pleasant,coh_CO_gamma,0.38271989460092004,0.06139068711405879,0.6645246851576314,-0.0337769055962418,0.9153939224779606,31,0.8731890831114227,1.0,1.0
pleasant,icoh_CO_gamma,0.32805386907668754,-0.08819402558447449,0.5617042001153149,0.00634682205621348,0.9000833509489894,31,0.8565088464596361,1.0,1.0
pleasant,coh_CP_delta,0.5211792891831142,0.02896988491068965,0.6590634141405052,-0.03429666721627063,0.5948144253343344,31,0.9071572564860899,1.0,1.0
pleasant,icoh_CP_delta,0.01779978634226113,-0.1345577736537947,0.08281503094658789,-0.09649732100708479,0.09416095819324255,31,0.5289079370271879,1.0,0.9553892343509488
pleasant,coh_CP_theta,0.2267758283049408,0.07463312131478482,0.9490468575811487,-0.012424858627047234,0.8392556216567755,31,0.7732683981545523,1.0,1.0
pleasant,icoh_CP_theta,0.04662540852664669,0.14191724681678344,0.014431125335919446,0.18043853642553237,0.00914760958403349,31,0.5877627256692431,1.0,0.878170520067215
pleasant,coh_CP_alpha,0.8761552214135164,0.0036795456796878227,0.7945242453157443,0.006113471169140986,0.6635807873681188,31,0.973679177492492,1.0,1.0
pleasant,icoh_CP_alpha,0.826958163126428,-0.04587089328359873,0.4516872718516697,-0.013181340589755345,0.9922946002334356,31,0.9591485014700578,1.0,1.0
pleasant,coh_CP_beta,0.731105651361744,0.0014494477808477116,0.1527821526773073,-0.09425005682982639,0.2240869216620922,31,0.9367760296708999,1.0,0.9987874222653252
pleasant,icoh_CP_beta,0.6084671153942707,0.019306970099601643,0.6092723527142587,0.016751893269415778,0.3883800162002444,31,0.9294577233929618,1.0,0.9851590654835468
pleasant,coh_CP_gamma,0.49981440705663716,0.04125973744971144,0.689317835639256,-0.066778661511959,0.3992052096873522,31,0.9066400872190162,1.0,0.9865506964154763
pleasant,icoh_CP_gamma,0.6673175806404944,-0.05157139740483223,0.2955078672440701,0.040095105695772106,0.8848088048398495,31,0.92947805874926,1.0,1.0
pleasant,coh_CT_delta,0.9009469383737252,0.0021907901029593712,0.6422834327585201,-0.024492718658933176,0.8543895706534386,31,0.9718079335267148,1.0,1.0
pleasant,icoh_CT_delta,0.8824351484657948,0.003382433267610551,0.42621903099005043,0.032272143322837274,0.7206862810999155,31,0.9694357969060846,1.0,1.0
pleasant,coh_CT_theta,0.5646429014597414,-0.023027787912725736,0.3184596196110444,-0.07971960501537055,0.5948144253343344,31,0.9223486139028237,1.0,1.0
pleasant,icoh_CT_theta,0.2547360467863665,0.09292074432428887,0.7943427127981139,0.006454162139875067,0.6219436237588525,31,0.8048369275680644,1.0,1.0
pleasant,coh_CT_alpha,0.6287698864661081,-0.028175486281327457,0.8783114384770019,-0.003607192105837548,0.21665488090366125,31,0.9330616151126074,1.0,1.0
pleasant,icoh_CT_alpha,0.5595886150457328,0.051673233018812666,0.5069245363688766,0.06799311388358359,0.635700810700655,31,0.9213279572256919,1.0,1.0
pleasant,coh_CT_beta,0.3780146186511839,0.04159018392507123,0.5632922565186278,-0.063382883057188,0.28106469474732876,31,0.8720189354467237,1.0,0.950592788738933
pleasant,icoh_CT_beta,0.8829896205717828,0.01538109448219748,0.5025646603025447,0.04792047481522575,0.9461012529209256,31,0.9691917735035928,1.0,1.0
pleasant,coh_CT_gamma,0.003874222245460261,0.2084847632867372,0.533959576342588,0.05542144854326632,0.055239553563296795,31,0.37192533556418506,1.0,0.9848423263856343
pleasant,icoh_CT_gamma,7.340443732704078e-05,-0.26769206762252606,0.11933269580796566,-0.1055075862805792,0.045629615895450115,31,0.0916087377841469,1.0,1.0
pleasant,coh_FO_delta,0.05265985814793462,0.13911555443345397,0.5487644229504531,-0.036113403026857636,0.9307350646704435,31,0.5920675943119136,1.0,1.0
pleasant,icoh_FO_delta,0.14636693507283977,-0.06876681279035501,0.9282632475430378,0.041583865306193964,0.8392556216567755,31,0.7107623928828951,1.0,1.0
pleasant,coh_FO_theta,0.5635354016591003,0.005157321571860997,0.07294271458084513,-0.11928312872573614,0.608313562348485,31,0.9217459780741247,1.0,1.0
pleasant,icoh_FO_theta,0.2621355716439763,0.11136266124483388,0.4806266089647603,0.04193970578401777,0.8695757398381829,31,0.819912765442813,1.0,1.0
pleasant,coh_FO_alpha,0.4098333728515543,-0.06275560867981451,0.7176131723384893,-0.0417968555588355,0.5042768456041813,31,0.8803305496019618,1.0,1.0
pleasant,icoh_FO_alpha,0.5128487403672299,0.03090270763963323,0.04235916516689791,0.11825268756448931,0.12031982094049454,31,0.9052832078901032,1.0,0.9878890561430078
pleasant,coh_FO_beta,0.5329579892876843,-0.059674326683421805,0.7715618342722845,-0.034452942023786876,0.7062525749206543,31,0.9136422673503161,1.0,1.0
pleasant,icoh_FO_beta,0.09607631317249025,0.11091879787814506,0.4749337284447467,0.03577452778513035,0.8695757398381829,31,0.6736137013442014,1.0,1.0
pleasant,coh_FO_gamma,0.15044383972550224,-0.09264974682569721,0.7083110716056872,-0.046655958358960525,0.8848088048398495,31,0.7085053282167049,1.0,1.0
pleasant,icoh_FO_gamma,0.9752468204892881,-0.02490076368664664,0.9828175864100026,-0.014559312491548916,0.8695757398381829,31,0.991938086365633,1.0,1.0
pleasant,coh_FP_delta,0.23971998631944225,0.13216945886303094,0.34603104282571273,-0.03165515981779928,0.635700810700655,31,0.783168960541005,1.0,1.0
pleasant,icoh_FP_delta,0.3847656771228989,-0.012661855447347088,0.6086132919880172,0.06648027966338727,0.7793471785262227,31,0.8730683000897778,1.0,1.0
pleasant,coh_FP_theta,0.6066657235100633,0.06613999341087924,0.17387191231809684,-0.10196469382464,0.9768865816295147,31,0.9301214041038808,1.0,1.0
pleasant,icoh_FP_theta,0.35393135550173493,0.10629654565672851,0.5182915875763876,0.04960998989951212,0.7352173123508692,31,0.8576821974100295,1.0,1.0
pleasant,coh_FP_alpha,0.7360428917178499,0.08133249419224375,0.8116366867860498,0.06197523498304271,0.016678825952112675,31,0.9363726084239313,1.0,0.8672989495098591
pleasant,icoh_FP_alpha,0.40045243434219935,0.03702647183156423,0.2752414681033024,0.07405883226184697,0.21665488090366125,31,0.8798673205265225,1.0,0.9977317024640932
pleasant,coh_FP_beta,0.46179030119910625,-0.06783506100613276,0.6241842584609667,-0.049943331247994105,0.23169402685016394,31,0.8976858191534028,1.0,0.9970832603758779
pleasant,icoh_FP_beta,0.15665221940044644,0.10153244734647865,0.15096587421737173,0.07727301174414695,0.5551384268328547,31,0.7083404703324535,1.0,1.0
pleasant,coh_FP_gamma,0.3856628057579281,-0.07490050182976542,0.9172350846576698,-0.020780493342105796,0.6635807873681188,31,0.8719332999744461,1.0,1.0
pleasant,icoh_FP_gamma,0.49196099386277925,-0.027766312350932496,0.23676863552975003,-0.0646717877593963,0.3992052096873522,31,0.9109307423453242,1.0,0.9846009914818489
pleasant,coh_FT_delta,0.13971881596271504,0.1094219810553427,0.29172123454243926,-0.06529947462187213,0.6495812004432082,31,0.708817407810847,1.0,1.0
pleasant,icoh_FT_delta,0.12976991385936917,-0.06942537783554835,0.9749327640359139,0.03437486311153826,0.9153939224779606,31,0.6950766201566212,1.0,1.0
pleasant,coh_FT_theta,0.2808091623744714,-0.06635974737348005,0.05373096601005737,-0.1266863067367549,0.6219436237588525,31,0.8188080248676175,1.0,1.0
pleasant,icoh_FT_theta,0.04782557702951211,0.15545723820099547,0.2940975791435322,0.04625721824072818,0.9307350646704435,31,0.5851600013022659,1.0,1.0
pleasant,coh_FT_alpha,0.046290860555877146,-0.14429966573533706,0.2803479096939573,-0.08166271726303106,0.6776954075321555,31,0.5894999385074967,1.0,1.0
pleasant,icoh_FT_alpha,0.6623844056551906,-0.009505880705173773,0.7534411200552962,0.05908872469697002,0.7206862810999155,31,0.9267441011857376,1.0,1.0
pleasant,coh_FT_beta,0.7267067859144626,-0.058935920020895295,0.9828175864100026,-0.029537423105865955,0.18865238688886166,31,0.9388510029205479,1.0,0.9850969825828425
pleasant,icoh_FT_beta,0.6109273904569097,0.0368779177822974,0.2714279031602608,0.06358150745530057,0.529405927285552,31,0.9286691635690906,1.0,1.0
pleasant,coh_FT_gamma,0.7432920805154026,-0.0639994663074417,0.929759700667595,-0.010555742680192486,0.7645525922998786,31,0.9388952595984034,1.0,1.0
pleasant,icoh_FT_gamma,0.9894434849124977,-0.06423744739839433,0.30053443118230594,0.020145671678297936,0.6776954075321555,31,0.9942234051294663,1.0,1.0
pleasant,coh_OP_delta,0.11027197615818243,0.10789427915961511,0.9224669352419376,0.01051129626121943,0.6776954075321555,31,0.6616318569490947,1.0,1.0
pleasant,icoh_OP_delta,0.5889459983898193,0.027503668441792802,0.678083171506862,0.06843493246931194,0.3883800162002444,31,0.91990563953754,1.0,0.9831607712330731
pleasant,coh_OP_theta,0.5148114984663432,0.08445352308200654,0.5688674393966504,-0.024952422536130732,0.9153939224779606,31,0.9061844147898397,1.0,1.0
pleasant,icoh_OP_theta,0.6198206550858592,-0.03605552291545655,0.6196941207517586,-0.04277390404698592,0.608313562348485,31,0.927501411927041,1.0,1.0
pleasant,coh_OP_alpha,0.9724456313581833,-0.011438413882142947,0.929759700667595,-0.004050633613263007,0.7498410120606422,31,0.9923239149100676,1.0,1.0
pleasant,icoh_OP_alpha,0.20356310232851726,-0.01315868228202373,0.5823543947449789,0.009406457803489407,0.9922946002334356,31,0.7652010593553902,1.0,1.0
pleasant,coh_OP_beta,0.7420527814762967,0.03746161388171144,0.35673576693571474,-0.0347846356498463,0.635700810700655,31,0.9382795048454087,1.0,1.0
pleasant,icoh_OP_beta,0.4219106152289085,0.057143704761350056,0.3437469369743835,0.07834572027409115,0.3081742124632001,31,0.8790391449176591,1.0,0.9567199431693376
pleasant,coh_OP_gamma,0.5663853711187844,0.08537192784705595,0.7232499799197054,0.013305273123169249,0.5551384268328547,31,0.9215761970746323,1.0,1.0
pleasant,icoh_OP_gamma,0.0873378037212704,-0.11472175895236893,0.7450541106870581,-0.033100455967789065,0.42137710005044937,31,0.6526801140367992,1.0,0.9978721458500205
pleasant,coh_OT_delta,0.5632191655678549,-0.030876495032727377,0.7280177575404885,-0.034367650036368574,0.4102047085762024,31,0.9224376884890851,1.0,0.9998739771544933
pleasant,icoh_OT_delta,0.8016941819384792,-0.02268782337160408,0.7755258913115713,-0.004447072966701107,0.9000833509489894,31,0.9565146644925641,1.0,1.0
pleasant,coh_OT_theta,0.8353598918835917,-0.015031815154065209,0.9839441446233982,-0.011140117234269364,1.0,31,0.9617427537552791,0.99915564889341,1.0
pleasant,icoh_OT_theta,0.8180302541285925,-0.005789145319246912,0.49049287625015814,-0.02929740678731465,0.5042768456041813,31,0.9550063210032587,1.0,1.0
pleasant,coh_OT_alpha,0.20996270270203676,-0.08946161645165815,0.7586307061446051,-0.017439275350211083,0.9922946002334356,31,0.7661796870530465,1.0,1.0
pleasant,icoh_OT_alpha,0.36996033268108186,0.011651506571264993,0.42539843954470913,0.02572685301974142,0.8392556216567755,31,0.8662485838386307,1.0,1.0
pleasant,coh_OT_beta,0.6987725431997209,-0.009674158839369132,0.7742639604007192,-0.0425464166225867,0.25557575561106205,31,0.9287200574156035,1.0,0.9549656976125911
pleasant,icoh_OT_beta,0.9608713707279768,-0.0116302025074669,0.46222533057464754,0.01720682485282668,0.6219436237588525,31,0.9845381532582226,1.0,1.0
pleasant,coh_OT_gamma,0.6832341119903202,0.0250623832195672,0.8727461327328265,-0.0072866406821860815,0.5042768456041813,31,0.931886526517945,1.0,1.0
pleasant,icoh_OT_gamma,0.4210990308001171,-0.050175613049633486,0.6575306854125067,-0.030760158737929783,0.7645525922998786,31,0.880287421170094,1.0,1.0
pleasant,coh_PT_delta,0.7238962225244844,0.03724120502312694,0.6710331312081834,-0.02010078680344135,0.49194561038166285,31,0.9371602548864695,1.0,1.0
pleasant,icoh_PT_delta,0.4610779877923421,0.07247903138629296,0.310532921960739,0.07434829089660366,0.5042768456041813,31,0.899102076195067,1.0,1.0
pleasant,coh_PT_theta,0.7832845847188242,0.004770124766321411,0.8356340173819408,-0.04596207564953931,0.5948144253343344,31,0.9417525642862163,1.0,1.0
pleasant,icoh_PT_theta,0.6522244145882604,0.03106806484818851,0.2140830361451278,-0.04101744549874072,0.2240869216620922,31,0.9281369092430434,1.0,0.9952330186273703
pleasant,coh_PT_alpha,0.6803138412164069,-0.020986308458855237,0.8259053919169985,0.0019875049409136454,0.8543895706534386,31,0.9330018393825009,1.0,1.0
pleasant,icoh_PT_alpha,0.3162655423254417,-0.03472137279368028,0.9344376936597634,0.006753508253906535,0.8241792023181915,31,0.8433747795345112,1.0,1.0
pleasant,coh_PT_beta,0.698079200740191,-0.035747511035191665,0.6600860298614446,-0.05773684016940741,0.12031982094049454,31,0.9287876785967574,1.0,0.9814322649263868
pleasant,icoh_PT_beta,0.6630639793617746,-0.026942789482769354,0.7053364938123787,0.020880580502861432,0.7942198486998677,31,0.926656042825862,1.0,1.0
pleasant,coh_PT_gamma,0.5526750126778287,0.03450287947693701,0.9323790881834374,-0.010024485238755381,0.3271495960652828,31,0.9196512210959069,1.0,0.9814487881958485
pleasant,icoh_PT_gamma,0.09715717356378044,-0.11572749030545268,0.5108502227982022,-0.06312637721235113,0.43272085953503847,31,0.6662206187230659,1.0,1.0
pleasant,asym_F4F3_delta,0.1325804650482338,-0.09314885248897088,0.2984513759136518,-0.05153586807250153,0.1953968871384859,31,0.6981452336717121,1.0,0.9994070292984853
pleasant,asym_F4F3_theta,0.07305132545763508,-0.11864151741274157,0.3721696712224003,-0.05223267136603067,0.14060599450021982,31,0.6420285505009056,1.0,1.0
pleasant,asym_F4F3_alpha,0.5559694556697086,0.017138531505155083,0.867372314060467,-0.015601587064841,0.9000833509489894,31,0.9226727136646227,1.0,1.0
pleasant,asym_F4F3_beta,0.8373718259371192,0.006895534606607742,0.48606173166973565,-0.024231310028165746,0.691920786164701,31,0.9622836452758055,1.0,1.0
pleasant,asym_F4F3_gamma,0.4228586218239211,0.07417169898047213,0.7543350893905983,0.0064761186321164,0.18865238688886166,31,0.8751700829788616,1.0,0.9809924118220806
pleasant,asym_F8F7_delta,0.23350567699195335,-0.040706673559315905,0.9449243755556034,0.03917534734561032,0.8848088048398495,31,0.7771068930292206,1.0,1.0
pleasant,asym_F8F7_theta,0.11048094176945085,-0.06653004429400917,0.454521920681882,0.03961570939908307,0.4102047085762024,31,0.6597139489391132,1.0,0.9979249050742701
pleasant,asym_F8F7_alpha,0.27966181533373413,0.08759021402987408,0.9222800242929087,0.027855636976460926,0.608313562348485,31,0.8212186953800005,1.0,1.0
pleasant,asym_F8F7_beta,0.3734708765665985,-0.0444011414780476,0.8387599300397683,0.05091138669710772,0.16942174453288317,31,0.8679546628586869,1.0,0.9973506470615009
pleasant,asym_F8F7_gamma,0.4343316459578356,-0.029878623973837226,0.905290380426658,0.03945262495953894,0.336907590739429,31,0.8799446333691215,1.0,0.9846854174304622
pleasant,asym_T4T3_delta,0.008658682706637399,0.17182434606823468,0.09209538172520615,0.12190409539935904,0.00806064996868372,31,0.5145731437087369,1.0,0.8383075967431068
pleasant,asym_T4T3_theta,0.6382758120929457,0.012174206820975081,0.5081307490643289,0.033565277033830256,0.20231117121875286,31,0.9305703428644816,1.0,0.9979618248261011
pleasant,asym_T4T3_alpha,0.13710083135868212,0.12432179252088309,0.7992479693825156,0.03795701173496558,0.15165852662175894,31,0.7070323865108896,1.0,0.9961570590734482
pleasant,asym_T4T3_beta,0.8472637840204537,0.039398965726395604,0.7211343978503406,-0.03422546611056905,0.8543895706534386,31,0.9656485867192021,1.0,1.0
pleasant,asym_T4T3_gamma,0.49078135088024577,0.038928347969934315,0.8690394071084308,-0.0035185129844373586,0.43272085953503847,31,0.9100967695372165,1.0,0.9982174356741738
pleasant,asym_T6T5_delta,0.9797293438078395,-0.006623016766184115,0.857382392394975,-0.0009189217412848504,0.1953968871384859,31,0.9948756884232577,1.0,0.9953278169340017
pleasant,asym_T6T5_theta,0.1437177074121157,-0.11390633995206169,0.799066150578631,0.003932542659725919,0.336907590739429,31,0.7117448367076207,1.0,0.982384750567307
pleasant,asym_T6T5_alpha,0.026842897927762087,0.10645185001540246,0.04667310319905719,0.09321054863083925,0.03742977511137724,31,0.5153836402130321,1.0,1.0
pleasant,asym_T6T5_beta,0.13131891515096966,-0.06521745577696,0.2793005866603807,-0.06151430202171198,0.7942198486998677,31,0.6973872600357878,1.0,1.0
pleasant,asym_T6T5_gamma,0.31097994691611675,-0.030289553668450424,0.038718788252014476,-0.08611317401782717,0.1820761300623417,31,0.843702116850682,1.0,1.0
pleasant,asym_P4P3_delta,0.6593297697136388,0.029359300913144825,0.4153539007587824,-0.0627047112665438,0.6635807873681188,31,0.9255832987656032,1.0,1.0
pleasant,asym_P4P3_theta,0.05814393194509867,-0.15291878297040543,0.20595140516221278,-0.0638998419843863,0.5421982295811176,31,0.594783828421993,1.0,1.0
pleasant,asym_P4P3_alpha,0.2515267199078327,0.05522613984930118,0.26633217792626995,0.06920929960581126,0.07933946698904037,31,0.7987413395546443,1.0,0.9803530178447761
pleasant,asym_P4P3_beta,0.6556040313992069,-0.04821210806059821,0.7436295086341447,-0.006010282703392076,0.6776954075321555,31,0.9287103645700456,1.0,1.0
pleasant,asym_P4P3_gamma,0.7202130052400219,0.08088661867477089,0.8021585440612573,-0.001716816153662107,0.34684528410434723,31,0.9333601563235174,1.0,0.9815485590980166
pleasant,asym_O2O1_delta,0.6175095765655447,-0.04676632513561081,0.46653628899736554,-0.060965273058761475,0.5948144253343344,31,0.9296163468682748,1.0,1.0
pleasant,asym_O2O1_theta,0.277376692028253,-0.1267608104628924,0.5886665399819756,-0.05601352531553156,0.608313562348485,31,0.8164295086114616,1.0,1.0
pleasant,asym_O2O1_alpha,0.059745355169632974,0.12555865255607912,0.12135595413403567,0.0950462303551152,0.0726527813822031,31,0.5917635178706505,1.0,1.0
pleasant,asym_O2O1_beta,0.9133806828878571,0.08179526644200255,0.9651740804784703,0.029361792129377166,0.9768865816295147,31,0.9751061524756593,1.0,1.0
pleasant,asym_O2O1_gamma,0.7639236629467474,0.056686510897047404,0.33188448830425954,-0.03597391155057516,0.12516957335174084,31,0.93285394457685,1.0,0.9763226721435785
energetic,delta_frontal,0.8307654799706548,0.004662291988485643,0.8142328661706972,-0.018695925896180184,0.8241792023181915,31,0.9617767337693667,1.0,1.0
energetic,delta_central,0.37396552807581185,-0.05283663863040744,0.5795725097318578,-0.03056844831545319,0.9922946002334356,31,0.8674888086219575,1.0,1.0
energetic,delta_temporal,0.7161122586155843,-0.027219317887557187,0.37194761538176135,-0.05366507562132571,0.5551384268328547,31,0.9309459362002596,1.0,1.0
energetic,delta_parietal,0.9323281261717694,-0.018015106811702913,0.7793920835932715,-0.03495767881194085,0.9614869365468621,31,0.9802405235571763,1.0,1.0
energetic,delta_occipital,0.502221499372197,0.011723359980276422,0.745372894875217,-0.007871973873796586,1.0,31,0.9070512752771371,1.0,1.0
energetic,theta_frontal,0.7094378646598436,0.017335036606576357,0.4191642431293813,0.020930054158165325,0.608313562348485,31,0.9319773211531419,1.0,1.0
energetic,theta_central,0.5971394866212825,0.05263535156072859,0.9358229622473255,0.008515692651927675,0.9614869365468621,31,0.9280573839394278,1.0,1.0
energetic,theta_temporal,0.7552758111458476,-0.0016730035542240871,0.7993076741777415,-0.006619692181013204,0.9614869365468621,31,0.9407028066966246,1.0,1.0
energetic,theta_parietal,0.49969039354041367,0.03448513013686951,0.6710782949815514,0.0023084924265568117,0.691920786164701,31,0.907734514029747,1.0,1.0
energetic,theta_occipital,0.6439899935999676,0.0164646073681967,0.9012030859602912,-0.005680643502873613,0.7206862810999155,31,0.9248555949513919,1.0,1.0
energetic,alpha_frontal,0.08402643873084563,0.07504695359694509,0.3157879532034431,0.04783575722619208,0.608313562348485,31,0.655406222100596,1.0,1.0
energetic,alpha_central,0.05113631126546154,0.0851966877386723,0.15550923816934556,0.06008036019531416,0.5421982295811176,31,0.5801646950845091,1.0,1.0
energetic,alpha_temporal,0.32913838035355325,0.05812340359122761,0.4824480567060724,0.036855492782576264,0.2240869216620922,31,0.853980662538949,1.0,0.9917038235258548
energetic,alpha_parietal,0.32667955347994526,0.07490792052402989,0.3444913324756932,0.0691336533639683,0.3672574386000633,31,0.8565043755104447,1.0,0.9899293377383996
energetic,alpha_occipital,0.5959322813865396,-0.00012490604326211358,0.6096016990568569,-0.03774868567515202,0.635700810700655,31,0.9284937417857696,1.0,1.0
energetic,beta_frontal,0.19838246097426782,-0.07019301350396755,0.6037529372659334,-0.02370795061357796,0.7942198486998677,31,0.7571293923421597,1.0,1.0
energetic,beta_central,0.7556538241653901,-0.014661806907809822,0.924534825339897,-0.014207825680621754,0.9922946002334356,31,0.9402352667581324,1.0,1.0
energetic,beta_temporal,0.8143207469552182,-0.0009639134506002422,0.5974013914512346,0.0439794237049273,0.8241792023181915,31,0.9551431317670228,1.0,1.0
energetic,beta_parietal,0.2880617691257684,-0.07088365628159891,0.7926539268745787,-0.03108252148288292,0.4797733975574374,31,0.8245437795159609,1.0,1.0
energetic,beta_occipital,0.5667941234054172,-0.013288668060922442,0.8231024196300675,0.030415606621622255,0.9307350646704435,31,0.9210404505338031,1.0,1.0
energetic,gamma_frontal,0.3689090236310303,-0.06832174092851732,0.5923070695019529,-0.017520107685493027,0.7942198486998677,31,0.8654106419013643,1.0,1.0
energetic,gamma_central,0.8058397264397812,-0.01666417657978447,0.5839191820768552,0.007092655525022278,0.5948144253343344,31,0.9577980748541399,1.0,1.0
energetic,gamma_temporal,0.40505628845455055,-0.005812475821526312,0.6736688841266809,0.05181830729205054,0.4797733975574374,31,0.8853069141703661,1.0,1.0
energetic,gamma_parietal,0.21390192142840825,-0.08489830939739695,0.8415033867837671,0.003141334081486881,0.9000833509489894,31,0.7648985614402679,1.0,1.0
energetic,gamma_occipital,0.6561616840482885,-0.044966928009178356,0.12018673928720855,0.08066391139627963,0.1820761300623417,31,0.9273949962539796,1.0,0.9966272382359755
energetic,faa,0.49606382651210623,-0.05252608504399872,0.8727596079404603,-0.02940169179855376,0.608313562348485,31,0.911763851969232,1.0,1.0
energetic,coh_CF_delta,0.8480637501584566,-0.016096268325777575,0.6415736849304784,0.03638067531237294,0.7206862810999155,31,0.9656784308373667,1.0,1.0
energetic,icoh_CF_delta,0.7035237138197756,-0.010330675030796859,0.5704081177443945,-0.010141616647200369,0.3672574386000633,31,0.931068499307614,1.0,0.9877958693381014
energetic,coh_CF_theta,0.165024005785389,-0.10935032468932497,0.7107094612981051,-0.03488408290266176,0.9000833509489894,31,0.7201047525180612,1.0,1.0
energetic,icoh_CF_theta,0.4907286433890786,0.046636433730609425,0.3463064658930489,-0.10544483435374111,0.04136332217603922,31,0.9113531948654318,1.0,1.0
energetic,coh_CF_alpha,0.473681097628341,-0.004346930149070141,0.44865608911436483,0.008351927797905402,0.6776954075321555,31,0.8997777927552049,1.0,1.0
energetic,icoh_CF_alpha,0.27572019173818163,0.1250645245411181,0.18610440064279,0.12427944712369209,0.49194561038166285,31,0.8212381844612188,1.0,1.0
energetic,coh_CF_beta,0.35528900340271363,-0.051962563390281415,0.7082552650602585,-0.03330121545899398,0.25557575561106205,31,0.8526936081665127,1.0,0.9521150537391208
energetic,icoh_CF_beta,0.6972595291114005,0.0319945954475923,0.7605859418131455,0.027610544288867857,0.9307350646704435,31,0.930673681637463,1.0,1.0
energetic,coh_CF_gamma,0.40505628845455055,0.025494021527853118,0.8617847486013415,-0.007783391795230891,0.8543895706534386,31,0.8837591748099285,1.0,1.0
energetic,icoh_CF_gamma,0.141715326540736,0.1164692192781425,0.9543947436706101,0.05660014159546716,0.4559155162423849,31,0.7131480948501553,1.0,1.0
energetic,coh_CO_delta,0.3455392863074691,-0.05893028511755599,0.7272098598572523,0.026189159825551492,0.9768865816295147,31,0.8573221258682335,1.0,1.0
energetic,icoh_CO_delta,0.9299562120291256,-0.01421971556610659,0.1932966917860376,-0.10719141149481362,0.052696118131279945,31,0.9793969220357374,1.0,0.967128756291726
energetic,coh_CO_theta,0.3380891753922336,-0.05682287670758094,0.9918049346349898,0.0022531396677533985,0.5814498504623771,31,0.8575920546534707,0.9998162830569202,1.0
energetic,icoh_CO_theta,0.3117019239675437,0.07528458674175534,0.6820218970086043,-0.008363141131367356,0.3081742124632001,31,0.843826466619294,1.0,0.9543459482731358
energetic,coh_CO_alpha,0.21298693511828093,-0.06740112894701951,0.6554344690069638,0.005050164759396677,0.6635807873681188,31,0.7638152155965937,1.0,1.0
energetic,icoh_CO_alpha,0.46558500410305126,0.04630654343144803,0.457359569514347,0.07963919915510483,0.5042768456041813,31,0.8994583361000122,1.0,1.0
energetic,coh_CO_beta,0.13725448038746305,-0.08799687339287543,0.32380614689236675,-0.06714502784573975,0.691920786164701,31,0.7020229160801389,1.0,1.0
energetic,icoh_CO_beta,0.763036667574761,0.029124784383391868,0.7942181762552779,0.029757230556889978,0.42137710005044937,31,0.9354319853961707,1.0,0.9959822364828803
energetic,coh_CO_gamma,0.19777581304220737,-0.07881728153827598,0.30838279786366096,-0.06133942137719702,0.4797733975574374,31,0.7689227871547502,1.0,1.0
energetic,icoh_CO_gamma,0.22188803386218603,0.10405577158940318,0.7517160274287947,0.04010986590809753,0.4797733975574374,31,0.7713545021170144,1.0,1.0
energetic,coh_CP_delta,0.28056850007549206,-0.05740606330508046,0.9794636566203127,0.019720234251292774,1.0,31,0.820022220361157,1.0,1.0
energetic,icoh_CP_delta,0.979666318261956,-0.021406485658880835,0.3704553088112206,-0.08448088693797001,0.24743753485381603,31,0.9956217957580792,1.0,0.959012557445846
energetic,coh_CP_theta,0.6327977643410072,-0.020485146227431774,0.8657726354510116,0.020886284199637072,0.34684528410434723,31,0.9290960116442082,1.0,0.9793278610005098
energetic,icoh_CP_theta,0.032309859419782955,0.10088642356635451,0.36721229620273665,0.03617127806765581,0.8241792023181915,31,0.5449014129174206,1.0,1.0
energetic,coh_CP_alpha,0.11098951897995406,-0.09040825525392285,0.5269765295779246,-0.01843346685326054,0.9614869365468621,31,0.6564688136823823,1.0,1.0
energetic,icoh_CP_alpha,0.21454409681975017,0.09611396782882643,0.619762930326577,0.08647012018015067,0.8848088048398495,31,0.7650029509458521,1.0,1.0
energetic,coh_CP_beta,0.34464994363461576,-0.04867063133452137,0.4008633001113856,-0.03869289726078446,0.8848088048398495,31,0.8568189833784869,1.0,1.0
energetic,icoh_CP_beta,0.8966274969594622,0.007838385032654093,0.8203405235556291,0.02526218173404865,0.9614869365468621,31,0.9721903702914064,1.0,1.0
energetic,coh_CP_gamma,0.49229460650923507,-0.059870604905994426,0.2584948872769519,-0.06537982723850085,0.2899207631126046,31,0.9101980280348525,1.0,0.9571987099590755
energetic,icoh_CP_gamma,0.04944246765504046,0.1271328859936613,0.15127354634475915,0.07160039611130055,0.24743753485381603,31,0.5876590441284809,1.0,0.9560434783206266
energetic,coh_CT_delta,0.3547715726661601,-0.05999822823914793,0.5195491603270755,0.04611777929256918,0.7062525749206543,31,0.8530923365845238,1.0,1.0
energetic,icoh_CT_delta,0.27968270977345344,0.03357291942309356,0.786210279954679,-0.02337783132130395,0.14060599450021982,31,0.8193521638433566,1.0,0.9970243246379223
energetic,coh_CT_theta,0.14252591521903327,-0.09574573715905076,0.7879662068243579,-0.017757115149456576,0.7206862810999155,31,0.7114893687734141,1.0,1.0
energetic,icoh_CT_theta,0.3796039209210138,0.06982460498176049,0.6483064833303556,-0.03265527511767065,0.4559155162423849,31,0.8724598403488494,1.0,1.0
energetic,coh_CT_alpha,0.4153740076252894,-0.07021332039506713,0.07190208734757063,-0.09211742708825321,0.9614869365468621,31,0.8786216296887477,1.0,1.0
energetic,icoh_CT_alpha,0.8695442976579598,0.005670546435343259,0.05076928890502317,0.11785355690875696,0.635700810700655,31,0.9758914419758398,1.0,1.0
energetic,coh_CT_beta,0.7649332116630586,-0.01699690371345558,0.1406586947277798,-0.08817831941447869,0.6219436237588525,31,0.9322623517143527,1.0,1.0
energetic,icoh_CT_beta,0.7011261798578206,0.020042528345260047,0.5628527952102382,0.04107612840536304,0.4677626034244895,31,0.9288805440154566,1.0,1.0
energetic,coh_CT_gamma,0.2301820658333682,0.07185953338116992,0.249104611031019,-0.08959608627117129,0.4559155162423849,31,0.7722237047312998,1.0,1.0
energetic,icoh_CT_gamma,0.5085788164599971,0.035426026310111484,0.38818956842907526,0.039682085674307095,0.9307350646704435,31,0.9067233756315378,1.0,1.0
energetic,coh_FO_delta,0.9115965639559401,0.0030700699019113524,0.7375160601581019,0.032973618802399705,0.8543895706534386,31,0.9765429285982946,1.0,1.0
energetic,icoh_FO_delta,0.9212646745326182,0.01443439205687874,0.3895855858623106,-0.04450202208185574,0.2989572202786803,31,0.9768379896488594,1.0,0.9591223930791595
energetic,coh_FO_theta,0.4971660755985454,-0.07482786066806581,0.9970659192761174,-0.023905271342470544,0.6776954075321555,31,0.9084381586339454,0.9994684877563008,1.0
energetic,icoh_FO_theta,0.22567440739832545,0.10603121080422624,0.7897232119519992,0.011153721302361244,1.0,31,0.7737408253656872,1.0,1.0
energetic,coh_FO_alpha,0.7473512017277106,-0.045816804773874495,0.9120550400729653,-0.02447352099934119,0.7645525922998786,31,0.940216027980023,1.0,1.0
energetic,icoh_FO_alpha,0.6846105433551621,0.05816463017784021,0.8367460273442675,0.015301901792938446,0.7062525749206543,31,0.9327444957502646,1.0,1.0
energetic,coh_FO_beta,0.5880270451073393,0.010468625702136641,0.9879605812755351,-0.029021050939240067,0.7206862810999155,31,0.9207750969811285,0.9983601663415933,1.0
energetic,icoh_FO_beta,0.3274159453940123,0.06995428943444398,0.23853810152145705,0.08549086954785777,0.4797733975574374,31,0.8566354294585479,1.0,1.0
energetic,coh_FO_gamma,0.8313472837618728,-0.02850354653124454,0.6285565503796764,-0.028195679848593905,0.09026811271905899,31,0.9606679723470529,1.0,0.9547000396049629
energetic,icoh_FO_gamma,0.18353898506164046,0.10374423351350463,0.9016046938111333,-0.012746133402756061,0.9768865816295147,31,0.753475833410945,1.0,1.0
energetic,coh_FP_delta,0.9390517440856463,0.00110533723326817,0.6312591232549487,0.04543079072860035,0.6495812004432082,31,0.9790614675178668,1.0,1.0
energetic,icoh_FP_delta,0.40519658394110647,-0.03193072903672909,0.40815411752900344,-0.0413918224083393,0.23947724793106318,31,0.8825224027198968,1.0,0.9863617340526959
energetic,coh_FP_theta,0.412106584448097,-0.08484456989831436,0.7405789316978579,-0.012265864100602784,0.3777303956449032,31,0.8761652766460394,1.0,0.9862082296335547
energetic,icoh_FP_theta,0.3545130358021856,0.07644925851599418,0.860190573912279,-0.03943414211228451,0.23947724793106318,31,0.8541163488052658,1.0,0.9831171230854172
energetic,coh_FP_alpha,0.896037331332489,-0.019539260448894494,0.48943243340275766,0.0341693387152857,0.7942198486998677,31,0.9732415922566982,1.0,1.0
energetic,icoh_FP_alpha,0.40603896662218564,0.07230536194015201,0.8306099542583861,0.015456064147483552,0.6776954075321555,31,0.8797510943480689,1.0,1.0
energetic,coh_FP_beta,0.5732099295464912,0.014700324226445327,0.8737585707795942,-0.02401533678071015,0.9000833509489894,31,0.9206769524762176,1.0,1.0
energetic,icoh_FP_beta,0.141715326540736,0.08356367133209074,0.21225938318603432,0.07662930381054169,0.5421982295811176,31,0.7102840462764599,1.0,1.0
energetic,coh_FP_gamma,0.7454682838966276,-0.02603761843462551,0.9552028478535385,-0.0290694038769771,0.25557575561106205,31,0.9387935603461062,1.0,0.9492813779839447
energetic,icoh_FP_gamma,0.2283521712580142,0.09871232314083331,0.49342495113269014,-0.02386700932366329,0.9153939224779606,31,0.7723130344986497,1.0,1.0
energetic,coh_FT_delta,0.6388277837473513,0.014918341815531594,0.7856252120772484,0.004665393769825605,0.5814498504623771,31,0.9302883011863412,1.0,1.0
energetic,icoh_FT_delta,0.5835804208088113,-0.007718182917653227,0.5331238203951747,-0.02077536622388945,0.3672574386000633,31,0.920743824487227,1.0,0.9856715771459764
energetic,coh_FT_theta,0.4186566860668315,-0.058745709335919855,0.4074358581206766,-0.06430384735588099,0.9768865816295147,31,0.8781236037166483,1.0,1.0
energetic,icoh_FT_theta,0.4341277454892868,0.08603366936622968,0.7048621474468866,-0.0410149336165431,0.5167645234614611,31,0.8809616688953331,1.0,1.0
energetic,coh_FT_alpha,0.302516198108987,0.046263008822221244,0.6448454636866539,0.015150976761178154,0.8695757398381829,31,0.8334221086976065,1.0,1.0
energetic,icoh_FT_alpha,0.129348035959022,0.11173645817843977,0.7338843101507534,0.026576680724287698,0.9461012529209256,31,0.6958032279174977,1.0,1.0
energetic,coh_FT_beta,0.8519614067097245,0.006759320441543652,0.4918258543740166,-0.04571415214908286,0.42137710005044937,31,0.9665889414306693,1.0,0.9940994723307388
energetic,icoh_FT_beta,0.5764306976736551,0.03151940678132425,0.18283316941087302,0.08600826846809324,0.5814498504623771,31,0.9234730560933524,1.0,1.0
energetic,coh_FT_gamma,0.5339331709553177,0.0063930998969137405,0.9519707157191645,-0.007827337854102334,0.7062525749206543,31,0.914058432581943,1.0,1.0
energetic,icoh_FT_gamma,0.3283994761799418,0.09231836989811809,0.27109819800784096,0.07441458432020569,0.4559155162423849,31,0.8556211821974267,1.0,1.0
energetic,coh_OP_delta,0.29043793474184343,-0.0832436891088749,0.8957838964191976,0.008451022420505211,0.691920786164701,31,0.8219195976367815,1.0,1.0
energetic,icoh_OP_delta,0.8121984087030785,0.03975963181669562,0.6510442494967676,-0.019520739887364934,0.3883800162002444,31,0.9553474213585692,1.0,0.9811705672427228
energetic,coh_OP_theta,0.12179994516919483,-0.08364138163297012,0.45689914074252214,-0.03624344920869553,0.7206862810999155,31,0.6847132052754736,1.0,1.0
energetic,icoh_OP_theta,0.6141558070292117,0.03351511367478413,0.5993389176777806,0.03628889832046984,0.5948144253343344,31,0.930177727151039,1.0,1.0
energetic,coh_OP_alpha,0.6637256183343622,0.004964762868441289,0.5235036913182661,-0.03750418476255355,0.25557575561106205,31,0.9265431450573646,1.0,0.9464645192955651
energetic,icoh_OP_alpha,0.763984762625026,0.018527920483286546,0.5818308849255611,0.06746219397978107,0.6635807873681188,31,0.9320166019120553,1.0,1.0
energetic,coh_OP_beta,0.3296315812294628,-0.045465078530713625,0.23985401696390718,-0.07753705334242703,0.5948144253343344,31,0.8534859198638372,1.0,1.0
energetic,icoh_OP_beta,0.06372425584216751,0.10933814963951992,0.16859962321007815,0.0910188702396915,0.2989572202786803,31,0.6024838734168565,1.0,0.9566631048917771
energetic,coh_OP_gamma,0.18992851413676504,-0.06499722191175834,0.273535193439997,-0.09233069615079897,0.04345365799963474,31,0.7621568670182726,1.0,1.0
energetic,icoh_OP_gamma,0.36402665966331493,0.043275459609848056,0.06187399828891692,0.11647197428132999,0.08650196995586157,31,0.863698234334253,1.0,0.9814041682265021
energetic,coh_OT_delta,0.24864780771125672,-0.0920814200795166,0.9697557940602538,0.031493926428240795,0.4677626034244895,31,0.7936380154057503,1.0,1.0
energetic,icoh_OT_delta,0.050870331532258097,0.1454064280943275,0.17207753561710737,0.09649682409371207,0.12031982094049454,31,0.5824419610298909,1.0,0.9750593281411505
energetic,coh_OT_theta,0.20143611896777802,-0.08270145917493762,0.8685661973719763,0.02630044699816022,0.5421982295811176,31,0.7641102628321792,1.0,1.0
energetic,icoh_OT_theta,0.2337754149736223,0.06799264120781406,0.8197489771852431,-0.02300789614748714,0.49194561038166285,31,0.7759354199124485,1.0,1.0
energetic,coh_OT_alpha,0.10568826837566835,-0.11155517383199076,0.521359738365632,-0.0365591942189409,0.6635807873681188,31,0.6764049176042773,1.0,1.0
energetic,icoh_OT_alpha,0.48185400048290017,0.025045176941461734,0.7903091184726166,-0.003055673928375828,0.4797733975574374,31,0.9015798989545118,1.0,1.0
energetic,coh_OT_beta,0.7498012490493576,-0.022658285303873208,0.19208400387145463,-0.07049769159413147,0.9153939224779606,31,0.9395099988088337,1.0,1.0
energetic,icoh_OT_beta,0.061827385976170435,0.12678906404547916,0.041689286689493885,0.12937818891589659,0.3883800162002444,31,0.5981440131648117,1.0,0.9791884044806163
energetic,coh_OT_gamma,0.6438116983042244,-0.04009011817873462,0.14494565201516305,-0.0931428531336786,0.3672574386000633,31,0.9256647459489309,1.0,0.9835564020877232
energetic,icoh_OT_gamma,0.7689205330249721,0.04115423281121259,0.5040484497297899,0.06631480567640992,0.6635807873681188,31,0.9352951512818375,1.0,1.0
energetic,coh_PT_delta,0.3119398483446555,-0.07973114982685409,0.7534489082596718,0.03448607583963327,0.7498410120606422,31,0.8426427072167317,1.0,1.0
energetic,icoh_PT_delta,0.29500035840217265,0.0793295912959671,0.4028568705218257,0.06738647054221165,0.16334008984267712,31,0.8236251617134485,1.0,1.0
energetic,coh_PT_theta,0.07105607253500447,-0.11027892190813522,0.7400043282824456,-0.003915782083767297,0.8543895706534386,31,0.6334141323120399,1.0,1.0
energetic,icoh_PT_theta,0.10558111566408997,0.10104286027252696,0.4987216637430818,0.028498273889664992,0.7942198486998677,31,0.6827214111335973,1.0,1.0
energetic,coh_PT_alpha,0.15839159190443586,-0.0990553897438962,0.04565520670118821,-0.12385911466873982,0.49194561038166285,31,0.71105290178682,1.0,1.0
energetic,icoh_PT_alpha,0.44679844154112036,0.02903737130774825,0.38305085616873,0.05773119584560716,0.9307350646704435,31,0.8879051831899972,1.0,1.0
energetic,coh_PT_beta,0.37010275673773796,-0.0480082254911274,0.09022041986684834,-0.08985234078819468,1.0,31,0.8649592517016796,1.0,1.0
energetic,icoh_PT_beta,0.08961145665998743,0.10822086437485459,0.028539580443112993,0.13925477288902408,0.35696212109178305,31,0.6502040576259553,1.0,0.9705636756482467
energetic,coh_PT_gamma,0.6493483408727619,-0.034461244371263744,0.09177256401117372,-0.11064183808440041,0.444234280847013,31,0.9293425795977143,1.0,1.0
energetic,icoh_PT_gamma,0.39503150028508105,0.046510463828730655,0.05416337218162251,0.12768453351236533,0.2989572202786803,31,0.8787866530406081,1.0,0.954216396183614
energetic,asym_F4F3_delta,0.44828531238319447,0.052732363410133744,0.6753363114888996,-0.04783032146006516,0.4102047085762024,31,0.8894436722642715,1.0,0.9959834169321024
energetic,asym_F4F3_theta,0.39793978780261563,0.05920253135090417,0.47066878661168554,-0.05212516781753126,0.8091655615717173,31,0.8805476155632346,1.0,1.0
energetic,asym_F4F3_alpha,0.2569004896130752,0.06599861003775122,0.19776189592311288,-0.09132337623752315,0.8848088048398495,31,0.8096257854472674,1.0,1.0
energetic,asym_F4F3_beta,0.2601489547624303,0.06767856201291036,0.1933835270533807,-0.06804862925563025,0.5682233804836869,31,0.8177982255504106,1.0,1.0
energetic,asym_F4F3_gamma,0.9240291938594402,0.01960986766919138,0.1110929771023116,-0.09159875467807166,0.28106469474732876,31,0.9772783338445604,1.0,0.9480236190396386
energetic,asym_F8F7_delta,0.9945440738496325,-0.027250389647239963,0.9346128612687528,-0.04102620839158876,0.26389263197779655,31,0.9977419647623323,1.0,0.9436619046082811
energetic,asym_F8F7_theta,0.6615609524536836,0.0032327451087029216,0.5309598358214811,-0.0532645990865429,0.23947724793106318,31,0.926630829026035,1.0,0.979893788255629
energetic,asym_F8F7_alpha,0.5499109404850507,-0.002044793629054219,0.7367509909104213,-0.046396455695736395,0.7793471785262227,31,0.9224312550071818,1.0,1.0
energetic,asym_F8F7_beta,0.36864407521375764,0.0053285658819899285,0.2262419765452508,0.035667191970800316,0.8241792023181915,31,0.866417713496741,1.0,1.0
energetic,asym_F8F7_gamma,0.4769102684960118,-0.055347248051760195,0.5393071671097684,0.03322642195282339,0.5814498504623771,31,0.9017939622470041,1.0,1.0
energetic,asym_T4T3_delta,0.7826372097658952,-0.040143758270605796,0.28377429029086765,-0.06557700074431597,0.9768865816295147,31,0.9418816179246261,1.0,1.0
energetic,asym_T4T3_theta,0.8903354106322284,-0.011891383624044924,0.326674849628254,-0.034855564503551865,0.6219436237588525,31,0.9746829758500184,1.0,1.0
energetic,asym_T4T3_alpha,0.8148998038004096,0.012840000389962362,0.8114782427898076,0.008499745007918454,0.09026811271905899,31,0.9540290385956015,1.0,0.9466773501965178
energetic,asym_T4T3_beta,0.0620706087221953,-0.13260512593303722,0.551780675444276,-0.02967429224018919,0.21665488090366125,31,0.5958778437330748,1.0,0.994063571205034
energetic,asym_T4T3_gamma,0.08555383039390912,-0.11908729539089802,0.8869631468136834,0.011361703175285575,0.1756664952263236,31,0.6590813600715962,1.0,1.0
energetic,asym_T6T5_delta,0.7622784473014693,-0.03658397156709982,0.8199461479306919,-0.03132877116926879,0.9768865816295147,31,0.9363420297561356,1.0,1.0
energetic,asym_T6T5_theta,0.6868041441806318,-0.03180434536652655,0.0026041028048481144,-0.1816267928672849,0.000541122630238533,31,0.9286365893146572,0.8124800751126117,0.3376605212688446
energetic,asym_T6T5_alpha,0.6222160578001062,0.04599800458173215,0.9539907091074888,0.00511772464779768,0.20231117121875286,31,0.9277486739958574,1.0,0.9940328412637935
energetic,asym_T6T5_beta,0.3925489392414854,-0.001087136281789106,0.8444796894069242,0.025355584704777848,0.6635807873681188,31,0.8811170434772909,1.0,1.0
energetic,asym_T6T5_gamma,0.07876890343162234,-0.050284689019670106,0.816004911584559,0.03480710576899895,0.7942198486998677,31,0.646734154491215,1.0,1.0
energetic,asym_P4P3_delta,0.9098221673628745,-0.015326702456206974,0.7828965010955693,-0.06048349107022402,0.9922946002334356,31,0.9763181985114938,1.0,1.0
energetic,asym_P4P3_theta,0.13162460586436894,-0.10383736670860495,0.0012730897536701812,-0.20646458741145898,0.000177089124917984,31,0.696048763214968,1.0,0.22100722789764404
energetic,asym_P4P3_alpha,0.759058563960895,0.013443216758983594,0.534791453520026,0.026788476476938692,0.23947724793106318,31,0.9369981086282858,1.0,0.9766915209737479
energetic,asym_P4P3_beta,0.3862477269172948,-0.05331355165160321,0.7807543841888775,-0.030533695229524864,0.608313562348485,31,0.8716766061352331,1.0,1.0
energetic,asym_P4P3_gamma,0.060588954584108935,-0.10561391478117903,0.8097086427591969,-0.036855216322331304,0.6495812004432082,31,0.5953938214249446,1.0,1.0
energetic,asym_O2O1_delta,0.7064785740077058,0.026990053056625822,0.9566171404862427,-0.03455848372272965,0.6776954075321555,31,0.9310298419869237,1.0,1.0
energetic,asym_O2O1_theta,0.15576689409992153,-0.07537062835327428,0.0018668021525787483,-0.17748538664043897,0.001587800681591034,31,0.7120772301710699,1.0,0.3963150501251221
energetic,asym_O2O1_alpha,0.4894778030830865,-0.05900191061334067,0.8581986572595007,-0.013987316866879776,0.9922946002334356,31,0.9103849452275589,1.0,1.0
energetic,asym_O2O1_beta,0.031495865627599096,-0.1335039798437385,0.7294959415230637,-0.06797396681168137,0.5814498504623771,31,0.5384498671677216,1.0,1.0
energetic,asym_O2O1_gamma,0.017382298885712702,-0.13797453345351374,0.36278214073021353,-0.07312474046399937,0.209396718069911,31,0.5291002197407183,1.0,0.9974316952337745
tense,delta_frontal,0.3150528780589893,-0.06676347843459005,0.6967219851316462,-0.036134242477340324,0.34684528410434723,31,0.8419400253053932,1.0,0.9771171886280482
tense,delta_central,0.15261227625851065,-0.08892218374581269,0.2951615246449081,-0.07573531541221654,0.13531039096415043,31,0.7133337856577577,1.0,0.9992151948121878
tense,delta_temporal,0.216692086264493,-0.11740802209535245,0.665227049169304,-0.05939106446769863,0.27238877210766077,31,0.7704607511626418,1.0,0.9469113860455728
tense,delta_parietal,0.2894386062944313,-0.0832799468123251,0.3941843881752598,-0.07226383371936637,0.25557575561106205,31,0.8228231905591122,1.0,0.9436643284100753
tense,delta_occipital,0.4659776474617081,-0.06542762474861201,0.8995314398778226,-0.022119085108382,0.635700810700655,31,0.8974384321484749,1.0,1.0
tense,theta_frontal,0.03892028757302607,0.11034439885313058,0.09521326852539241,0.0861632885854765,0.12031982094049454,31,0.5714413987192534,1.0,0.9687686227983044
tense,theta_central,0.8247357122276577,-0.029019294173729844,0.6913731738633795,0.01792491925531657,0.6635807873681188,31,0.9583521125326973,1.0,1.0
tense,theta_temporal,0.06473758904169925,0.05620292406222033,0.3348227899798347,0.03427256661081043,0.3081742124632001,31,0.6029291874928409,1.0,0.9519837058269152
tense,theta_parietal,0.8463758050186969,0.014693974945843518,0.9403715494139531,0.010119182048452318,0.8392556216567755,31,0.9655182857982942,1.0,1.0
tense,theta_occipital,0.9224312323485575,0.004956806601784804,0.9011132149783387,0.019212530069635258,0.6495812004432082,31,0.9772446332521221,1.0,1.0
tense,alpha_frontal,0.4931250818608598,0.03292164311047759,0.8673983539431305,-0.001964722659529862,1.0,31,0.9103847665123566,1.0,1.0
tense,alpha_central,0.20352441345823846,0.06853274375445012,0.694875847343779,0.016083019389187894,0.9461012529209256,31,0.7673669727972254,1.0,1.0
tense,alpha_temporal,0.23407316392617072,0.06089868327359283,0.6410898478041893,0.02348842488970192,0.5814498504623771,31,0.7748628874797376,1.0,1.0
tense,alpha_parietal,0.30812846649149195,0.06699429840203601,0.9024975905878116,0.030226022726276655,0.7206862810999155,31,0.8414536677929584,1.0,1.0
tense,alpha_occipital,0.6299018577417647,0.021162422515187736,0.9003222779447831,-0.009760062642460742,0.7942198486998677,31,0.9325237466924345,1.0,1.0
tense,beta_frontal,0.8610644239752308,0.0019021313350912502,0.9413652068696031,-0.0007587468657394761,0.6495812004432082,31,0.9689886394238846,1.0,1.0
tense,beta_central,0.18492155849953673,0.06756880680797187,0.17207759868343508,0.07588270729242784,0.34684528410434723,31,0.7541898856451694,1.0,0.9749164742392462
tense,beta_temporal,0.19686000875146303,0.10161772161733526,0.6495144209119514,0.05154584044159581,0.7498410120606422,31,0.7677540341307059,1.0,1.0
tense,beta_parietal,0.33069340907451017,0.05388546087312109,0.17699244964986816,0.09954794468865139,0.15741967037320137,31,0.8544624731366226,1.0,1.0
tense,beta_occipital,0.42969755415418265,0.06065165438560864,0.8679879526601918,0.03201511388078596,0.8392556216567755,31,0.8834638345707083,1.0,1.0
tense,gamma_frontal,0.44964696189228415,0.03291266134884287,0.7527075689794648,0.0291830034408156,0.34684528410434723,31,0.8907292197485247,1.0,0.97272565070163
tense,gamma_central,0.023222217099502847,0.0796906161012721,0.2312205291319389,0.056052340185676224,0.26389263197779655,31,0.4996780506927509,1.0,0.9409657277379717
tense,gamma_temporal,0.04070199176489184,0.08016701856035531,0.27010892061214864,0.047132683497400706,0.6635807873681188,31,0.5772282468475569,1.0,1.0
tense,gamma_parietal,0.17758657624551277,0.056407644135535215,0.6765154879418238,0.01760526986530161,0.16942174453288317,31,0.7437182790416106,1.0,0.9926682496574563
tense,gamma_occipital,0.1530424594689951,0.09198449445852909,0.8677914115793011,0.02970255146785138,0.5682233804836869,31,0.7100259829639625,1.0,1.0
tense,faa,0.7347577500502012,0.011859549333737573,0.3126622500389167,0.051001808270378736,0.3777303956449032,31,0.9366472646196641,1.0,0.9841493398013343
tense,coh_CF_delta,0.19781457837754457,0.10176581153861056,0.8664158534749012,-0.010123162282297746,0.9768865816295147,31,0.7666850739601728,1.0,1.0
tense,icoh_CF_delta,0.2664454660302704,-0.09042679007179662,0.2798825635148873,-0.0921181914457478,0.0355817461386323,31,0.8130169721412653,1.0,1.0
tense,coh_CF_theta,0.7995609278749041,0.06263439415151893,0.5160160178656203,-0.03456084848241933,0.5682233804836869,31,0.9585514293831703,1.0,1.0
tense,icoh_CF_theta,0.3990111631118356,-0.01697001602177959,0.2381045971871255,-0.08359632421688648,0.5814498504623771,31,0.8782467928810773,1.0,1.0
tense,coh_CF_alpha,0.8206560555789163,-0.01564624101541867,0.658706925113298,-0.0492483409818,0.209396718069911,31,0.9562826866129668,1.0,0.9936391792823154
tense,icoh_CF_alpha,0.6075504174947376,-0.02021274930369654,0.18054334021612106,-0.10851505846590295,0.11561407148838043,31,0.9303348724336595,1.0,0.9815398722278829
tense,coh_CF_beta,0.7749751860877377,-0.041254172793399865,0.3369549422079854,-0.07239231006542182,0.23947724793106318,31,0.9399115959548073,1.0,0.9735101153679702
tense,icoh_CF_beta,0.8247357122276577,-0.029022756067167314,0.9215114470154881,-0.03207850230141182,0.23947724793106318,31,0.9574606221954576,1.0,0.970349368240152
tense,coh_CF_gamma,0.11287304723882949,-0.05892827205200241,0.6057654376653692,0.05432380562448012,0.7793471785262227,31,0.661340671145818,1.0,1.0
tense,icoh_CF_gamma,0.30048889045983684,0.07595356819741121,0.3329487149629883,0.07640461082757534,0.336907590739429,31,0.8315080605185728,1.0,0.9800948094237935
tense,coh_CO_delta,0.9117321908837484,-0.0038663447304037217,0.7700242727544521,-0.02855066855863391,0.42137710005044937,31,0.9758505782357788,1.0,0.9922238129489827
tense,icoh_CO_delta,0.07562441300689803,-0.10646507599635603,0.8154508327790173,-0.024010987524831447,0.6495812004432082,31,0.6420358328748894,1.0,1.0
tense,coh_CO_theta,0.5795652244296394,-0.02353744832103084,0.7660175659208999,-0.021523763499286655,0.5948144253343344,31,0.9213979618957834,1.0,1.0
tense,icoh_CO_theta,0.7847455601798972,0.04695136688955898,0.8943934583749507,0.007486791350922849,0.8091655615717173,31,0.9426010193498668,1.0,1.0
tense,coh_CO_alpha,0.7483413390013214,-0.01886183690673436,0.9726045208903294,0.010439919462508,0.7062525749206543,31,0.939567395446327,1.0,1.0
tense,icoh_CO_alpha,0.4733401279379954,-0.022998289665261438,0.9344116077378352,0.0022382419772719563,0.16942174453288317,31,0.901875541475753,1.0,0.988029612976814
tense,coh_CO_beta,0.7298726318441737,0.0279931084594539,0.03312451093994188,-0.14625792553873418,0.10233690217137337,31,0.9361572914095877,1.0,0.9602740895479245
tense,icoh_CO_beta,0.5146326265118544,-0.03938289466074999,0.559682870169119,-0.03309549717056833,0.28106469474732876,31,0.9071490365632688,1.0,0.945468299311769
tense,coh_CO_gamma,0.1021337872083459,-0.11328175146428009,0.027070908824726184,-0.1558199995050996,0.03048440534621477,31,0.6744072298201887,1.0,1.0
tense,icoh_CO_gamma,0.5453762798830458,0.021787130108178558,0.01631420757009751,0.1693113347613513,0.06642110086977482,31,0.9185284713819719,1.0,1.0
tense,coh_CP_delta,0.6880734329915317,-0.010273907304212994,0.913979149038597,-0.033323721711737204,0.43272085953503847,31,0.9263383434449101,1.0,0.996375706088059
tense,icoh_CP_delta,0.46643593130274064,-0.03896156990896838,0.9340144052448863,0.0008493363650078251,0.691920786164701,31,0.8969368910105089,1.0,1.0
tense,coh_CP_theta,0.8923575518015321,-0.027291730309826377,0.9584690974019927,0.0022212934763676025,0.7206862810999155,31,0.9743326549853999,1.0,1.0
tense,icoh_CP_theta,0.6377268115527418,-0.01408404245214132,0.9833614086340106,-0.002977102598340682,0.5421982295811176,31,0.931947378006817,0.9993770667550856,1.0
tense,coh_CP_alpha,0.9595779568660818,-0.0036918043929582045,0.6590684801593119,0.028801713609894888,0.6635807873681188,31,0.9856405680402223,1.0,1.0
tense,icoh_CP_alpha,0.40602728776937413,-0.038146534268071304,0.8837366556130255,0.017571164758938874,0.8392556216567755,31,0.8812557480629198,1.0,1.0
tense,coh_CP_beta,0.6251205887686956,0.024071052769253982,0.0797848261453824,-0.13121210046515905,0.050248345360159874,31,0.9309671775457423,1.0,1.0
tense,icoh_CP_beta,0.8773758265393183,0.0012426667351983218,0.6012379323931663,0.0332245499428715,0.8241792023181915,31,0.9724378610311449,1.0,1.0
tense,coh_CP_gamma,0.5074096853050228,-0.04525365948345002,0.1371622755849611,-0.12970261416181528,0.14605465531349182,31,0.9085326933438572,1.0,0.9906315751697706
tense,icoh_CP_gamma,0.4962807079099819,0.031885540864703084,0.01979936159234971,0.16133577753593412,0.209396718069911,31,0.9108210639289079,1.0,0.9898753945123066
tense,coh_CT_delta,0.7631454273822467,0.010154399684673824,0.7246242699799208,0.01811854829238929,0.336907590739429,31,0.9337308758559253,1.0,0.9778155191693195
tense,icoh_CT_delta,0.07624302059172476,-0.08710243474066745,0.55064117542628,-0.028032164152999545,0.2989572202786803,31,0.638599259721292,1.0,0.9517821706831455
tense,coh_CT_theta,0.6993181877183592,-0.012237734564174766,0.8949860804903159,-0.001112227978235292,0.444234280847013,31,0.9284564875239492,1.0,1.0
tense,icoh_CT_theta,0.3984530433520672,-0.00936379556637364,0.6441317741459962,-0.015461639935261728,0.7352173123508692,31,0.8801228285015573,1.0,1.0
tense,coh_CT_alpha,0.3809781369258366,-0.07134186651574778,0.15691893640208598,-0.10261508795630518,0.06642110086977482,31,0.8740086670651546,1.0,1.0
tense,icoh_CT_alpha,0.25004742276755987,-0.04930288156217938,0.27513085311820384,-0.06553338444236993,0.007087168283760548,31,0.7960693459538641,1.0,0.804071456193924
tense,coh_CT_beta,0.9230260534292959,0.028518886670936345,0.16741921445006436,-0.09882310618821692,0.16942174453288317,31,0.9770453898895346,1.0,0.9834341264048289
tense,icoh_CT_beta,0.23446595274223148,0.06811885677163819,0.09141169536979289,0.10559024915196594,0.09416095819324255,31,0.7741098122283198,1.0,0.9476844824610218
tense,coh_CT_gamma,0.800911451458906,-0.003996967239989598,0.18464235837292142,-0.0794416646043502,0.49194561038166285,31,0.9574113902497267,1.0,1.0
tense,icoh_CT_gamma,0.23663463713336452,-0.07870477760084078,0.9525000480352267,0.027146027972752583,0.5948144253343344,31,0.7771579661643129,1.0,1.0
tense,coh_FO_delta,0.1903568163019419,0.09881266414157357,0.6234959657592589,-0.03852070741385538,0.8091655615717173,31,0.7589945902390527,1.0,1.0
tense,icoh_FO_delta,0.08791481340294563,-0.12149195137056379,0.3624287296059645,-0.05984598811945221,0.15165852662175894,31,0.6492170835909831,1.0,0.9909415770887704
tense,coh_FO_theta,0.9530139553358182,0.051776092216100175,0.4877098378459216,-0.03802130287186451,0.5551384268328547,31,0.9837563409918123,1.0,1.0
tense,icoh_FO_theta,0.8520493685461806,0.041892541932917964,0.671954769016132,-0.054598325256683025,0.49194561038166285,31,0.9658107283793219,1.0,1.0
tense,coh_FO_alpha,0.4416048769631804,-0.015196666375192803,0.05070226726463381,-0.1032433164703694,0.033809719607234,31,0.8846274260835459,1.0,1.0
tense,icoh_FO_alpha,0.22260033884146058,-0.044948477494660265,0.27513085311820384,-0.0590949568710114,0.06346937920898199,31,0.7695435536679857,1.0,1.0
tense,coh_FO_beta,0.22900930062996394,0.0651630990711596,0.25730544973173564,-0.07050019846617471,0.017661521211266518,31,0.7703601271865094,1.0,0.8477530181407928
tense,icoh_FO_beta,0.029211065680304446,-0.17989508607609664,0.20860423100066783,-0.12198330127954278,0.022097455337643623,31,0.5283392749133325,1.0,0.9849151521921158
tense,coh_FO_gamma,0.23941523923342323,-0.08404565948959979,0.4416658449949715,-0.0028564131950696786,0.5814498504623771,31,0.7842262954417643,1.0,1.0
tense,icoh_FO_gamma,0.1668402582888302,-0.11223853865395207,0.7700242727544521,0.008568460802644822,0.9614869365468621,31,0.7229744525849309,1.0,1.0
tense,coh_FP_delta,0.1569557089228587,0.10055590710528228,0.9036844344311421,-0.01788253708089004,0.6495812004432082,31,0.7071506308149013,1.0,1.0
tense,icoh_FP_delta,0.18008820879783738,-0.09163377096867759,0.1429311212608648,-0.10379200118442543,0.07593795005232096,31,0.746678021859472,1.0,1.0
tense,coh_FP_theta,0.343383360001294,0.09348045540575525,0.5456492645994862,-0.028386369440396533,0.9768865816295147,31,0.8553741183265766,1.0,1.0
tense,icoh_FP_theta,0.3931743915630461,0.06248768741179957,0.7690697334951578,-0.01890413641008315,0.8392556216567755,31,0.877784688140754,1.0,1.0
tense,coh_FP_alpha,0.9886454919421697,0.01770694386079254,0.8348978759446213,-0.028507050988149953,0.23947724793106318,31,0.9942220579724639,1.0,0.9672090790225464
tense,icoh_FP_alpha,0.3468277351386214,-0.045597906939279204,0.12057172703418419,-0.1040912551626456,0.04136332217603922,31,0.8554170226343863,1.0,1.0
tense,coh_FP_beta,0.43218104128218426,0.031710855484354816,0.25772532911936774,-0.06470806209926068,0.04789368249475956,31,0.882752765172121,1.0,1.0
tense,icoh_FP_beta,0.019902447755786493,-0.17437374802194838,0.1991814333606834,-0.10129571938382985,0.05788119416683912,31,0.5284735063664158,1.0,0.9895305523317154
tense,coh_FP_gamma,0.5473691493851929,-0.06181500170046159,0.2535478915261419,0.019655024840850806,0.6635807873681188,31,0.9206424507179524,1.0,1.0
tense,icoh_FP_gamma,0.33882497544424284,-0.056121418422514245,0.9443467207239771,0.010567347314013584,0.7942198486998677,31,0.8577151508203146,1.0,1.0
tense,coh_FT_delta,0.4618643654428791,0.03909129209593466,0.3344474322281883,-0.06624170261582972,0.9153939224779606,31,0.8964334806729598,1.0,1.0
tense,icoh_FT_delta,0.9731119275315061,-0.03215487861128925,0.7593536571254043,0.0012608345880042715,0.8543895706534386,31,0.9921925535615357,1.0,1.0
tense,coh_FT_theta,0.9671398724131449,-0.000834524849188246,0.3807420175376497,-0.06187700765326678,0.26389263197779655,31,0.9893365252226269,1.0,0.9382849136988322
tense,icoh_FT_theta,0.8706873421548905,0.04631260249472029,0.9737995204012083,-0.013957987618406957,0.8091655615717173,31,0.9728001817451238,1.0,1.0
tense,coh_FT_alpha,0.24616213242233842,-0.07308621788789177,0.04970628562304512,-0.1258792967450788,0.045629615895450115,31,0.7897438078742375,1.0,1.0
tense,icoh_FT_alpha,0.5448786256982683,-0.016616257940754352,0.5514753405203883,-0.04717607229368594,0.055239553563296795,31,0.9189304390154578,1.0,0.9709713077041465
tense,coh_FT_beta,0.5056522093878009,0.017973882378840542,0.2034978658365808,-0.08954829820978026,0.0017160577699542046,31,0.9092996503112039,1.0,0.35694001615047455
tense,icoh_FT_beta,0.027552764305161428,-0.15678555659847498,0.5220050659414492,-0.04965205613210244,0.23169402685016394,31,0.5209977250430524,1.0,0.9936568574192598
tense,coh_FT_gamma,0.21281646290711298,-0.08675285092490559,0.45391569085809647,-0.037152864219998194,0.16334008984267712,31,0.7676154500233439,1.0,0.9992570202140247
tense,icoh_FT_gamma,0.27623541317171474,0.05727033282629549,0.10618787669100144,0.11124126783988147,0.15165852662175894,31,0.8149924246768322,1.0,0.9857804230414331
tense,coh_OP_delta,0.41283159464997565,0.04867844719831729,0.790725097130234,0.015087302781928342,0.23947724793106318,31,0.8747263669323763,1.0,0.9640890497353769
tense,icoh_OP_delta,0.044051919541711275,-0.1245427284371703,0.4545181057467256,-0.05862658849696638,0.336907590739429,31,0.5787031114532176,1.0,0.9755468056677665
tense,coh_OP_theta,0.8738337423478215,0.025371449248621655,0.9066524799626079,0.008421490365138484,0.34684528410434723,31,0.972831855887673,1.0,0.9705446514848102
tense,icoh_OP_theta,0.2628099354071779,0.08847770295641129,0.48255569403973353,0.057746517973279704,0.6495812004432082,31,0.8179221929879252,1.0,1.0
tense,coh_OP_alpha,0.3139717493903721,-0.05801184091508558,0.7612558327982704,-0.006453891890412946,0.9307350646704435,31,0.8426596628799664,1.0,1.0
tense,icoh_OP_alpha,0.8169691106596453,0.003900506886211519,0.5781501071745951,0.03900308107430361,0.28106469474732876,31,0.9555552484566423,1.0,0.9429267178620061
tense,coh_OP_beta,0.928579748496234,-0.011630935877141854,0.04446428191642368,-0.13020216606760127,0.07593795005232096,31,0.9804293791229273,1.0,1.0
tense,icoh_OP_beta,0.49422832679953743,0.0212455855985494,0.07690730084862306,0.08499105100874779,0.5682233804836869,31,0.9110737841149523,1.0,1.0
tense,coh_OP_gamma,0.26547976885931934,-0.09535609805826006,0.33871737270116364,-0.10181034700894243,0.0044362908229231834,31,0.8140509865759965,1.0,0.6151656607786814
tense,icoh_OP_gamma,0.4585278454898316,-0.027729060748240268,0.39487783740706195,0.07075911581516167,0.6776954075321555,31,0.9011696868839525,1.0,1.0
tense,coh_OT_delta,0.46247245845967044,-0.008504213072720623,0.9899366767331579,0.022795884470301914,0.5421982295811176,31,0.8962199194994855,0.9987396706248836,1.0
tense,icoh_OT_delta,0.33193613295453206,0.05260853627074955,0.46026346721553346,0.03710795746700695,0.7645525922998786,31,0.8488858482115902,1.0,1.0
tense,coh_OT_theta,0.5520331423501819,-0.048571915549993246,0.9519032840848001,0.02465140778993076,0.7206862810999155,31,0.9210392535468275,1.0,1.0
tense,icoh_OT_theta,0.6525974006575919,-0.0070286046931021685,0.564905807958665,-0.03621423026576764,0.9614869365468621,31,0.926554671240813,1.0,1.0
tense,coh_OT_alpha,0.524508360276557,-0.046191965560133726,0.7398478347200721,-0.022946128564828326,0.3992052096873522,31,0.9078868704925703,1.0,0.9826589776919439
tense,icoh_OT_alpha,0.2061102284458738,-0.140272699205097,0.8670053290872297,-0.05416289994773126,0.20231117121875286,31,0.765552277084674,1.0,0.9901346732588375
tense,coh_OT_beta,0.27601522803654777,0.09119781315360605,0.08381659806866877,-0.088903001060485,0.15741967037320137,31,0.8201595347371705,1.0,0.9972576072373366
tense,icoh_OT_beta,0.48061079520284233,-0.059990894792772254,0.20860423100066783,0.0818412319147742,0.336907590739429,31,0.9006040126323531,1.0,0.9732885954694616
tense,coh_OT_gamma,0.24001406825711524,-0.08318114838840081,0.06919826981276717,-0.11832461698047121,0.015742935240268707,31,0.7820823947385895,1.0,0.8542253556458846
tense,icoh_OT_gamma,0.631499079265226,0.025342909547259526,0.14825262553851126,0.09854655961161776,0.1756664952263236,31,0.9315731098380639,1.0,1.0
tense,coh_PT_delta,0.7143519009088255,0.029038158589552485,0.547310737953392,0.04258995146868656,0.35696212109178305,31,0.9344980842077718,1.0,0.9684537546142288
tense,icoh_PT_delta,0.6652474014545906,-0.004493300680662578,0.867201837411688,-0.021633932270021073,0.9768865816295147,31,0.9276298961065129,1.0,1.0
tense,coh_PT_theta,0.9856577518242111,-0.004866256323481119,0.3632190334615083,0.0811520875750569,0.111049959436059,31,0.9952272445603685,1.0,0.9899310669728688
tense,icoh_PT_theta,0.5339876280902374,0.046278935975732335,0.9666304993858035,-0.015105671129266295,1.0,31,0.9128993970638578,1.0,1.0
tense,coh_PT_alpha,0.0916942494218725,-0.07830160520750579,0.20438707532292588,-0.051106154120506196,0.2899207631126046,31,0.6576690993017063,1.0,0.9546731196953313
tense,icoh_PT_alpha,0.4424943540981874,-0.03069121356481391,0.985752307940094,-0.0009660602120283992,0.13531039096415043,31,0.8849887081963747,0.9977444284746451,0.9933374583721161
tense,coh_PT_beta,0.524508360276557,0.0673113221771416,0.11714640050335602,-0.08733843945232608,0.18865238688886166,31,0.9066294094531069,1.0,0.9769219038892089
tense,icoh_PT_beta,0.6723371121455339,0.0031313542060875965,0.07101455131210382,0.11542483085240866,0.23169402685016394,31,0.9333445116325099,1.0,0.9902539229760431
tense,coh_PT_gamma,0.7803350111694707,-0.022584045579720616,0.26365357030222925,-0.07754446858046761,0.3271495960652828,31,0.9427474287894476,1.0,0.9790951939795515
tense,icoh_PT_gamma,0.8653824552790861,0.003551010179342788,0.13189465221372948,0.10644222095824425,0.3672574386000633,31,0.9720947832477943,1.0,0.98145028559503
tense,asym_F4F3_delta,0.6590909284577375,-0.037349323301989,0.36480287357016794,0.043680203577200226,0.8091655615717173,31,0.9262899535081717,1.0,1.0
tense,asym_F4F3_theta,0.011263682074827017,-0.17452836127053004,0.24230384533900107,-0.09250916630242183,0.0008311951532959938,31,0.48472673204772815,1.0,0.3457771837711334
tense,asym_F4F3_alpha,0.036149764471932994,-0.13157215873300918,0.122797482605978,-0.10140153170119484,0.08650196995586157,31,0.5569741489008935,1.0,0.9725626892334706
tense,asym_F4F3_beta,0.7152836227116797,-0.0037513639084984624,0.7004196448250685,0.0017063926900870616,0.8543895706534386,31,0.9327836584578644,1.0,1.0
tense,asym_F4F3_gamma,0.8941343573850208,0.017434502290649852,0.8222450272416664,0.01292222029475025,0.9153939224779606,31,0.9728680715052362,1.0,1.0
tense,asym_F8F7_delta,0.8767853066623249,0.02827968182507222,0.24543652139380379,0.11367450842421828,0.4797733975574374,31,0.9735125113119052,1.0,1.0
tense,asym_F8F7_theta,0.0014336012094374145,-0.1389891072570098,0.17579388877946855,-0.02513225724426041,0.15165852662175894,31,0.8945671546889467,1.0,0.9806727524557262
tense,asym_F8F7_alpha,0.14962671886049783,-0.03342698197991713,0.03907600209541404,-0.08690898501772064,0.9614869365468621,31,0.71272574480115,1.0,1.0
tense,asym_F8F7_beta,0.3524877340688085,0.027840275752587466,0.5993270590257683,0.08189288126968526,0.34684528410434723,31,0.8575140197229494,1.0,0.9683734106537479
tense,asym_F8F7_gamma,0.9341369245705374,0.04100234066859983,0.3845536634463611,0.08353633358040528,0.5167645234614611,31,0.9813155571246049,1.0,1.0
tense,asym_T4T3_delta,0.41783539251739665,-0.03850648553313587,0.8013252153630974,0.019141213028768273,0.8543895706534386,31,0.8808421788204578,1.0,1.0
tense,asym_T4T3_theta,0.001621029045488134,-0.19410119594451083,0.9556832308065679,0.021622153241439988,0.28106469474732876,31,0.5057610621922978,1.0,0.9403987641948158
tense,asym_T4T3_alpha,0.8495050817547951,0.04468959436484507,0.7521387483595797,-0.006255288806497431,0.2989572202786803,31,0.966437868760241,1.0,0.94936033309871
tense,asym_T4T3_beta,0.8313508729501733,0.05430541907300567,0.20518977752029866,-0.05887336137200324,0.635700810700655,31,0.9597834314910417,1.0,1.0
tense,asym_T4T3_gamma,0.5392543563556496,0.06583140886370166,0.30683307146015504,-0.048037018815398874,0.6776954075321555,31,0.9143878216465362,1.0,1.0
tense,asym_T6T5_delta,0.27109269746211173,-0.09324503182905067,0.9232964695291455,-0.040183642763168825,0.444234280847013,31,0.8191856814351463,1.0,1.0
tense,asym_T6T5_theta,0.02287587438449174,-0.1419458890414819,0.3168703195489143,0.09178967731949791,0.691920786164701,31,0.519074386033558,1.0,1.0
tense,asym_T6T5_alpha,0.8514620877562913,0.007984767171526777,0.8636659547796005,0.028954283046831054,0.5814498504623771,31,0.9669014426932224,1.0,1.0
tense,asym_T6T5_beta,0.006436785128185604,-0.1475989212752508,0.08108184636305735,-0.11320204864559451,0.07593795005232096,31,0.5020692399984771,1.0,0.9975848596347006
tense,asym_T6T5_gamma,0.5422282850013009,-0.08246798821225093,0.4282957755187471,-0.09279769901445255,0.7942198486998677,31,0.9169388884574845,1.0,1.0
tense,asym_P4P3_delta,0.7319380882867085,-0.05429549606486142,0.37614490933735045,-0.09257107395067289,0.25557575561106205,31,0.9368807530069868,1.0,0.9408806578247948
tense,asym_P4P3_theta,0.7509918391093032,-0.06286106830414187,0.17940781786265203,0.08183924799957808,0.9307350646704435,31,0.9400579891759383,1.0,1.0
tense,asym_P4P3_alpha,0.46674159279393157,0.06559061836258727,0.3903147091357868,0.05891917787083971,0.3271495960652828,31,0.8961438581643487,1.0,0.9767528609796003
tense,asym_P4P3_beta,0.12851174901498105,-0.06253935000867378,0.15401253282708577,-0.06930864434034993,0.09818304609507322,31,0.6973159250899842,1.0,0.9572846994269639
tense,asym_P4P3_gamma,0.64183332606689,-0.016095629922295438,0.1483928360415462,-0.08802290530100924,0.6495812004432082,31,0.9270925820966189,1.0,1.0
tense,asym_O2O1_delta,0.832129922917282,-0.015806512723027227,0.9250818784101378,-0.03656011573382996,0.43272085953503847,31,0.9597949573020037,1.0,0.9945407600363315
tense,asym_O2O1_theta,0.357292258660184,-0.07795094874887415,0.0481299007772657,0.11153185405409868,0.9614869365468621,31,0.8558555447368708,1.0,1.0
tense,asym_O2O1_alpha,0.8771789789809671,0.03429367943920186,0.9326243265284242,0.008317760503168013,0.8241792023181915,31,0.9730838806828861,1.0,1.0
tense,asym_O2O1_beta,0.09943913510786367,-0.06112470300735115,0.1947602807479515,-0.06104446795421586,0.111049959436059,31,0.6708110303492641,1.0,0.9829102792638413
tense,asym_O2O1_gamma,0.4253352127513852,-0.05066355455985171,0.5259088760762449,-0.048365884387918855,0.16334008984267712,31,0.8773856950640143,1.0,0.9943825957251758
angry,delta_frontal,0.481921350076425,-0.054142928859331155,0.1151922270513029,-0.09873776097635598,0.49194561038166285,31,0.9003560552326023,1.0,1.0
angry,delta_central,0.7198310320862734,-0.031066171860169488,0.2899261490700036,-0.05896311247394778,0.7942198486998677,31,0.9338348524362466,1.0,1.0
angry,delta_temporal,0.7416928324380934,-0.005138139110276013,0.28712324489920793,-0.04693540714647987,0.8241792023181915,31,0.938775512051461,1.0,1.0
angry,delta_parietal,0.6889703525865145,-0.029511971944048185,0.2899261490700036,-0.052966801164209404,0.8695757398381829,31,0.9255489774251562,1.0,1.0
angry,delta_occipital,0.6010319833579567,-0.026695984931420027,0.1745316773794442,-0.07174360203513946,0.8543895706534386,31,0.9260344632478148,1.0,1.0
angry,theta_frontal,0.8708532342807893,0.0325789856368595,0.9043354358203224,-0.004905478991247722,0.5551384268328547,31,0.9721152382669276,1.0,1.0
angry,theta_central,0.049319850652450606,0.09426210350524937,0.3388304754506847,0.023974109758180366,0.7645525922998786,31,0.5975842098471684,1.0,1.0
angry,theta_temporal,0.19811003553940598,0.044337543686003324,0.9416945402717934,-0.034714791332538075,0.4102047085762024,31,0.7654530165733086,1.0,0.9940494685497099
angry,theta_parietal,0.7624040460649041,0.05802237577107881,0.7232397181553784,-0.008223350144901425,0.5167645234614611,31,0.9355754665575223,1.0,1.0
angry,theta_occipital,0.8925860112403383,0.02277543828057798,0.42749368479428473,-0.060950693503296925,0.4559155162423849,31,0.9728797746968927,1.0,1.0
angry,alpha_frontal,0.8098568600026352,0.0187009619430311,0.9402626108201138,0.016647904020077774,0.2899207631126046,31,0.9552942923282502,1.0,0.9521608220119225
angry,alpha_central,0.6306310278892253,-0.04984947754806662,0.37795670928887803,0.018519746806399146,0.9461012529209256,31,0.9324970649357265,1.0,1.0
angry,alpha_temporal,0.5767694738341929,-0.049947557297122615,0.8520417201049967,-0.014528573010787778,0.23947724793106318,31,0.9216495561396577,1.0,0.960989084945231
angry,alpha_parietal,0.9121747557507196,-0.012975564638778846,0.7019655158626736,0.017778719345412666,0.7062525749206543,31,0.9754876565354739,1.0,1.0
angry,alpha_occipital,0.6788566701919867,0.03352621397579754,0.5060849660674678,0.05494735221169477,0.9461012529209256,31,0.9351138238406175,1.0,1.0
angry,beta_frontal,0.8941992667872936,0.030394862015804328,0.08202766208340592,0.12966947131181134,0.060623603872954845,31,0.9720911889813086,1.0,1.0
angry,beta_central,0.45347806649903066,-0.0025818592399588928,0.8413715648920762,0.046059470624318186,0.7352173123508692,31,0.8968948129806502,1.0,1.0
angry,beta_temporal,0.694236593220984,0.025376371966194945,0.11704255564253514,0.11655399434848887,0.1953968871384859,31,0.9276309082867109,1.0,0.9912817688976846
angry,beta_parietal,0.7770243593168995,0.03223773547722398,0.18977207736838142,0.07657646194253155,0.23169402685016394,31,0.9405687686008638,1.0,0.9868742167542819
angry,beta_occipital,0.7978219878621644,0.009964181110570038,0.22956542043538852,0.082708370376098,0.23947724793106318,31,0.9573863854345973,1.0,0.9579089917242527
angry,gamma_frontal,0.4644598717839551,0.05490179236375972,0.32880132770466264,0.08637214912605987,0.07593795005232096,31,0.8986758449401178,1.0,0.9871933506801724
angry,gamma_central,0.09623973758717733,0.09193357321551322,0.3001207541390364,0.043636298675069726,0.444234280847013,31,0.6709899022837837,1.0,1.0
angry,gamma_temporal,0.5990811980269539,0.0207529932264735,0.5571702297979377,0.03344053964585663,0.7645525922998786,31,0.9287619070032775,1.0,1.0
angry,gamma_parietal,0.34584522702124765,0.023125087866820944,0.3433938794923599,0.048599881926080266,0.1820761300623417,31,0.8563786573859465,1.0,0.9922751542262115
angry,gamma_occipital,0.9580016290569742,-0.02435257910124052,0.5575155918617716,0.07215983179811089,0.42137710005044937,31,0.9864571229893595,1.0,0.9903552181976664
angry,faa,0.4719672500194977,-0.03527980484594344,0.7042545535735594,-0.021344539236919646,0.608313562348485,31,0.9006347523307845,1.0,1.0
angry,coh_CF_delta,0.06966545891899124,0.118095355310839,0.5754411771212427,-0.035712471797639846,0.8543895706534386,31,0.6300180632673991,1.0,1.0
angry,icoh_CF_delta,0.8586201200082602,0.03425817841911194,0.4636705941941811,-0.014243463175973138,0.7793471785262227,31,0.9697356649505056,1.0,1.0
angry,coh_CF_theta,0.7575491014245667,0.010729534727940757,0.9966154832628696,0.0029499435192074925,0.7206862810999155,31,0.9407176901272231,0.9998200346559978,1.0
angry,icoh_CF_theta,0.8913763608378354,0.04398998250931814,0.7859230115069058,-0.016459120223556178,0.15741967037320137,31,0.9741135712133263,1.0,0.9922209526553298
angry,coh_CF_alpha,0.1084456419371988,-0.11062879112275083,0.7782235395776452,-0.012582662830737872,0.21665488090366125,31,0.6634321624393339,1.0,0.9904223127024514
angry,icoh_CF_alpha,0.6884069999612932,-0.06778018866058136,0.34971578778221346,0.02336055750951336,0.8695757398381829,31,0.9257887240858771,1.0,1.0
angry,coh_CF_beta,0.9016661644189331,-0.022068994297357807,0.27259626959605276,0.09364881023896485,0.02743559330701828,31,0.9717438455913892,1.0,0.9782748699188233
angry,icoh_CF_beta,0.3501681676334317,-0.09274653238073753,0.09876700606090297,-0.11297072170160961,0.050248345360159874,31,0.8552052313239193,1.0,1.0
angry,coh_CF_gamma,0.5039561307448881,0.06680231474890731,0.3674789560691927,-0.024950842177516645,0.09818304609507322,31,0.9088688600717058,1.0,0.9498638878034991
angry,icoh_CF_gamma,0.03984734166722643,-0.12484835703055817,0.46965104460734375,-0.038378878648912505,0.24743753485381603,31,0.5716032459850411,1.0,0.9530927268443284
angry,coh_CO_delta,0.2952256664068472,-0.05958172633936076,0.14027743392223518,-0.1116020735085693,0.13531039096415043,31,0.8224143564190743,1.0,0.9875284673874838
angry,icoh_CO_delta,0.6142293216742043,-0.03735902752227037,0.20772817198583737,0.09245157754343149,0.16334008984267712,31,0.9291614466053418,1.0,0.9895554957459274
angry,coh_CO_theta,0.6212356535144619,-0.028431350052038794,0.09473880788160635,-0.10177778859721065,0.26389263197779655,31,0.9285055036958664,1.0,0.9356193315576423
angry,icoh_CO_theta,0.827893560630546,0.04020475308501897,0.6606833954074156,-0.019043330754153022,0.8695757398381829,31,0.9593418418448667,1.0,1.0
angry,coh_CO_alpha,0.47969950819757246,0.04363451910506024,0.5973759656317913,-0.011927553223458986,0.7793471785262227,31,0.9002480995948428,1.0,1.0
angry,icoh_CO_alpha,0.3474132549485833,0.07746937489916451,0.15847155689368808,0.08636540901464446,0.01869285199791193,31,0.8518108883611631,1.0,0.8640251590145959
angry,coh_CO_beta,0.9200663931734935,0.0006188091146348547,0.8645581082236335,0.018055856307585563,0.4102047085762024,31,0.9763969886739116,1.0,0.9921230160912802
angry,icoh_CO_beta,0.35864927553750336,-0.07691567276641052,0.5708906628087134,-0.05164628360974068,0.14060599450021982,31,0.8574603369172494,1.0,0.9913914188490076
angry,coh_CO_gamma,0.8550166882784855,0.013660951350379206,0.7038728605300166,-0.02654952947765824,0.8848088048398495,31,0.9674168875535357,1.0,1.0
angry,icoh_CO_gamma,0.8049189215292448,0.011338018812599403,0.8613246863712934,0.0077040306616103825,0.6219436237588525,31,0.9576156473484247,1.0,1.0
angry,coh_CP_delta,0.4093063632767754,-0.06610913076441564,0.08054646451260024,-0.12855382033885526,0.09818304609507322,31,0.8822354773219614,1.0,0.9425572425127029
angry,icoh_CP_delta,0.6452023530203577,0.001583086102319827,0.15877532147566098,0.11217302291182435,0.3081742124632001,31,0.9255316512292027,1.0,0.9496331287754907
angry,coh_CP_theta,0.966741319282522,-0.02499304674248242,0.19432674202684153,-0.08258535154651636,0.26389263197779655,31,0.9897400873376436,1.0,0.9329688518648445
angry,icoh_CP_theta,0.7633761647481907,-0.01628233179532009,0.35825911400799704,-0.04505992962499404,0.3672574386000633,31,0.9330983874688952,1.0,0.9793531696001688
angry,coh_CP_alpha,0.5574241070317498,0.030470736727138722,0.3796277563487306,-0.049250208891276875,0.608313562348485,31,0.923858280976924,1.0,1.0
angry,icoh_CP_alpha,0.23563525899865012,-0.08902874215064548,0.9096323379444403,0.04929453727520488,0.07933946698904037,31,0.7759176866235233,1.0,0.9707417137482587
angry,coh_CP_beta,0.49827671343787416,-0.026876786841046683,0.7511583760155538,-0.015399423608923957,0.23947724793106318,31,0.9078092530955723,1.0,0.9548485796101177
angry,icoh_CP_beta,0.6077930232166876,-0.05751885148999289,0.9929233547453158,0.006783182478881489,0.691920786164701,31,0.9295658002137575,0.999329311872705,0.9994411355712347
angry,coh_CP_gamma,0.9529226660586733,0.0010454339242678625,0.5693194864753952,-0.03238808227802386,0.444234280847013,31,0.9844763967228678,1.0,1.0
angry,icoh_CP_gamma,0.8839225404917701,0.036994422313000035,0.19860178756867486,0.07150070602009084,0.16334008984267712,31,0.969363207850377,1.0,0.9847750344138214
angry,coh_CT_delta,0.20705390875719487,-0.09971571780823925,0.42346226536375653,-0.070073176367268,0.23169402685016394,31,0.7645067400265657,1.0,0.9835175017313081
angry,icoh_CT_delta,0.17842856469105695,0.13097459124993127,0.09237582731519525,0.10944797769970371,0.24743753485381603,31,0.7422628291147969,1.0,0.9501601338386536
angry,coh_CT_theta,0.2409136515692304,-0.09814859639684102,0.24695590905524523,-0.08520236766234969,0.2240869216620922,31,0.7829693675999988,1.0,0.9881995697324774
angry,icoh_CT_theta,0.6586188053321267,0.034468515425453504,0.18241276325788536,-0.080058771620421,0.24743753485381603,31,0.9287641458242871,1.0,0.9472455322011116
angry,coh_CT_alpha,0.38555687905012803,0.0764183971663689,0.41502492528326995,-0.046417366338868296,0.34684528410434723,31,0.8732758349447546,1.0,0.9662118628621101
angry,icoh_CT_alpha,0.09913079449855941,-0.14203936910828702,0.5523461320404368,-0.05883038254328356,0.5421982295811176,31,0.6723653887728378,1.0,1.0
angry,coh_CT_beta,0.11370502856781786,0.10962045695597604,0.467127777547922,0.05419516153384797,0.8091655615717173,31,0.6631022226758724,1.0,1.0
angry,icoh_CT_beta,0.015058405906950664,-0.18640282193231242,0.004125437327789993,-0.187624696293463,0.011014155112206936,31,0.4818689890224213,0.8580909641803185,0.8085685635314268
angry,coh_CT_gamma,0.05929561202874963,0.12542278693755432,0.5602822334125332,0.034450154138787256,0.4102047085762024,31,0.5920073904950364,1.0,0.9902040160601558
angry,icoh_CT_gamma,0.7801538037664644,-0.01716354323450665,0.8929414745832874,0.04468550187099948,0.25557575561106205,31,0.943441809205957,1.0,0.9381133617723689
angry,coh_FO_delta,0.0867425260632936,0.11751510885086223,0.27225930413677213,0.006252602984509277,0.26389263197779655,31,0.6560889244060025,1.0,0.9303333466335878
angry,icoh_FO_delta,0.4327075843026321,-0.02196815334867785,0.3432629541340697,0.07420351043463096,0.25557575561106205,31,0.8823840934798772,1.0,0.9353622961953239
angry,coh_FO_theta,0.9073226148619264,0.034795843213617304,0.9169730973517614,0.013870230431828648,0.3883800162002444,31,0.9744738583026542,1.0,0.9772142343102924
angry,icoh_FO_theta,0.1876519426799811,-0.032770342007736125,0.03687627317622285,-0.10529179568924571,0.011014155112206936,31,0.7578952248045838,1.0,0.7636480877796809
angry,coh_FO_alpha,0.5266778923425499,-0.06362269519099786,0.7149718895583854,0.011292548229587229,0.7645525922998786,31,0.9053636496466974,1.0,1.0
angry,icoh_FO_alpha,0.8171788652520621,-0.03833926852288635,0.2867741722766993,-0.07601722649824681,0.27238877210766077,31,0.9549056402945444,1.0,0.9442810766398907
angry,coh_FO_beta,0.7179239165793203,0.02107342258633221,0.4959440880948861,0.04815459050861168,0.11561407148838043,31,0.9323299145587843,1.0,0.9749078460641809
angry,icoh_FO_beta,0.12190678325580233,0.10576042701992487,0.0843139194333111,0.1071530859077856,0.07933946698904037,31,0.6822406524809027,1.0,0.9613170369157513
angry,coh_FO_gamma,0.0950215484137598,-0.07821982899836104,0.05596780895174862,-0.09325903947282912,0.050248345360159874,31,0.6776393852592699,1.0,1.0
angry,icoh_FO_gamma,0.06405131019211015,-0.11211877095015405,0.0405043047035571,-0.11401243080965154,0.12031982094049454,31,0.6010228204492742,1.0,0.9625585675239563
angry,coh_FP_delta,0.22532517799336216,0.1010826982829305,0.6395862742196647,-0.030888475130510254,0.8091655615717173,31,0.7746716863242864,1.0,1.0
angry,icoh_FP_delta,0.642642308494128,0.025445649304930103,0.50987445817162,0.06548248266693292,0.2989572202786803,31,0.9261173221716763,1.0,0.9469507891060737
angry,coh_FP_theta,0.9519070962334772,0.03877629651199167,0.8259219238323499,-0.009830005180595505,0.8543895706534386,31,0.9842419685993203,1.0,1.0
angry,icoh_FP_theta,0.6872808134206794,0.03388740899570548,0.14334510286793722,-0.062010942632697165,0.09818304609507322,31,0.9282753843603981,1.0,0.9353621490584075
angry,coh_FP_alpha,0.6142293216742043,-0.06982658556273712,0.7096060395035444,-0.0052648859562606206,0.7942198486998677,31,0.9280365538128413,1.0,1.0
angry,icoh_FP_alpha,0.6799776022439629,-0.07814898173272654,0.600412547312895,-0.05931873696675354,0.13531039096415043,31,0.9335666090214143,1.0,0.9817870228096496
angry,coh_FP_beta,0.7525100875625865,0.000938305699983264,0.24267959906765924,0.08060823296180451,0.033809719607234,31,0.9410146185151382,1.0,1.0
angry,icoh_FP_beta,0.7614323020552536,0.010272479773981658,0.9761067611021387,-0.0006527253026498909,0.8241792023181915,31,0.9371474486833891,1.0,1.0
angry,coh_FP_gamma,0.10810943891128752,-0.114905185659543,0.17666289403161717,-0.09470847089875255,0.02600933238863945,31,0.6779928631220444,1.0,1.0
angry,icoh_FP_gamma,0.01101698099246986,-0.17246415599005444,0.2275782366930692,-0.08496522257140454,0.12031982094049454,31,0.49104258137865664,1.0,0.9564276212339948
angry,coh_FT_delta,0.02882308317807443,0.15744016520740262,0.6606833954074156,0.025525448494726058,0.23947724793106318,31,0.5368836986005506,1.0,0.9518076605667734
angry,icoh_FT_delta,0.7659054164826339,0.003150926682915833,0.9425128705948509,0.027819657005379732,0.9614869365468621,31,0.9325365461173923,1.0,1.0
angry,coh_FT_theta,0.42216364738980605,0.061521954353926024,0.3918782468618802,0.06313718702229365,0.10662505030632019,31,0.876639321035737,1.0,0.985689353942871
angry,icoh_FT_theta,0.6691718938697095,0.08294189943272409,0.9308578053877672,0.02656949848619101,0.608313562348485,31,0.9310217653839437,1.0,1.0
angry,coh_FT_alpha,0.2707657709406901,-0.07067128374409037,0.43987344059315936,0.06410270071523932,0.9000833509489894,31,0.8201836944999545,1.0,1.0
angry,icoh_FT_alpha,0.5987268183250365,-0.05828448827799211,0.15116604741255604,-0.12585551805259493,0.00973692536354065,31,0.9293670015791612,1.0,0.8679773466927665
angry,coh_FT_beta,0.10827743715356503,0.09997979891200831,0.2441339094059165,0.08024843255266344,0.03742977511137724,31,0.6689615919190552,1.0,1.0
angry,icoh_FT_beta,0.42201622478472856,-0.010322548402084476,0.46461204642726994,-0.015633340937742084,0.635700810700655,31,0.8777937475522354,1.0,1.0
angry,coh_FT_gamma,0.40988568361068867,0.022687570744005663,0.4775846008844974,0.014472959669419319,0.9153939224779606,31,0.878930125680652,1.0,1.0
angry,icoh_FT_gamma,0.10566909469945897,-0.10285429249505094,0.5031296454209486,-0.0417632140638655,0.31757172010838985,31,0.6797681968295092,1.0,0.9619648220758994
angry,coh_OP_delta,0.3164192996341333,0.0697251316991571,0.34026047585566455,-0.08108071404667208,0.23169402685016394,31,0.8419856843142821,1.0,0.9801835440983206
angry,icoh_OP_delta,0.2648196447576977,-0.0619994175392202,0.4265958871032677,0.047195983568709195,0.9153939224779606,31,0.8160368312533499,1.0,1.0
angry,coh_OP_theta,0.05659876114713184,0.12415835230612371,0.334306176723836,-0.0661118373135879,0.7498410120606422,31,0.5935735622825256,1.0,1.0
angry,icoh_OP_theta,0.4039707806014712,-0.02743883278103275,0.43744185088664667,-0.0661239080445955,0.608313562348485,31,0.8860378456777435,1.0,1.0
angry,coh_OP_alpha,0.030388740612853453,0.16626042078009975,0.45664367505501624,-0.016071168250732085,0.9614869365468621,31,0.5267381706227932,1.0,1.0
angry,icoh_OP_alpha,0.6865304075101786,-0.0427596114035144,0.4026291787514297,-0.052175574050939436,0.7062525749206543,31,0.9302822460072778,1.0,1.0
angry,coh_OP_beta,0.022759383652130573,0.17755745256923364,0.8205201158336797,0.01420653886260128,0.7498410120606422,31,0.5259946444047955,1.0,1.0
angry,icoh_OP_beta,0.03521983919638373,-0.11770170724481763,0.42049042551817883,-0.026249249558623528,0.8392556216567755,31,0.5563842951529987,1.0,1.0
angry,coh_OP_gamma,0.10771824535597953,0.18967934615181023,0.5308947939531242,0.00739515362168567,0.209396718069911,31,0.6789513646679921,1.0,0.9861400156650904
angry,icoh_OP_gamma,0.4364562166375858,-0.06932039126739672,0.20094595173230112,0.05793900729983936,0.9000833509489894,31,0.8813873112681344,1.0,1.0
angry,coh_OT_delta,0.16222324592664028,-0.1129921735897906,0.2486389468812148,-0.0982162805063362,0.04789368249475956,31,0.7103670558471827,1.0,1.0
angry,icoh_OT_delta,0.46088627131236737,0.028833082163188674,0.06429908306252914,0.10397592276490639,0.27238877210766077,31,0.9001346895114781,1.0,0.9416653395854866
angry,coh_OT_theta,0.47922412725554997,-0.06456367773737746,0.4283925820218276,-0.04791000848670752,0.9153939224779606,31,0.9007104078538049,1.0,1.0
angry,icoh_OT_theta,0.12270848387253165,-0.09871735039922913,0.02618982227846689,-0.12797654367250275,0.055239553563296795,31,0.6806230572129756,1.0,0.9574855950971445
angry,coh_OT_alpha,0.8724599367893623,-0.0119474637027718,0.46288686308491356,-0.046924642069390635,0.7942198486998677,31,0.9730384281618625,1.0,1.0
angry,icoh_OT_alpha,0.03654818367185192,-0.18663953688223034,0.29428327162516943,-0.07242175439539657,0.1820761300623417,31,0.5562455271033072,1.0,0.9879609144252279
angry,coh_OT_beta,0.0027186540679375423,0.18324541360182844,0.16230035544780552,0.09821503222518421,0.10662505030632019,31,0.4241100345982566,1.0,0.9784416381050559
angry,icoh_OT_beta,0.15655321417585155,-0.09077546418983112,0.8842073876734182,0.013501262065518958,0.6635807873681188,31,0.7104669501507735,1.0,1.0
angry,coh_OT_gamma,0.0017106219120067237,0.1955260351822897,0.13000239762694968,0.09348904322338308,0.16334008984267712,31,0.42697122923687825,1.0,0.9800405390560627
angry,icoh_OT_gamma,0.5226890349470361,-0.05480078270168168,0.1700066568401858,-0.09475213509370317,0.15741967037320137,31,0.9085179883201965,1.0,0.9872349177173634
angry,coh_PT_delta,0.7550282913913148,-0.025034217475430016,0.24958917316201468,-0.08051009782285781,0.1756664952263236,31,0.9413339736826781,1.0,1.0
angry,icoh_PT_delta,0.3645543196308557,0.08340536325442327,0.23016397572755465,0.07661630186681541,0.42137710005044937,31,0.8633089011372067,1.0,0.9884936482386482
angry,coh_PT_theta,0.6217760384252241,-0.03446284595596703,0.3873446957944384,-0.046528766222244576,0.8392556216567755,31,0.9282015501850235,1.0,1.0
angry,icoh_PT_theta,0.054772347059019455,-0.08302100420105182,0.006441046101258675,-0.14121501832599292,0.006217258051037788,31,0.5792871960140362,1.0,0.775913804769516
angry,coh_PT_alpha,0.13443601638040553,0.11311707401278082,0.5483988772936723,-0.05010512235566761,0.42137710005044937,31,0.6990672851781087,1.0,0.9866390635327595
angry,icoh_PT_alpha,0.009897424200505685,-0.236366548889982,0.23176554612383315,-0.10863982312789804,0.023342357017099857,31,0.5146660584262956,1.0,0.9710420519113541
angry,coh_PT_beta,0.02291195747675337,0.162871401643583,0.19645574696525714,0.08153332505115139,0.28106469474732876,31,0.5106093380533608,1.0,0.9378843289964339
angry,icoh_PT_beta,0.08090143855106283,-0.10891241961219189,0.5736889519498038,-0.024918674199538315,0.9768865816295147,31,0.6556168526735481,1.0,1.0
angry,coh_PT_gamma,0.009495657678622893,0.1725309118915011,0.35664731842978237,0.06733452594861149,0.6776954075321555,31,0.5152426427357117,1.0,0.9997208848701301
angry,icoh_PT_gamma,0.474011946541243,-0.04142614221411412,0.20486703303047993,-0.07084731435743269,0.3883800162002444,31,0.8990378560539077,1.0,0.9752480084867304
angry,asym_F4F3_delta,0.7594899437947353,0.049017594232686604,0.1574118453169897,-0.08841990182961523,0.8543895706534386,31,0.9356796148626157,1.0,1.0
angry,asym_F4F3_theta,0.912579251203778,0.011665836078545823,0.43049428038545545,-0.053588504441901816,0.49194561038166285,31,0.9750846793684205,1.0,1.0
angry,asym_F4F3_alpha,0.04940832348254165,0.12229815854911917,0.9369903617360461,0.008552692789429439,0.8543895706534386,31,0.5928998817904998,1.0,1.0
angry,asym_F4F3_beta,0.10838955071735717,0.1267800121622239,0.9855396313572669,-0.03296964407600237,0.9000833509489894,31,0.6663554645086786,0.9983388473489196,1.0
angry,asym_F4F3_gamma,0.33168229624067647,0.11050233786659916,0.6512105704089066,0.015475226306803746,0.5682233804836869,31,0.8499784511465384,1.0,1.0
angry,asym_F8F7_delta,0.8706524337975441,0.016775593288564147,0.3842465102478869,-0.07699487886172224,0.6219436237588525,31,0.9736328291929526,1.0,1.0
angry,asym_F8F7_theta,0.41191714023993475,-0.11606479470971048,0.8173230396323984,-0.07800622052416184,0.4677626034244895,31,0.8772569812618406,1.0,1.0
angry,asym_F8F7_alpha,0.2187605836610811,0.06532308642653165,0.3482605320379072,0.04385623770077538,0.9153939224779606,31,0.76905129129304,1.0,1.0
angry,asym_F8F7_beta,0.9350612940727503,-0.02892990680875996,0.9789773417038715,-0.011573098769564338,0.6776954075321555,31,0.9806357100863801,1.0,0.9985405768596577
angry,asym_F8F7_gamma,0.8078807643454895,-0.05066813265621785,0.30871523791686883,0.04574346602634331,0.2989572202786803,31,0.9574883132983579,1.0,0.9445534453361849
angry,asym_T4T3_delta,0.4249704071871705,-0.043956947764934584,0.6508402193771969,-0.005889192258729249,0.7352173123508692,31,0.8780845499496504,1.0,1.0
angry,asym_T4T3_theta,0.7480612650502808,-0.08202453785648017,0.8613246863712934,-0.05601538453618114,0.9614869365468621,31,0.9401615899121355,1.0,1.0
angry,asym_T4T3_alpha,0.3348677615251643,0.07025627813782838,0.9935387011101017,0.003494717937660306,0.8392556216567755,31,0.852887686496745,0.9991428678367501,1.0
angry,asym_T4T3_beta,0.017947160330970418,-0.12608899924494615,0.2868904979645457,0.0619541081070797,0.5948144253343344,31,0.5208850254197926,1.0,1.0
angry,asym_T4T3_gamma,0.014743384712727079,-0.15152964215388165,0.41605570639840417,0.05893687388245233,0.4102047085762024,31,0.49729038166171335,1.0,0.9882924252955609
angry,asym_T6T5_delta,0.13095370231258968,-0.05125887992021849,0.3869213212577667,-0.022946419238679103,0.6495812004432082,31,0.6984197456671449,1.0,1.0
angry,asym_T6T5_theta,0.49666029843072845,-0.0646196988907872,0.22178755966114605,-0.09980032086865159,0.12516957335174084,31,0.9088446516738257,1.0,0.9702585561675314
angry,asym_T6T5_alpha,0.023562509979099297,0.11569655030498305,0.6696489660336135,0.0038803157543906676,0.5814498504623771,31,0.4984069907443377,1.0,1.0
angry,asym_T6T5_beta,0.2813333246781199,0.09810002037589206,0.39888232285815384,0.055283081961888185,0.052696118131279945,31,0.8146264250540455,1.0,0.9531123975048894
angry,asym_T6T5_gamma,0.4835118004075274,0.04166675692947162,0.6131694844869229,0.011452566793222478,0.49194561038166285,31,0.9019771702669569,1.0,1.0
angry,asym_P4P3_delta,0.3845801310350585,-0.01481202481392722,0.7207366814388234,-0.0060880288131427256,0.9153939224779606,31,0.874236800604286,1.0,1.0
angry,asym_P4P3_theta,0.17281772674737583,-0.08443440181260897,0.08904107613293859,-0.10324967453399589,0.0828599464148283,31,0.7311068575617798,1.0,0.9943193569779396
angry,asym_P4P3_alpha,0.15227243129487172,0.09528675908537415,0.9568427075523485,0.003661046172122267,0.6219436237588525,31,0.7144210310375937,1.0,1.0
angry,asym_P4P3_beta,0.9742647561756693,0.019463587162359304,0.8496233896767427,-0.009585539537783067,0.691920786164701,31,0.9917474842636504,1.0,0.9982857122931177
angry,asym_P4P3_gamma,0.5303479510516353,0.006983732264649805,0.9818481945692769,-0.014193894924604497,0.608313562348485,31,0.9104184909387082,1.0,1.0
angry,asym_O2O1_delta,0.2889182374010276,-0.03671580211387766,0.9828735580695579,0.015711245496156538,0.8543895706534386,31,0.8232190873892293,1.0,1.0
angry,asym_O2O1_theta,0.09012652699244689,-0.09078431282325859,0.09840000566825191,-0.0676403521958269,0.3271495960652828,31,0.6501613045466689,1.0,0.9744217085667612
angry,asym_O2O1_alpha,0.8070906684087922,-0.008361873586824246,0.5557898244288203,-0.035735058905880926,0.2240869216620922,31,0.9583721733341319,1.0,0.984719993782715
angry,asym_O2O1_beta,0.3472824134726292,-0.06995401386833477,0.43987344059315936,-0.12243984257886642,0.14605465531349182,31,0.8531662441217348,1.0,0.9852768098985827
angry,asym_O2O1_gamma,0.17818183011167588,-0.06423851048997195,0.28399190881657255,-0.14752193003729785,0.111049959436059,31,0.7437154648139515,1.0,0.9759883758887439
afraid,delta_frontal,0.022459739640027523,0.1333194281487496,0.2515920948874216,0.054796057424907105,0.25557575561106205,31,0.5288633032217801,1.0,0.9326273187210685
afraid,delta_central,0.01893757559661349,0.16048878467874692,0.40715746854315515,0.04121375754908542,0.3777303956449032,31,0.537138507831219,1.0,0.9820990286767483
afraid,delta_temporal,0.008973269421237884,0.14370392476872623,0.21109730690678585,0.04297855662760991,0.2899207631126046,31,0.5090291017138582,1.0,0.9496617122428623
afraid,delta_parietal,0.07405704610522502,0.11107541055758696,0.5447667334746633,0.029704617445110153,0.608313562348485,31,0.6418277329119503,1.0,1.0
afraid,delta_occipital,0.05309756195712819,0.1155697467394082,0.4683905346969589,0.030987720374517705,0.444234280847013,31,0.5864226311725309,1.0,1.0
afraid,theta_frontal,0.054282103630786595,-0.11381352027896956,0.038794893004030634,-0.13586328426753086,0.0355817461386323,31,0.5840005632001869,1.0,1.0
afraid,theta_central,0.3649182997824083,-0.056622180523801344,0.3091580203683857,-0.07196812437408866,0.3672574386000633,31,0.8609036637588763,1.0,0.9772649965306589
afraid,theta_temporal,0.20320543265591096,-0.0835554548276097,0.06622414420338886,-0.11120660198489753,0.050248345360159874,31,0.7684859998623542,1.0,0.9953957938012623
afraid,theta_parietal,0.06851351710369002,-0.10509883960605623,0.050997454976470076,-0.13504568585845905,0.050248345360159874,31,0.6287122745985673,1.0,0.9798427345231175
afraid,theta_occipital,0.1045531466814728,-0.12192655397910737,0.07830770881532197,-0.13741635385848203,0.10662505030632019,31,0.6831535448087855,1.0,0.9712997283378657
afraid,alpha_frontal,0.8081368569032601,0.013706492508482413,0.5517861111008349,0.0509097378732963,0.2989572202786803,31,0.9568831095021524,1.0,0.9421682093631137
afraid,alpha_central,0.28851604953012155,-0.07194804784527835,0.9344697300141561,-0.01819643663782835,0.5682233804836869,31,0.8239543016329329,1.0,1.0
afraid,alpha_temporal,0.46080444362258555,-0.07707997856400241,0.9034706205302694,-0.01481993525711837,0.7062525749206543,31,0.9028005426075144,1.0,1.0
afraid,alpha_parietal,0.7593671180730938,0.014904116056688158,0.35456308227676614,0.05731058192173148,0.336907590739429,31,0.936452730588163,1.0,0.9710408158032503
afraid,alpha_occipital,0.9376762462701378,-0.035353266075270444,0.7476831712540133,0.023267016453292617,0.9461012529209256,31,0.9800837146944154,1.0,1.0
afraid,beta_frontal,0.02166567131662615,-0.1386023979886152,0.46430235305032264,-0.0381251445956652,0.24743753485381603,31,0.5199761115990276,1.0,0.9443487568732796
afraid,beta_central,0.026749828722410312,-0.14173651959706718,0.9138576197848335,0.00676478305949568,0.7062525749206543,31,0.5216216600870011,1.0,0.9993233713163
afraid,beta_temporal,0.05858572416721606,-0.12015383364383074,0.7988080978176237,-0.004298588045102875,0.9153939224779606,31,0.589636965811981,1.0,1.0
afraid,beta_parietal,0.01967101696866851,-0.14370935555463482,0.5322109399121291,-0.029475661138486577,0.2989572202786803,31,0.53368324297605,1.0,0.9397949896921739
afraid,beta_occipital,0.06128701209692333,-0.08362601214668947,0.7317750197596661,0.015011927829621317,0.9307350646704435,31,0.5975483679450024,1.0,1.0
afraid,gamma_frontal,0.010254209872981805,-0.11496512893704172,0.10434324382056384,-0.06418121340624482,0.1820761300623417,31,0.4739723674622701,1.0,0.9836840273497941
afraid,gamma_central,0.1187116632911105,-0.058576964285456536,0.5044244278155755,-0.033793189106180795,0.5421982295811176,31,0.6795970448958987,1.0,1.0
afraid,gamma_temporal,0.012426888694501407,-0.08471530609026377,0.18901267757582896,-0.008141005671200217,0.7062525749206543,31,0.5169585696912585,1.0,0.9981916347689429
afraid,gamma_parietal,0.004713816071360177,-0.13395784753021792,0.09735532467850963,-0.07872791149577671,0.04789368249475956,31,0.3921894971371668,1.0,1.0
afraid,gamma_occipital,0.02092475270334386,-0.06414915791291241,0.20801840366807378,-0.03785446367799355,0.691920786164701,31,0.5222818274754628,1.0,0.997132957429038
afraid,faa,0.7281399494424405,-0.006732385496116274,0.961882119270635,0.009607501728889713,0.7645525922998786,31,0.9358585549991408,1.0,1.0
afraid,coh_CF_delta,0.3833656377091098,0.01901591503797558,0.4707581366988649,0.02580014900884756,0.7498410120606422,31,0.8730662698192866,1.0,1.0
afraid,icoh_CF_delta,0.32869769212558386,0.07321148979194214,0.8554458859375111,-0.0010461293752663488,0.8241792023181915,31,0.854613999526518,1.0,1.0
afraid,coh_CF_theta,0.9874407060357824,-0.0004620762760608737,0.8015878079173759,0.03779400758440638,0.3672574386000633,31,0.9946133988157032,1.0,0.975185709303998
afraid,icoh_CF_theta,0.839266587168723,0.024599422461709666,0.2522301948726241,-0.05974476534118048,0.8392556216567755,31,0.961804132953688,1.0,1.0
afraid,coh_CF_alpha,0.33087474230833813,-0.04717462693638958,0.4661867338553234,-0.014852251748142104,0.7498410120606422,31,0.8531646247950537,1.0,1.0
afraid,icoh_CF_alpha,0.5526553184401384,0.052365619516073526,0.2600841771557837,0.07742597800760238,0.21665488090366125,31,0.9208462448775604,1.0,0.9868076327290848
afraid,coh_CF_beta,0.5621892182651558,0.047111932743171304,0.3485851130103781,-0.04946528424893506,0.5948144253343344,31,0.9243901770683983,1.0,1.0
afraid,icoh_CF_beta,0.5811382569300285,0.015378778265638113,0.7271403533970402,-0.04132400152785239,0.4102047085762024,31,0.9192148854862808,1.0,0.9863882009693653
afraid,coh_CF_gamma,0.5681223716746495,-0.07659360183095633,0.9179350724510354,-0.02052926755526072,1.0,31,0.921998335305543,1.0,1.0
afraid,icoh_CF_gamma,0.6128236525828625,0.047703683692429506,0.36033547339237104,0.08291235330358145,0.3672574386000633,31,0.9304183922425943,1.0,0.9731152513224608
afraid,coh_CO_delta,0.3930141324413503,-0.0719360736615258,0.8732251972210198,0.000604081064186952,0.6635807873681188,31,0.8805774457572804,1.0,1.0
afraid,icoh_CO_delta,0.7324083498325287,0.01032625806571713,0.9146729324421805,-0.006104702397960641,0.9922946002334356,31,0.9365221522448727,1.0,1.0
afraid,coh_CO_theta,0.7007970404642532,-0.039844981696048096,0.27731725755049474,-0.07638862446148557,0.1953968871384859,31,0.9294311439950987,1.0,0.9872684823839288
afraid,icoh_CO_theta,0.31820226074705893,0.10550111854344905,0.504752614818057,0.0748271469031807,0.3883800162002444,31,0.8449285561964458,1.0,0.9732896791524198
afraid,coh_CO_alpha,0.6325242304671586,-0.05063099215555104,0.8077517777172126,-0.022213437206008543,0.529405927285552,31,0.9297882681072012,1.0,1.0
afraid,icoh_CO_alpha,0.6292221273913281,0.08414490675084763,0.1627190169016033,0.11785898269241367,0.11561407148838043,31,0.9326237707652938,1.0,0.9683648403858979
afraid,coh_CO_beta,0.27388670339920773,0.08220917088322767,0.413291798247022,-0.05638415803428001,0.7793471785262227,31,0.8216601101976232,1.0,1.0
afraid,icoh_CO_beta,0.8227633346176259,-0.0026422929431369193,0.9118197365568017,0.00735874449548377,0.5421982295811176,31,0.9578438820921614,1.0,1.0
afraid,coh_CO_gamma,0.2743395956635304,0.08128160973916866,0.3146908985460044,-0.06027673451528324,0.2989572202786803,31,0.8190808980576219,1.0,0.9374336957482238
afraid,icoh_CO_gamma,0.39372934110554625,-0.01858185800693373,0.5420395467931916,0.09446527546053905,0.23169402685016394,31,0.8774539601780745,1.0,0.9768721132060966
afraid,coh_CP_delta,0.5375680060031023,-0.07945696729329016,0.7640914502039728,-0.04687600687992709,0.34684528410434723,31,0.9127685326420022,1.0,0.9640599433457134
afraid,icoh_CP_delta,0.14662324427392928,0.0674834549420769,0.13267275779867832,0.07779677715871877,0.23169402685016394,31,0.7065089144936824,1.0,0.9735829815118
afraid,coh_CP_theta,0.8181480856754073,-0.03192923178919575,0.3153096562299843,-0.08421521088148001,0.608313562348485,31,0.9542512251615966,1.0,1.0
afraid,icoh_CP_theta,0.08882690069396726,0.1307652652720447,0.024888152304567375,0.15329289034147134,0.03742977511137724,31,0.6482805383980768,1.0,1.0
afraid,coh_CP_alpha,0.8704466831965085,-0.018279012195953983,0.7090852655299036,-0.031333239555837056,0.09026811271905899,31,0.974275749443267,1.0,0.9387883722782135
afraid,icoh_CP_alpha,0.4774393671329813,0.0690564468023651,0.20681448617503995,0.1281988732007291,0.13531039096415043,31,0.9014286387019073,1.0,0.9761119533136401
afraid,coh_CP_beta,0.32285352648697163,0.059922423591234016,0.3091580203683857,-0.07315787524773783,0.8392556216567755,31,0.8500447279656974,1.0,1.0
afraid,icoh_CP_beta,0.6402575964591768,0.02914199024697395,0.22678899678910203,0.06696240221592005,0.5682233804836869,31,0.9291180004430845,1.0,1.0
afraid,coh_CP_gamma,0.3989020697645361,0.0549614055682995,0.27539007191044895,-0.07420708628173042,0.1953968871384859,31,0.8795579206115567,1.0,0.9832875610839936
afraid,icoh_CP_gamma,0.7617257794080378,0.026768465003039137,0.22462383156296462,0.1357470855933591,0.08650196995586157,31,0.9365849977352031,1.0,0.963879093793886
afraid,coh_CT_delta,0.03379516907451825,-0.15931382625397617,0.6030233437074581,-0.04095494489447001,0.1953968871384859,31,0.540722705192292,1.0,0.9793386150555439
afraid,icoh_CT_delta,0.8791910841499918,-0.010676356003850926,0.42200089771977944,-0.05383753186550096,0.5551384268328547,31,0.9710004186010529,1.0,1.0
afraid,coh_CT_theta,0.2210655746446829,-0.07907960397939101,0.34424221801169275,-0.06336131259123987,0.8695757398381829,31,0.7749714526869783,1.0,1.0
afraid,icoh_CT_theta,0.140339048945706,0.09440376239878732,0.46760280152333944,0.024254641440024486,0.43272085953503847,31,0.7090815104625146,1.0,0.9927125601097941
afraid,coh_CT_alpha,0.38266196153754484,-0.08666883086464479,0.5478429434303214,-0.055846186302851875,0.4559155162423849,31,0.8746559120858167,1.0,1.0
afraid,icoh_CT_alpha,0.44158363318225113,0.09438288591559126,0.23096373994281716,0.10024612553069907,0.13016566075384617,31,0.8860070324942917,1.0,0.9785948471132532
afraid,coh_CT_beta,0.15983438608270595,0.11415998583217454,0.6055328301147462,-0.040461514895159714,0.8695757398381829,31,0.7098694442392065,1.0,1.0
afraid,icoh_CT_beta,0.34334325466947146,-0.06209984684166882,0.8554458859375111,-0.019577410225576363,0.24743753485381603,31,0.8569847636550008,1.0,0.9414696448096415
afraid,coh_CT_gamma,0.10010801552951046,0.11827521983370208,0.42423210933722233,-0.05152870545116901,0.09818304609507322,31,0.668100552838658,1.0,0.9282760721716014
afraid,icoh_CT_gamma,0.053161034477484055,-0.09635277465654743,0.9389658135066061,0.02059990066647573,0.8543895706534386,31,0.5819734300692991,1.0,1.0
afraid,coh_FO_delta,0.6467320962214193,-0.0004264539490288213,0.7358384027606248,0.014515173708551127,0.7498410120606422,31,0.9266609139888993,1.0,1.0
afraid,icoh_FO_delta,0.4332074675088816,0.0600445042471164,0.9684362566800147,0.021796804883625596,0.5167645234614611,31,0.8805259274447627,1.0,1.0
afraid,coh_FO_theta,0.878784032381806,-0.0038126559052565137,0.8413550143324874,0.026988092134867095,0.49194561038166285,31,0.9714105158658051,1.0,1.0
afraid,icoh_FO_theta,0.4297321446118457,-0.010538634218837384,0.0873660502455595,-0.06975214633721989,0.529405927285552,31,0.8820817705190518,1.0,1.0
afraid,coh_FO_alpha,0.5656756832397201,-0.04724412480898897,0.5951670305663412,-0.023828060877288875,0.9461012529209256,31,0.9228277812851903,1.0,1.0
afraid,icoh_FO_alpha,0.5696979113340088,0.05752304689886105,0.9442818650598305,0.033225998108896065,0.8241792023181915,31,0.9209624266124908,1.0,1.0
afraid,coh_FO_beta,0.19812105527671342,0.08543450596592016,0.6652354561742932,-0.042172352313158516,0.5814498504623771,31,0.7631329536584517,1.0,1.0
afraid,icoh_FO_beta,0.45892416168895833,0.04132844773265579,0.6870287303675842,0.019765212947776188,0.9000833509489894,31,0.9005304304839937,1.0,1.0
afraid,coh_FO_gamma,0.6808227999382883,-0.008833385638281897,0.5396588582493171,0.027312358789471462,0.14060599450021982,31,0.9326749224182039,1.0,0.9858218041363727
afraid,icoh_FO_gamma,0.026066921146789452,0.16408432352416089,0.0370124465475334,0.15816712903333252,0.07593795005232096,31,0.524701896632149,1.0,0.9770160996422326
afraid,coh_FP_delta,0.577077859677564,0.005647729326258906,0.6507374146467426,0.011399028871520429,0.5682233804836869,31,0.9209631315570331,1.0,1.0
afraid,icoh_FP_delta,0.37178735366158855,0.0772942536200111,0.9205865814011075,0.02873949338965492,0.5042768456041813,31,0.8672721819993692,1.0,1.0
afraid,coh_FP_theta,0.9071444471621629,-0.010692905780257278,0.6908132549783785,0.0020894655054500945,0.7942198486998677,31,0.9751216796368469,1.0,1.0
afraid,icoh_FP_theta,0.8041410466920789,0.01567022989977132,0.2127905344480321,-0.06570308691661171,0.7352173123508692,31,0.9585176946243691,1.0,1.0
afraid,coh_FP_alpha,0.33113147774173834,-0.019395329307360737,0.4496889439858667,-0.0006918605779598461,0.3672574386000633,31,0.8520661530344112,1.0,0.971053566467964
afraid,icoh_FP_alpha,0.7275585441352259,0.019670671009371955,0.654442561763837,0.04449693544877729,0.3777303956449032,31,0.9389793827101984,1.0,0.9800572427543434
afraid,coh_FP_beta,0.22488697457487894,0.06947325505951192,0.8586733092300184,-0.024665444666108025,0.2240869216620922,31,0.7753009510205771,1.0,0.9812648359097933
afraid,icoh_FP_beta,0.3392845531105525,0.03555476752176526,0.5286746924975375,0.022030144471340055,0.9307350646704435,31,0.8536837142781644,1.0,1.0
afraid,coh_FP_gamma,0.8109369115483955,-0.03082276539147554,0.9831901892388017,0.016888017017470516,0.5948144253343344,31,0.9556650289068911,1.0,1.0
afraid,icoh_FP_gamma,0.3012433825597205,0.1094217154704901,0.42886507606611557,0.10505880790986018,0.27238877210766077,31,0.8317516403418832,1.0,0.9390640541170183
afraid,coh_FT_delta,0.5728552297128038,0.03362351469421357,0.8345288773005534,0.02169842001485473,0.7645525922998786,31,0.9212929467546124,1.0,1.0
afraid,icoh_FT_delta,0.2050441147704375,0.10132648219415367,0.8851819482644445,0.019588376020965234,0.7793471785262227,31,0.7684536193198378,1.0,1.0
afraid,coh_FT_theta,0.9699459194850354,-0.0026843155039276818,0.7525550307432964,0.027219341893865417,0.3883800162002444,31,0.9905830667081212,1.0,0.9713391988334771
afraid,icoh_FT_theta,0.7822581112223702,0.042012810519519904,0.6631831032064122,-0.01714371298368302,0.9153939224779606,31,0.9423340953721216,1.0,1.0
afraid,coh_FT_alpha,0.5367170242561401,-0.04564977208193537,0.531536446602866,-0.034134896722226936,0.8848088048398495,31,0.9150585331580093,1.0,1.0
afraid,icoh_FT_alpha,0.27388670339920773,0.0663913970490507,0.44110852104572773,0.04303675577994948,0.6776954075321555,31,0.8196897022594994,1.0,0.997363052594493
afraid,coh_FT_beta,0.09566066062353273,0.10892457866533503,0.9134499973933021,0.009113079065350005,0.23169402685016394,31,0.6783210480577776,1.0,0.970315924526861
afraid,icoh_FT_beta,0.1443394265072894,0.0904058795291566,0.17867276664090537,0.08839677212004937,0.691920786164701,31,0.7119984358936646,1.0,0.9959828617457287
afraid,coh_FT_gamma,0.6341780389019465,0.0035463521095656773,0.6511075431780893,0.03308211047360042,0.49194561038166285,31,0.9289368457155271,1.0,1.0
afraid,icoh_FT_gamma,0.3676563529448288,0.09433725762946403,0.03609065742345756,0.17446695808240417,0.10662505030632019,31,0.8657266575002761,1.0,0.9642613245093304
afraid,coh_OP_delta,0.49733671730256734,-0.05653891648243778,0.8906625836773698,-0.0035158481545463725,0.9000833509489894,31,0.9074213789380177,1.0,1.0
afraid,icoh_OP_delta,0.6037957599260124,-0.04698334238605298,0.5451081104328093,-0.04521282032710544,0.15741967037320137,31,0.9280013650094378,1.0,0.9822987431287765
afraid,coh_OP_theta,0.07544575635251342,-0.11205047197842909,0.04943017078942304,-0.11063718921991125,0.14605465531349182,31,0.644906191287238,1.0,0.9799796227485903
afraid,icoh_OP_theta,0.4579856354866597,0.10466315157920102,0.88477619040683,0.04704341493637844,0.5042768456041813,31,0.9015237745857277,1.0,1.0
afraid,coh_OP_alpha,0.47759935884800453,-0.04298936007392707,0.7267545787378287,-0.013382993732639565,0.8695757398381829,31,0.90036857982222,1.0,1.0
afraid,icoh_OP_alpha,0.2658219636845307,0.10625084626063834,0.14851276956924672,0.10591887111671279,0.1820761300623417,31,0.8131024771526821,1.0,0.9794440099905277
afraid,coh_OP_beta,0.5262214573305674,0.053405522532051636,0.5944551427414458,-0.0286212622682725,0.5682233804836869,31,0.9083324740643818,1.0,1.0
afraid,icoh_OP_beta,0.7454581464882639,0.03705382043517641,0.8665499489283656,0.00048006654816526234,0.6495812004432082,31,0.939729057391266,1.0,1.0
afraid,coh_OP_gamma,0.9151246000448403,0.07651590410904491,0.7106156906802027,0.023692501253029543,0.7645525922998786,31,0.9752993175541935,1.0,1.0
afraid,icoh_OP_gamma,0.5996630942954291,-0.021413804964441573,0.887008229737487,0.024607565766192562,0.6635807873681188,31,0.9273600268657937,1.0,0.998973248052367
afraid,coh_OT_delta,0.020569692176721117,-0.11175785217893627,0.7839610016050158,0.01349478744934391,0.9922946002334356,31,0.523897466051999,1.0,1.0
afraid,icoh_OT_delta,0.6012786992618228,0.09107587529522,0.8994016928852524,0.06782250100786734,0.3271495960652828,31,0.9252722770391552,1.0,0.9721016568796975
afraid,coh_OT_theta,0.16121892442261487,-0.09827566488563472,0.5209706482320162,-0.04264402982687453,0.28106469474732876,31,0.7109583663583865,1.0,0.9353833041191101
afraid,icoh_OT_theta,0.16006451596671412,0.09967924494661483,0.8321225983656696,-0.008360984330150364,0.5042768456041813,31,0.7083706238526922,1.0,1.0
afraid,coh_OT_alpha,0.579724429215684,0.0005960957851235947,0.3212903703828335,0.04874528639276843,0.4102047085762024,31,0.919308878857908,1.0,0.9844913005828857
afraid,icoh_OT_alpha,0.10722703451688503,-0.07742181297465077,0.12079698901695378,-0.042541150350555404,0.14060599450021982,31,0.6792859851628047,1.0,0.9803144197557225
afraid,coh_OT_beta,0.00743266392620744,0.1972765137873001,0.6858948955292137,0.04382234288122382,0.2899207631126046,31,0.5153313655503825,1.0,0.9471756868181428
afraid,icoh_OT_beta,0.03291755106599329,-0.177148068927347,0.7687994196307723,-0.04923497176044371,0.060623603872954845,31,0.5405408385573636,1.0,0.9955033899137848
afraid,coh_OT_gamma,0.0501547391644462,0.14347166288953644,0.7617407196844097,-0.004194999861735335,0.8241792023181915,31,0.5905010799738571,1.0,1.0
afraid,icoh_OT_gamma,0.6400730095076659,-0.06981857722044997,0.44523374794146664,0.026015989120411885,0.6635807873681188,31,0.9299314503673656,1.0,0.9977696658257978
afraid,coh_PT_delta,0.026643770793555448,-0.13267876986596486,0.3731582057602151,-0.03914842184232774,0.24743753485381603,31,0.5278004119104318,1.0,0.9386080349469982
afraid,icoh_PT_delta,0.312852164985708,0.07719242978888655,0.5671745230459697,0.058721980540391044,0.3081742124632001,31,0.841464443754663,1.0,0.9472941309213638
afraid,coh_PT_theta,0.04177039032746789,-0.12784006471324072,0.2861611590499439,-0.062372200723530564,0.5682233804836869,31,0.5728510673481311,1.0,1.0
afraid,icoh_PT_theta,0.8073372907765302,0.05126849038290038,0.776468014920523,-0.002307146341604135,0.8543895706534386,31,0.9577537441911689,1.0,1.0
afraid,coh_PT_alpha,0.72562166049229,-0.019565266771920293,0.8239131406873106,0.016890928988251862,0.608313562348485,31,0.9384205516003916,1.0,1.0
afraid,icoh_PT_alpha,0.508689044743533,0.009576369092461175,0.7784378691880252,0.043141020669176196,0.529405927285552,31,0.9043360795440588,1.0,1.0
afraid,coh_PT_beta,0.08257445691602897,0.15053062898027342,0.8803148713153793,0.01742108743657649,0.444234280847013,31,0.6522336850076212,1.0,1.0
afraid,icoh_PT_beta,0.40426089256953257,-0.05759692595901176,0.9256880938833051,-0.014491579541043312,0.3672574386000633,31,0.8851185858364503,1.0,0.9690005990969959
afraid,coh_PT_gamma,0.07876883956561319,0.13602293703124008,0.7408795040634841,-0.013745254117931269,1.0,31,0.6510166342906308,1.0,1.0
afraid,icoh_PT_gamma,0.10909655009519935,-0.10601029822488692,0.7906822971739706,0.020058443751747243,0.9768865816295147,31,0.6609344394116932,1.0,1.0
afraid,asym_F4F3_delta,0.4669450082578399,-0.041067140302559244,0.32016337930371075,-0.06910196235135325,0.9307350646704435,31,0.8951572508537392,1.0,1.0
afraid,asym_F4F3_theta,0.8229641380107348,0.010044833316873916,0.7562642590164774,-0.033371035740700807,0.444234280847013,31,0.9571847569780029,1.0,0.99892681531004
afraid,asym_F4F3_alpha,0.8924370434767277,0.00470917140336738,0.10227637803438859,-0.10235877750001306,0.336907590739429,31,0.9735676837927938,1.0,0.9688033945686806
afraid,asym_F4F3_beta,0.9161483327361848,-0.020517332642736592,0.2634701057486092,-0.06242830806816643,0.8241792023181915,31,0.975557268988702,1.0,1.0
afraid,asym_F4F3_gamma,0.7086539484835458,-0.02240603621376012,0.09168214644778803,-0.08764856084921203,0.529405927285552,31,0.9319284801975396,1.0,1.0
afraid,asym_F8F7_delta,0.7411648686642934,-0.010412591684116209,0.7731225659351493,0.02526876495056945,0.18865238688886166,31,0.9400139797693478,1.0,0.9728850365177659
afraid,asym_F8F7_theta,0.6391504090223161,0.002197616938050822,0.8105394478608076,-0.009996026738453168,0.608313562348485,31,0.929673322214278,1.0,1.0
afraid,asym_F8F7_alpha,0.6345458004797286,-0.0014046640169252016,0.13207804183237498,-0.09404024845628164,0.25557575561106205,31,0.9283858839375162,1.0,0.9299082886373337
afraid,asym_F8F7_beta,0.010117658696039547,-0.12112206249337759,0.2551156022371618,-0.06834254339801225,0.20231117121875286,31,0.48564761740989826,1.0,0.9862669596914202
afraid,asym_F8F7_gamma,0.010027526437883126,-0.1319613577600787,0.22966576317114384,-0.06988525705278949,0.2240869216620922,31,0.5005741197791257,1.0,0.9778338399800387
afraid,asym_T4T3_delta,0.08690758647142513,-0.12118843258379118,0.04907428563067474,-0.13625874422449935,0.03742977511137724,31,0.6533775175683046,1.0,0.9938799859361446
afraid,asym_T4T3_theta,0.30609585944222983,-0.06701347798122079,0.8576644830802442,0.006431237158596103,0.7645525922998786,31,0.8395772144701161,1.0,1.0
afraid,asym_T4T3_alpha,0.8085367151818332,-0.007083688904856663,0.36398997252588816,-0.06645871976398827,0.1953968871384859,31,0.9564491190018274,1.0,0.9754212605953216
afraid,asym_T4T3_beta,0.8588798126562014,0.012404155025709589,0.944895419860297,-0.002387641805637532,0.9000833509489894,31,0.9691519043353882,1.0,1.0
afraid,asym_T4T3_gamma,0.7296911277650147,-0.0029701275892801446,0.9379438002982866,0.013937836653061721,0.9614869365468621,31,0.9368873739205127,1.0,1.0
afraid,asym_T6T5_delta,0.6779871262862398,0.03851556612535474,0.7323550457863152,0.030212550108809192,0.3271495960652828,31,0.9359822274394107,1.0,0.9697926268158502
afraid,asym_T6T5_theta,0.2813096100937458,-0.10269795141904722,0.9152844759062007,0.02557717810435192,0.24743753485381603,31,0.8164520776674296,1.0,0.9357637681744315
afraid,asym_T6T5_alpha,0.7534802929992842,0.0028633934310326385,0.11932721785499616,-0.09050835242246726,0.02600933238863945,31,0.9412846903534601,1.0,0.9836256612430919
afraid,asym_T6T5_beta,0.06243957141502267,-0.10701102943357972,0.9356957334092445,-0.011095862916511682,0.8543895706534386,31,0.5948441612667807,1.0,1.0
afraid,asym_T6T5_gamma,0.20037924994780532,-0.10858228560480586,0.8491996760531393,0.006128030410223372,0.9000833509489894,31,0.7624186095575032,1.0,1.0
afraid,asym_P4P3_delta,0.3638266543992982,0.05864344214121801,0.7766649358998885,-0.018176267311626578,1.0,31,0.8648679327434745,1.0,1.0
afraid,asym_P4P3_theta,0.3119868586231276,0.03438432188783554,0.2300645867522858,0.10076323105387035,0.08650196995586157,31,0.8409494590964649,1.0,0.9553491903089844
afraid,asym_P4P3_alpha,0.8334215925666609,0.0215898268430058,0.11607148161270835,-0.09729292367154106,0.14060599450021982,31,0.9603971814618586,1.0,0.9748682285348574
afraid,asym_P4P3_beta,0.21709863490622072,-0.07652269178890385,0.30260394065397933,-0.07003267124650027,0.26389263197779655,31,0.7697133419402372,1.0,0.9277126893191271
afraid,asym_P4P3_gamma,0.6409961667931912,-0.00023903938382738088,0.35912244287825057,-0.05197470159115585,0.2899207631126046,31,0.9291094264319426,1.0,0.9447026432494271
afraid,asym_O2O1_delta,0.05848251310172378,0.08598280806261795,0.401798669322588,0.03410934250185394,0.4677626034244895,31,0.5933835475687096,1.0,1.0
afraid,asym_O2O1_theta,0.5765492297034969,-0.000490028019055917,0.5621377967444444,0.05351885827399656,0.24743753485381603,31,0.922478767525595,1.0,0.932936687303814
afraid,asym_O2O1_alpha,0.537397755451013,-0.030143373960627256,0.2520173696421504,-0.07933165038418245,0.14060599450021982,31,0.9137226141728395,1.0,0.9694822162225102
afraid,asym_O2O1_beta,0.20596797861465665,-0.02973452486612307,0.3219175947286357,-0.07167790947387558,0.23169402685016394,31,0.7673075740629597,1.0,0.9670707207659016
afraid,asym_O2O1_gamma,0.6264760232640965,-0.007179234525401249,0.8169202416296484,-0.048710339137168976,0.3777303956449032,31,0.93187375093396,1.0,0.9780239289726954
happy,delta_frontal,0.9469908983745887,0.02754996503854568,0.015680560498790772,-0.15045794152988787,0.06948136258870363,31,0.9824144980644113,1.0,1.0
happy,delta_central,0.6085706898397021,0.02263443389721118,0.06603032429913232,-0.12818196139342142,0.1820761300623417,31,0.9284794876771982,1.0,0.9752403876300534
happy,delta_temporal,0.19237787185053623,0.08196396626408944,0.13499460773717467,-0.10189351424257136,0.3271495960652828,31,0.7597708356628773,1.0,0.9674945400224477
happy,delta_parietal,0.44518847276977147,0.056522914377555175,0.0984400347261826,-0.12440262849361199,0.23947724793106318,31,0.8875322907614615,1.0,0.9487860489459264
happy,delta_occipital,0.18744518856498948,0.08769977758155824,0.10314146913061245,-0.11644153882072716,0.0828599464148283,31,0.7595181666529444,1.0,0.9848496488162449
happy,theta_frontal,0.5156084907205734,0.05355542324164076,0.4524055547262412,0.06309785219842647,0.4559155162423849,31,0.9063090090412331,1.0,1.0
happy,theta_central,0.608942226964617,-0.03563784743465621,0.897472278666489,0.006510411436856722,0.8695757398381829,31,0.927911964898464,1.0,1.0
happy,theta_temporal,0.5011446880869489,-0.05026630614787352,0.8529512454668351,0.057546054127330215,0.8543895706534386,31,0.9064182184529163,1.0,1.0
happy,theta_parietal,0.28676920330586675,0.07761243532595043,0.31087630257949284,0.08041889108449332,0.3271495960652828,31,0.8227309556913143,1.0,0.9652073188876429
happy,theta_occipital,0.5833648463277978,0.05920967978018804,0.4588447615687077,0.0985972416468273,0.15165852662175894,31,0.9215687698950528,1.0,0.9756177382678101
happy,alpha_frontal,0.9044043502159117,-0.013400072508576572,0.0023005072470715384,0.17781925440936738,0.27238877210766077,31,0.973014335404705,0.95701101478176,0.9364771007998915
happy,alpha_central,0.5126984980437302,-0.05270447520274103,0.03874555824462429,0.1334463794561825,0.42137710005044937,31,0.9062998945588886,1.0,0.9847914248370053
happy,alpha_temporal,0.5703160300321111,-0.046641427900695635,0.05421705362501041,0.1365160662091668,0.4797733975574374,31,0.9195793352455744,1.0,1.0
happy,alpha_parietal,0.32043015615996184,-0.053933590342394915,0.05368588280961873,0.14572126492157103,0.3672574386000633,31,0.8472390569653229,1.0,0.9669562940356098
happy,alpha_occipital,0.3978463853935814,-0.06365102672682346,0.02986456983908596,0.13607630428988485,0.1820761300623417,31,0.8819045985278678,1.0,0.9710726936658224
happy,beta_frontal,0.4327885978801308,-0.07139541235938363,0.34949691481646805,0.04799894275038452,0.4677626034244895,31,0.8811095761083251,1.0,1.0
happy,beta_central,0.941709563174516,0.015240885178993769,0.19483315532941425,0.10525553914986094,0.23947724793106318,31,0.980194774680397,1.0,0.9457835614492621
happy,beta_temporal,0.21257608689793672,-0.06353323359521809,0.41029933342484426,0.04628672523331781,0.5682233804836869,31,0.7689708882568842,1.0,1.0
happy,beta_parietal,0.24756967156875231,-0.0955140280202708,0.7123442139905058,0.006453592904994582,0.9461012529209256,31,0.7922229490200073,1.0,1.0
happy,beta_occipital,0.0767424816664851,-0.11194926268641453,0.8182001690950845,0.01427464443420419,0.691920786164701,31,0.638497447465156,1.0,0.9948354160524733
happy,gamma_frontal,0.41707810155843594,-0.009527604483951896,0.9452881030931437,0.008873566719642602,0.7062525749206543,31,0.8807334530371034,1.0,0.997062458711512
happy,gamma_central,0.8729508269120646,0.03481020627378234,0.6126979239911141,-0.022714901605432245,0.31757172010838985,31,0.9727166357020148,1.0,0.9596356094316478
happy,gamma_temporal,0.19538292053220907,-0.052057125321030025,0.8381378010546595,-0.007902643350246407,0.5814498504623771,31,0.7643820840883916,1.0,1.0
happy,gamma_parietal,0.3392641406388677,-0.003697553242426312,0.9758690206613895,-0.016120521670802485,0.9614869365468621,31,0.855356863671327,1.0,1.0
happy,gamma_occipital,0.19021381866993226,-0.0596606057207624,0.75184456020865,-0.018411520971862872,0.7062525749206543,31,0.760855274679729,1.0,0.9959358344643803
happy,faa,0.6857550745482224,-0.027210560598398617,0.21011858251293214,0.07531670442541794,0.3992052096873522,31,0.9312538988424173,1.0,0.9807246096256211
happy,coh_CF_delta,0.0037724608887941603,0.2258979241212138,0.7278986226113018,0.0004051917699314784,0.5814498504623771,31,0.3923359324345927,1.0,1.0
happy,icoh_CF_delta,0.9810484484452999,0.04191153341678327,0.4371616469835303,0.060315713771121694,0.11561407148838043,31,0.9954052550079141,1.0,0.9619090747833252
happy,coh_CF_theta,0.6000533636111427,0.04291397688194768,0.434493362575771,0.044854969917242055,0.336907590739429,31,0.9268150962706758,1.0,0.9665762603282928
happy,icoh_CF_theta,0.6433548154769146,0.011176009992982612,0.4697446270443285,-0.049522838848196075,0.4102047085762024,31,0.9260747516899533,1.0,0.9826016819637248
happy,coh_CF_alpha,0.052666052769281546,-0.11942915017386141,0.4759896792720296,0.05892876947751355,0.13016566075384617,31,0.58685030228628,1.0,0.9727349977293415
happy,icoh_CF_alpha,0.12471441413961963,-0.12066806152971091,0.2770631688197598,-0.0950961075512089,0.16334008984267712,31,0.6856545764151776,1.0,0.9753513498739763
happy,coh_CF_beta,0.5686947596674062,0.0019037607527753336,0.9601465544220931,0.0482344136653819,0.050248345360159874,31,0.9205331518351789,1.0,0.9647682309150696
happy,icoh_CF_beta,0.8043176129690122,0.010351064732094224,0.3286316232163311,0.0597504684491059,0.5551384268328547,31,0.9578133406348542,1.0,1.0
happy,coh_CF_gamma,0.5809985420681523,-0.03739940364268061,0.9733186334137431,-0.0021587929917728644,0.3883800162002444,31,0.9201601275394087,1.0,0.96939652043581
happy,icoh_CF_gamma,0.657496143538296,0.014921863770369232,0.7876963452199526,-0.027341003208295758,0.5421982295811176,31,0.9282298497011238,1.0,1.0
happy,coh_CO_delta,0.08252839929086889,0.11798618183403409,0.7099616239122379,-0.023524964007116844,0.8392556216567755,31,0.6560219255732762,1.0,1.0
happy,icoh_CO_delta,0.9379085747310719,-0.002906389617523802,0.1559751236428864,0.10305924785108783,0.3777303956449032,31,0.9786872084150315,1.0,0.975999034709812
happy,coh_CO_theta,0.08103820687168545,0.1203985822295524,0.406220761507871,0.06510980943215045,0.09416095819324255,31,0.6524882721023447,1.0,0.9401030066013336
happy,icoh_CO_theta,0.32602027019073865,0.05458601209165243,0.4708916177451087,0.03101668350079494,0.20231117121875286,31,0.8565753625221934,1.0,0.9824293450622708
happy,coh_CO_alpha,0.9497381282969515,0.011474560512784115,0.455135959033769,0.05657418606630589,0.34684528410434723,31,0.982813585501323,1.0,0.9619175879160563
happy,icoh_CO_alpha,0.9398088975546308,-0.03278837619178702,0.8248336670852427,-0.01080150044300571,0.6776954075321555,31,0.9790329750819527,1.0,0.9961883022380802
happy,coh_CO_beta,0.6525132501650264,0.024421274432034,0.9692810885109762,-0.0046261785166527266,0.5421982295811176,31,0.9274903601434543,1.0,1.0
happy,icoh_CO_beta,0.7124808929061903,0.008834906033796759,0.2894978478006135,0.0659835690512759,0.9768865816295147,31,0.934008565490468,1.0,1.0
happy,coh_CO_gamma,0.1662780799979635,0.09769290583542557,0.9854349574180744,-0.0010665489049844284,0.1756664952263236,31,0.7230489332315625,0.9990437261232793,1.0
happy,icoh_CO_gamma,0.4116145242256485,0.035137410744406176,0.3577947590825039,0.05068539973926589,0.635700810700655,31,0.8781109850147167,1.0,1.0
happy,coh_CP_delta,0.12367514009763891,0.08533893217758579,0.27612196094056873,-0.0731322174934098,0.31757172010838985,31,0.682949446202891,1.0,0.9573176490223926
happy,icoh_CP_delta,0.24122436623405497,-0.07548217833507571,0.9635449038746223,0.010218118638781496,0.6219436237588525,31,0.7819428806755859,1.0,1.0
happy,coh_CP_theta,0.10882566766215147,0.1010155733906929,0.9607836916524501,0.018882036382693368,0.4797733975574374,31,0.6625094304505611,1.0,1.0
happy,icoh_CP_theta,0.39312329208651364,-0.04363855023080279,0.3876561597737429,-0.049983982435764095,0.3081742124632001,31,0.8792434919784391,1.0,0.944966626914186
happy,coh_CP_alpha,0.6511743353640427,0.050568973333149365,0.5972591930387747,0.06366437727394078,0.15741967037320137,31,0.9287606520392289,1.0,0.9774116847052503
happy,icoh_CP_alpha,0.3540874153493918,-0.11912272678976808,0.9680062329875199,-0.026380195498089842,0.7498410120606422,31,0.85639746968225,1.0,1.0
happy,coh_CP_beta,0.27260403650139076,0.081966281342887,0.7750109815119838,0.01645652961024262,0.43272085953503847,31,0.8197827410933389,1.0,0.9908910691738129
happy,icoh_CP_beta,0.22887930605075812,-0.0643785794577108,0.6232129793971002,-0.010238510847297386,0.21665488090366125,31,0.7720037133820167,1.0,0.9832192413373427
happy,coh_CP_gamma,0.1555805144089588,0.1237991712954032,0.956324279791591,0.029484523255256984,0.05788119416683912,31,0.7138400072881639,1.0,0.9761585178407463
happy,icoh_CP_gamma,0.6820515080992213,-0.005315016091428306,0.4921353751991143,0.028897797795459732,0.9922946002334356,31,0.9333336426620924,1.0,1.0
happy,coh_CT_delta,0.14512031218194107,0.08759289347423456,0.7233000634874078,-0.02333748531663809,0.9461012529209256,31,0.7102358807963234,1.0,1.0
happy,icoh_CT_delta,0.19066317809625022,0.1117780640414885,0.42144772865859614,0.07457542939213319,0.4102047085762024,31,0.7553893532194295,1.0,0.9807193032626448
happy,coh_CT_theta,0.1619345109471595,0.09367295422244468,0.13066550997342596,0.10275568100374566,0.00973692536354065,31,0.711599541063574,1.0,0.810112190246582
happy,icoh_CT_theta,0.39503793744812965,0.054768849224668154,0.7057989186761677,0.0062537967867064195,0.6635807873681188,31,0.877237270347448,1.0,0.9965689803073553
happy,coh_CT_alpha,0.997776427394254,0.03410121410990674,0.6666100038707212,0.024836613787157097,0.8695757398381829,31,0.997776427394254,1.0,1.0
happy,icoh_CT_alpha,0.21286836552378352,-0.1208164917455692,0.7427598266496405,-0.026094050347635806,0.8695757398381829,31,0.7655899716820802,1.0,1.0
happy,coh_CT_beta,0.13758246609794036,0.10458564873082127,0.7631980750347903,-0.011183495955183236,0.5682233804836869,31,0.7008282354703248,1.0,1.0
happy,icoh_CT_beta,0.1700467736033603,-0.07767431313227202,0.7270981637030849,0.04396536947777179,0.8392556216567755,31,0.7267752515650467,1.0,1.0
happy,coh_CT_gamma,0.014544496700306333,0.17285842655408343,0.3626919517910949,-0.05831152521674176,0.6495812004432082,31,0.5042092189439529,1.0,1.0
happy,icoh_CT_gamma,0.20851458372763276,-0.11934473137302198,0.31496578966884603,0.047255731821638954,0.5551384268328547,31,0.7631266876600753,1.0,1.0
happy,coh_FO_delta,0.004097241027876721,0.21569502770295168,0.9590847158033805,0.015908985754381447,0.8848088048398495,31,0.3652397716278677,1.0,1.0
happy,icoh_FO_delta,0.9134509872635024,0.02804484418488554,0.5745299032847613,-0.017553501814421658,0.7793471785262227,31,0.9743477197477358,1.0,1.0
happy,coh_FO_theta,0.7724530632038524,-0.007767988378507151,0.5502598437384738,0.03848617559911467,0.7793471785262227,31,0.9386771400958207,1.0,1.0
happy,icoh_FO_theta,0.6323603451521083,-0.00500114265295441,0.43418006638649165,-0.0530512898487067,0.336907590739429,31,0.930643526827631,1.0,0.964359342300017
happy,coh_FO_alpha,0.12104285158840983,-0.11882918762518152,0.5653018562239271,0.02341937017247218,0.8392556216567755,31,0.6866430853742521,1.0,1.0
happy,icoh_FO_alpha,0.2081307274316887,-0.10751500767196778,0.2664855819910117,-0.10170203341806801,0.5421982295811176,31,0.7639621995139633,1.0,1.0
happy,coh_FO_beta,0.6272696261072521,0.03995892797388381,0.4812837740256898,0.055530710045645644,0.03048440534621477,31,0.9319434445022031,1.0,1.0
happy,icoh_FO_beta,0.01733322520944499,0.14475388512921253,0.3859015800164288,0.04904438135250626,0.5948144253343344,31,0.5407966265346837,1.0,1.0
happy,coh_FO_gamma,0.04763098675332461,-0.07793319649259679,0.6183212581133848,-0.008831607316325693,0.7645525922998786,31,0.5885492224569219,1.0,1.0
happy,icoh_FO_gamma,0.7544406273714863,-0.04443082572640981,0.7975562913044921,-0.05588888368235265,0.34684528410434723,31,0.9415419029596149,1.0,0.9597847329539364
happy,coh_FP_delta,0.013873852194885372,0.22044315841404766,0.3292918270987887,-0.009751230485290455,0.9768865816295147,31,0.5410802356005295,1.0,1.0
happy,icoh_FP_delta,0.9871885203917993,0.018172712226920816,0.9675812991547325,-0.004051471026396621,0.9461012529209256,31,0.9959670763532462,1.0,1.0
happy,coh_FP_theta,0.8148086400040988,0.04704698999685145,0.881677516634961,0.013488980412965292,0.7498410120606422,31,0.954818011948465,1.0,1.0
happy,icoh_FP_theta,0.6873167386096037,0.0067896794479649835,0.6022620096387937,-0.03846282707613478,0.20231117121875286,31,0.9273203132808492,1.0,0.9786214793837348
happy,coh_FP_alpha,0.087969220243611,-0.0859224551322582,0.5401662671809678,-0.02498324163681846,0.7942198486998677,31,0.6457975697883912,1.0,1.0
happy,icoh_FP_alpha,0.2051732025760301,-0.10566576617720637,0.09666154442335391,-0.13891091410099332,0.0726527813822031,31,0.7666352000445676,1.0,1.0
happy,coh_FP_beta,0.9818952963808908,0.014699601981855038,0.6362752506798164,0.0477234196873219,0.0726527813822031,31,0.9954551826834701,1.0,1.0
happy,icoh_FP_beta,0.05059476629423102,0.121897679371416,0.38780259392604854,0.059961734096974556,0.608313562348485,31,0.5846506327333363,1.0,1.0
happy,coh_FP_gamma,0.3540874153493918,-0.05768974517715616,0.9639697453941484,-0.00043203619369869425,0.3992052096873522,31,0.8547409948859593,1.0,0.9787978422196768
happy,icoh_FP_gamma,0.758881152804127,0.02357096061503221,0.9080251324544659,0.013200030102638687,0.8091655615717173,31,0.938635955103618,1.0,1.0
happy,coh_FT_delta,0.02535350740609333,0.15770608328291041,0.44031285028073697,0.05201803275354391,0.5042768456041813,31,0.5187078236525323,1.0,1.0
happy,icoh_FT_delta,0.5897578890338648,0.03549887521085161,0.6931672332154811,-0.041960255687250404,0.608313562348485,31,0.9200223068928292,1.0,1.0
happy,coh_FT_theta,0.46084839019356816,-0.039453116533572065,0.47204015230605934,0.05759541414220142,0.5551384268328547,31,0.9014714591874186,1.0,1.0
happy,icoh_FT_theta,0.758073188016702,-0.011359538971168434,0.061050449059548755,-0.14567464455986606,0.016678825952112675,31,0.9404327421916939,1.0,0.8326069915294647
happy,coh_FT_alpha,0.02957585221755256,-0.1509484506543812,0.9109829245502746,0.005806702753265542,0.8392556216567755,31,0.5272951938215085,1.0,1.0
happy,icoh_FT_alpha,0.008522352696218873,-0.15066551990443366,0.02329124838942513,-0.11899077784592177,0.15165852662175894,31,0.5317948082440577,1.0,0.9706145703792572
happy,coh_FT_beta,0.1839168726125492,0.09069953974045764,0.4363758797107188,0.05926405658876344,0.14605465531349182,31,0.7525516623621684,1.0,0.9747390900066192
happy,icoh_FT_beta,0.7279723664121495,0.011448570790621925,0.8894641191443855,-0.024462853399961047,0.7942198486998677,31,0.9366077456519201,1.0,1.0
happy,coh_FT_gamma,0.6797163466056055,-0.027739680012487652,0.9716185251868326,0.0036352558091811743,0.608313562348485,31,0.9342356834403036,1.0,1.0
happy,icoh_FT_gamma,0.9288343219662072,-0.03456453715275015,0.629634987764971,-0.04196881647172931,0.3883800162002444,31,0.9790415826130291,1.0,0.9674615972413274
happy,coh_OP_delta,0.09669567258286263,0.1277891541084206,0.3772016467527647,-0.061402501150476706,0.3777303956449032,31,0.6704233299078476,1.0,0.9739825077785933
happy,icoh_OP_delta,0.14994269906874025,0.1026419171846533,0.015738042755378382,0.16757024292066897,0.014852074906229973,31,0.7115151651626914,1.0,0.8826375944273812
happy,coh_OP_theta,0.2828251422628607,0.08370895429581102,0.7333094468745138,0.027975532702364286,0.5167645234614611,31,0.8170504109815977,1.0,1.0
happy,icoh_OP_theta,0.13293272156771224,-0.05385150230990158,0.08730982222269598,-0.08943314032983588,0.3271495960652828,31,0.6970589769601045,1.0,0.9629308865317758
happy,coh_OP_alpha,0.07187649143194268,0.14357910495260628,0.5029469500898587,0.040434875606135914,0.608313562348485,31,0.6361834135252799,1.0,0.9989149023827754
happy,icoh_OP_alpha,0.3536740373514444,-0.08702019289712877,0.29993586874447176,-0.06455386600964955,0.26389263197779655,31,0.8587260673435849,1.0,0.9251067547985677
happy,coh_OP_beta,0.7586791368870927,0.03997233915213813,0.9491072380357428,-0.0012185879721716675,0.8392556216567755,31,0.9393170266221147,1.0,1.0
happy,icoh_OP_beta,0.19814452036799612,0.0915974178563956,0.06513253212465789,0.1164783023869422,0.022097455337643623,31,0.7585409859486477,1.0,0.9509525607372152
happy,coh_OP_gamma,0.575374020588959,0.03055073193690234,0.11205234507601328,-0.06347438155358613,0.06642110086977482,31,0.9229650098907723,1.0,0.9987172757286623
happy,icoh_OP_gamma,0.4890632486908504,-0.046517731068163364,0.5424601339496392,0.042767593048649064,0.16334008984267712,31,0.9109715438301212,1.0,0.9707068196364812
happy,coh_OT_delta,0.3412800827455933,0.04735896546629393,0.8514883689596496,-0.02803895673211971,0.608313562348485,31,0.8535421708747504,1.0,0.9976022678198545
happy,icoh_OT_delta,0.6590324222315616,-0.05013502266339533,0.8753724043932096,-0.04129510292973849,0.2989572202786803,31,0.927251931166842,1.0,0.935084237864143
happy,coh_OT_theta,0.3084294044096161,-0.04097068693585403,0.7473987495869464,0.04437232113651012,0.23947724793106318,31,0.8404364556838447,1.0,0.9428000170913781
happy,icoh_OT_theta,0.5724811443870127,0.013658721776463066,0.6185090906347459,0.004162728143195797,0.9922946002334356,31,0.9218793137999896,1.0,1.0
happy,coh_OT_alpha,0.06943804963221677,-0.13743293202998821,0.8427220092316836,-0.02072774791865255,0.4559155162423849,31,0.6325451528540622,1.0,0.9999693572416456
happy,icoh_OT_alpha,0.11566401176017788,-0.13514485235141113,0.37590716581669403,-0.07189222178261787,0.4797733975574374,31,0.6682809568365833,1.0,1.0
happy,coh_OT_beta,0.749203190878103,0.0012814186288565503,0.5617025606189718,-0.04142879622850852,0.7793471785262227,31,0.9397041027295203,1.0,1.0
happy,icoh_OT_beta,0.8531304393714854,0.0021100312428149258,0.7211042673228519,0.046758915592863486,0.4102047085762024,31,0.9661586101049127,1.0,0.9788441229504792
happy,coh_OT_gamma,0.8704425257410917,-0.016641133300525073,0.18714699770219445,-0.08805901342455738,0.42137710005044937,31,0.9751456661803253,1.0,0.982950693201796
happy,icoh_OT_gamma,0.7277730368464348,-0.013314591086945804,0.1289777645518341,0.10502807904321697,0.28106469474732876,31,0.9373175954430862,1.0,0.9328955825656018
happy,coh_PT_delta,0.10541430023910657,0.09501971263879828,0.5805387303518852,-0.05901662113568445,0.4797733975574374,31,0.6851929515541927,1.0,1.0
happy,icoh_PT_delta,0.8894945515876228,0.030137550590152617,0.7219024737835857,-0.04272860768996807,0.209396718069911,31,0.9746173840047,1.0,0.9824327223731163
happy,coh_PT_theta,0.9446668100903175,0.0008383914786060176,0.8231740996996397,0.04044974280141503,0.34684528410434723,31,0.9816354529498053,1.0,0.9576613154031534
happy,icoh_PT_theta,0.5195591401090437,0.03134709716969202,0.7290998674838074,-0.044229505436064666,0.4559155162423849,31,0.9094106688023654,1.0,0.9982150250359585
happy,coh_PT_alpha,0.7061591512926031,0.04725291639936351,0.6435179024123001,-0.02116639120645576,0.7062525749206543,31,0.9315926224240683,1.0,0.9948117533871067
happy,icoh_PT_alpha,0.002224562470325363,-0.23332658017220664,0.1173214108626887,-0.11013916866042153,0.07593795005232096,31,0.39660770899515047,1.0,0.9670465476050669
happy,coh_PT_beta,0.8775526799641014,0.007470450090296871,0.586210057881488,-0.05123182660342042,0.6219436237588525,31,0.9717708470232462,1.0,0.9989519207864195
happy,icoh_PT_beta,0.2935467760374145,0.06424056383751757,0.26169856104686695,0.06831591000162829,0.3081742124632001,31,0.8251044515646246,1.0,0.9426505322403768
happy,coh_PT_gamma,0.6193859511361504,0.031057667534982764,0.24400834611546351,-0.07770648094352356,0.7793471785262227,31,0.9279635858558412,1.0,1.0
happy,icoh_PT_gamma,0.6793274508203331,-0.04110798935468514,0.3410519164818838,0.06677080403945995,0.6495812004432082,31,0.9347306048773713,1.0,1.0
happy,asym_F4F3_delta,0.45650345133754333,-0.06192242862605726,0.18857643041542493,-0.11826316049794997,0.0828599464148283,31,0.9000257618787585,1.0,0.9755586143934502
happy,asym_F4F3_theta,0.15955871772484986,-0.09668987923243148,0.1214313920879054,-0.1130554905821072,0.1756664952263236,31,0.711175999002188,1.0,0.9965081183747811
happy,asym_F4F3_alpha,0.5430585844477936,0.04854965810746877,0.9667314592248758,0.002059246455117928,0.9153939224779606,31,0.9171002887562199,1.0,1.0
happy,asym_F4F3_beta,0.6557695582240866,-0.023713027241094593,0.20095907284558734,-0.05574568004035077,0.6635807873681188,31,0.9278916198000681,1.0,0.9953711810521781
happy,asym_F4F3_gamma,0.45457978369917684,-0.03256121504182343,0.2706364219795545,-0.05600414428545317,0.3777303956449032,31,0.8976512184439441,1.0,0.9719742964223488
happy,asym_F8F7_delta,0.02890727381153005,-0.15039371669200136,0.04544422240250399,-0.14966237159672427,0.0726527813822031,31,0.5305334958351396,1.0,0.9963810018130711
happy,asym_F8F7_theta,0.04564146231102104,-0.16456953718696246,0.13660240496222706,-0.13364333474084178,0.09416095819324255,31,0.5872221130325181,1.0,0.9326418716283071
happy,asym_F8F7_alpha,0.5065645337782816,0.030822901471164916,0.8886217962364973,-0.000547709135712367,0.6635807873681188,31,0.9096295513025834,1.0,0.9941762576655608
happy,asym_F8F7_beta,0.8798551692736982,-0.04409734903804942,0.5743482779931681,-0.027490867441658733,0.5948144253343344,31,0.9708746695433912,1.0,1.0
happy,asym_F8F7_gamma,0.3209475079977465,-0.09482807249892061,0.5933812282959907,-0.0072183085563155705,0.4559155162423849,31,0.8468128752244982,1.0,0.9964668376015698
happy,asym_T4T3_delta,0.2933028845450383,0.09187449342980192,0.6328565635539193,0.04481223101496119,0.6219436237588525,31,0.8262799095083696,1.0,0.9976679208882364
happy,asym_T4T3_theta,0.4346591458609277,-0.026775116931739607,0.33074729845874284,-0.040943020420984716,0.25557575561106205,31,0.8791808979488457,1.0,0.927205066868039
happy,asym_T4T3_alpha,0.6978925978341843,0.05604283104114252,0.6978943535077725,0.047689859059080096,0.5682233804836869,31,0.9295303757706106,1.0,1.0
happy,asym_T4T3_beta,0.7447805195835371,-0.06300311913468612,0.6712674842344113,-0.0674994339073526,0.49194561038166285,31,0.9398241541357475,1.0,1.0
happy,asym_T4T3_gamma,0.8016489758996792,0.0029955673245518908,0.9850097500283826,-0.02132048695434389,0.7498410120606422,31,0.9573760018399996,0.9994245268580664,1.0
happy,asym_T6T5_delta,0.3389959266828655,0.07384029300805778,0.2720298317861788,0.08567278124670528,0.24743753485381603,31,0.8564107621461865,1.0,0.9301266370408506
happy,asym_T6T5_theta,0.5871967978712164,-0.04436821050265653,0.21728318883807607,-0.04460471698089073,0.050248345360159874,31,0.9206301554563795,1.0,0.9501505304466594
happy,asym_T6T5_alpha,0.6380371951276717,-0.01278904444662737,0.5017583519042257,-0.007804588218103063,0.5948144253343344,31,0.9313104321863559,1.0,1.0
happy,asym_T6T5_beta,0.6329270634690668,-0.025281284647616618,0.9202866870990847,0.013164411055775519,0.5814498504623771,31,0.9281938604105703,1.0,1.0
happy,asym_T6T5_gamma,0.1816499901567391,-0.055128583052603354,0.2048346620973327,-0.04770347350426709,0.5167645234614611,31,0.7506595619722198,1.0,1.0
happy,asym_P4P3_delta,0.586466004444015,0.04733416564227262,0.8404292286838808,0.009765655070130152,0.8241792023181915,31,0.9218004704611218,1.0,1.0
happy,asym_P4P3_theta,0.585370605569728,-0.05917077153027883,0.15942359937347983,-0.10882558651380687,0.03935616556555033,31,0.9224021663522985,1.0,1.0
happy,asym_P4P3_alpha,0.534293712595094,-0.03725833334195794,0.20751245791258421,-0.08243942632815142,0.9307350646704435,31,0.912173123554962,1.0,1.0
happy,asym_P4P3_beta,0.5195591401090437,-0.05903477802431982,0.9433790015505576,-0.026477201202940934,0.635700810700655,31,0.9081369843922781,1.0,1.0
happy,asym_P4P3_gamma,0.3906280258202377,0.014051165452472472,0.29721049389761733,-0.03581862987805366,1.0,31,0.8783851823849669,1.0,1.0
happy,asym_O2O1_delta,0.49996320533850946,0.07366043111162592,0.14022019595128254,0.12315831918581618,0.033809719607234,31,0.90559373042447,1.0,1.0
happy,asym_O2O1_theta,0.0959518076444965,-0.13544468980742952,0.07779995828449873,-0.10018871310970032,0.014004520140588284,31,0.6765415589849245,1.0,0.8738820567727089
happy,asym_O2O1_alpha,0.5264668508022057,0.007325093201783343,0.980120201481963,-0.0379543334847803,0.5814498504623771,31,0.9075008698910949,1.0,1.0
happy,asym_O2O1_beta,0.2843744526210408,-0.02951351183991353,0.369902592639311,-0.04537638969378628,0.8695757398381829,31,0.8196289073234616,1.0,1.0
happy,asym_O2O1_gamma,0.04071030144383322,-0.0509322132401467,0.08839990711004023,-0.07266527725411523,0.8392556216567755,31,0.5708590584483579,1.0,1.0
sad,delta_frontal,0.6172562282356273,-0.02411470122034819,0.2823069695861672,-0.09212072186066357,0.20231117121875286,31,0.9303572135725398,1.0,0.9748430180733728
sad,delta_central,0.7126442300499922,-0.007033832381963901,0.3260290057123033,-0.06401921208496594,0.27238877210766077,31,0.9332423915030329,1.0,0.9339043615119798
sad,delta_temporal,0.4684604495724626,-0.06276906358008302,0.12843165275741333,-0.12409596666760288,0.09416095819324255,31,0.8966850323104805,1.0,0.9252982348438323
sad,delta_parietal,0.693065201757304,-0.02454238646378869,0.3848482935821591,-0.07278216351319122,0.4102047085762024,31,0.92705827630559,1.0,0.9769760998150775
sad,delta_occipital,0.5086335126556305,-0.054472614026297946,0.1175601431968907,-0.10661475002556864,0.14605465531349182,31,0.9055272807335618,1.0,0.969554307612967
sad,theta_frontal,0.192578383200408,0.0794158843597564,0.19428784985431835,0.08219556333122255,0.1756664952263236,31,0.7581634770792087,1.0,0.991999031866298
sad,theta_central,0.8911949475137473,-0.0019477239628421736,0.6177177346860667,0.009695424897270976,0.9000833509489894,31,0.9747688821184545,1.0,1.0
sad,theta_temporal,0.08580770809713878,0.1186716607057309,0.30433091209954877,0.06631784755852753,0.27238877210766077,31,0.6569817159830013,1.0,0.9313457194256456
sad,theta_parietal,0.26457846575343613,0.09501574275884886,0.7635034146502202,0.06207465200313517,0.3777303956449032,31,0.8173116961888324,1.0,0.9699743493103686
sad,theta_occipital,0.4964778091356111,0.0717243242454718,0.5536095196715931,0.05182715773431309,0.5421982295811176,31,0.9098447955965385,1.0,1.0
sad,alpha_frontal,0.5234917474368407,0.017272213673194238,0.27084474865377206,0.10764759077853485,0.06346937920898199,31,0.9086477062603298,1.0,1.0
sad,alpha_central,0.3313514280717934,0.02209882250216092,0.19220187076561246,0.07607044884731151,0.024645620957016945,31,0.8508777412213954,1.0,0.99218499852765
sad,alpha_temporal,0.3767724713699835,0.05808247973569685,0.11064411938936504,0.12800293828078368,0.07593795005232096,31,0.8707630449439618,1.0,0.9572784006595612
sad,alpha_parietal,0.569896294112522,0.005513866229486493,0.16000643314229168,0.07861011091577325,0.12516957335174084,31,0.9200913001971894,1.0,0.9642693058208183
sad,alpha_occipital,0.9882207459298179,0.02032061601887288,0.213033354689679,0.10075465543215961,0.18865238688886166,31,0.9945963636454942,1.0,0.9688813943921784
sad,beta_frontal,0.5094717670376616,-0.06693131480228437,0.5555626143782952,-0.04172719508559823,0.3992052096873522,31,0.9031544961122183,1.0,0.9768786307643441
sad,beta_central,0.5072938110132152,-0.07360194199398588,0.789495254565687,-0.03824623638077769,0.7206862810999155,31,0.9096302818167998,1.0,0.9993516431252162
sad,beta_temporal,0.5207737816625952,-0.05561084043662371,0.9557297318513205,0.011191119323466382,0.9000833509489894,31,0.9077174294901101,1.0,1.0
sad,beta_parietal,0.9590497199988737,-0.04497009267026091,0.8798413088398955,-0.023908713075265445,0.6495812004432082,31,0.985909432091099,1.0,0.999602143222101
sad,beta_occipital,0.8812893843472778,0.008624003670942052,0.6299026379880945,0.028859365495722485,0.9153939224779606,31,0.9707406457770543,1.0,1.0
sad,gamma_frontal,0.4320967866336578,0.06742786764390127,0.41404441464455466,0.07338804409647405,0.23169402685016394,31,0.8840275241291885,1.0,0.963847151696682
sad,gamma_central,0.036147771269494595,0.14602288741292793,0.01189274341932657,0.1547255479947291,0.01319857221096754,31,0.5639052318041157,1.0,0.8669377957519732
sad,gamma_temporal,0.5659996655848167,0.08580626909044953,0.2864792022513838,0.12087861573017902,0.07593795005232096,31,0.9221508911877955,1.0,0.9477056166529656
sad,gamma_parietal,0.5265581345503894,0.08184303415298966,0.460293685247089,0.07585340892696407,0.3777303956449032,31,0.9064062785088082,1.0,0.9679826155335507
sad,gamma_occipital,0.47797121575196355,0.06685701342402502,0.4548386686233209,0.05853337513938322,0.20231117121875286,31,0.899710523768402,1.0,0.9710936218500137
sad,faa,0.20611645354226493,0.0629315569477483,0.12429101934852604,0.0961716657713279,0.0828599464148283,31,0.7633036617826309,1.0,0.9664412441654741
sad,coh_CF_delta,0.134493410263603,0.12923804726888583,0.3122574577785746,-0.07599873593305616,0.10233690217137337,31,0.6964638008671227,1.0,0.9531078649990594
sad,icoh_CF_delta,0.5577181605759675,-0.010438313582264266,0.7858252276520605,-0.0006792790176196798,0.7942198486998677,31,0.9231197140567736,1.0,1.0
sad,coh_CF_theta,0.6901744511346491,0.08636681086059068,0.8305701741111212,-0.00780355902400253,0.49194561038166285,31,0.926169586038755,1.0,1.0
sad,icoh_CF_theta,0.5622921290088357,-0.023678377073629114,0.641809556162401,-0.02965206978228851,0.4797733975574374,31,0.9233428644776672,1.0,1.0
sad,coh_CF_alpha,0.2988923388727548,0.08351607571903334,0.39463366088082863,0.04810596737620818,0.5551384268328547,31,0.8289280864737733,1.0,1.0
sad,icoh_CF_alpha,0.9823840309168039,0.015111237260206443,0.8079139713231319,-0.005621263507927525,0.7793471785262227,31,0.9951422650845546,1.0,1.0
sad,coh_CF_beta,0.23318410694569813,0.06682247964143648,0.9434918118790003,-0.01557172740885052,0.21665488090366125,31,0.7801977626494135,1.0,0.9796568527817726
sad,icoh_CF_beta,0.4982995240340703,0.030060947084577676,0.9536189200767288,-0.019943260400282152,0.9307350646704435,31,0.9065274139861803,1.0,1.0
sad,coh_CF_gamma,0.5962557097294601,0.0985919738640996,0.8463074534538757,0.05455363459148046,0.34684528410434723,31,0.9278393089056934,1.0,0.9555472727642943
sad,icoh_CF_gamma,0.6413777741673073,0.030520163323915238,0.7787027414583111,0.026247347417240628,0.7942198486998677,31,0.9275080673937424,1.0,1.0
sad,coh_CO_delta,0.04074296689865117,0.16116632123073393,0.6628203578781195,-0.013322080237572136,0.7498410120606422,31,0.5649691409946296,1.0,1.0
sad,icoh_CO_delta,0.5795146157182749,-0.02193861350312343,0.8324303856245878,0.005365580118885778,0.9768865816295147,31,0.9224926535923559,1.0,1.0
sad,coh_CO_theta,0.15597284857087032,0.1313134859282757,0.48844323640903764,0.07079003964006098,0.1953968871384859,31,0.7104164781622122,1.0,0.9715351201148622
sad,icoh_CO_theta,0.9740475795146292,0.03039801098676116,0.6844891674919334,-0.016342240615830596,0.7793471785262227,31,0.9923358197830671,1.0,1.0
sad,coh_CO_alpha,0.007482494701691782,0.18719003400737277,0.10575683044196425,0.11199383232213889,0.09026811271905899,31,0.4914817572479655,1.0,0.9310297906891374
sad,icoh_CO_alpha,0.9588415061043045,0.037126354106037776,0.8200471966512656,-0.012337960167509753,0.5551384268328547,31,0.9865079963876109,1.0,1.0
sad,coh_CO_beta,0.16966531586184186,0.08308635131112464,0.24726018695768226,-0.08771415315519082,0.3883800162002444,31,0.7276368185415074,1.0,0.9655343829041934
sad,icoh_CO_beta,0.8990489903718946,0.009393909441158371,0.5759995120361212,-0.04588577340504534,0.25557575561106205,31,0.9714399480382029,1.0,0.924517515949581
sad,coh_CO_gamma,0.268062926063385,0.08663949026610629,0.1860427940811924,-0.07602497725166377,0.1756664952263236,31,0.8159573944563523,1.0,0.9875305677587921
sad,icoh_CO_gamma,0.019907716959321076,-0.15262416913229576,0.21606726414482857,-0.09941598641297807,0.14060599450021982,31,0.517600640942348,1.0,0.9641553908586502
sad,coh_CP_delta,0.03364790955522869,0.13531098750818843,0.3428792955088663,-0.05209234144802131,0.4797733975574374,31,0.5453583262977326,1.0,1.0
sad,icoh_CP_delta,0.22689437712663174,-0.056698713941636725,0.9304247045261503,0.007159463724534336,0.9768865816295147,31,0.7715645303924699,1.0,1.0
sad,coh_CP_theta,0.24591946567185197,0.1177257515823059,0.9973572239697722,0.03359482560325181,0.35696212109178305,31,0.7909986937074002,0.9989581183902695,0.9663529872506404
sad,icoh_CP_theta,0.878609753899266,0.05710361115202302,0.5573410696937773,0.005065114921206468,0.9000833509489894,31,0.972078876654507,1.0,1.0
sad,coh_CP_alpha,0.012827497343349838,0.1842178608265198,0.3739298533819305,0.058754790682672094,0.13531039096415043,31,0.5164102156290515,1.0,0.9705021145014927
sad,icoh_CP_alpha,0.6419390504068758,0.02061609935360644,0.19529134510199142,0.07267614604785531,0.10662505030632019,31,0.9261733351535041,1.0,0.957324192678328
sad,coh_CP_beta,0.1709682835193167,0.06862884935063492,0.21873494451885123,-0.06188307378499524,0.9000833509489894,31,0.7257429177962831,1.0,1.0
sad,icoh_CP_beta,0.5044531103874563,-0.032181224504598496,0.5304381998092671,-0.05493092577325552,0.21665488090366125,31,0.9084523546371508,1.0,0.9761201854432102
sad,coh_CP_gamma,0.3613143786778109,0.05402809352908049,0.5931134554213612,-0.02304139107960906,0.7942198486998677,31,0.8621803911852927,1.0,1.0
sad,icoh_CP_gamma,0.1501141292822794,-0.09771098889880576,0.9626975334321013,-0.02201199865095521,0.444234280847013,31,0.7096304293344118,1.0,0.9971301843472522
sad,coh_CT_delta,0.10693771976180066,0.12301756944900279,0.39242993175164753,-0.036392800480210236,0.6495812004432082,31,0.6809095625649348,1.0,0.9983711060999062
sad,icoh_CT_delta,0.24358759552911946,-0.036864698200477386,0.814489169495265,0.004728763235499333,0.7498410120606422,31,0.7875578218143551,1.0,1.0
sad,coh_CT_theta,0.1489333565208538,0.1280752369834677,0.21254690897659978,0.0903994697390854,0.06346937920898199,31,0.7121411070422434,1.0,1.0
sad,icoh_CT_theta,0.5167105052831882,-0.011662602022264951,0.5486532343231224,-0.00640116053054605,0.9307350646704435,31,0.9069686506236553,1.0,1.0
sad,coh_CT_alpha,0.12160015300963538,0.130478115130615,0.6662844591021504,0.04150783484112248,0.12516957335174084,31,0.6866832169955881,1.0,0.9583535432084206
sad,icoh_CT_alpha,0.9598826033714197,0.03278261410605944,0.5497134488343025,-0.01941503643736966,0.26389263197779655,31,0.9851426718811939,1.0,0.9225154193509527
sad,coh_CT_beta,0.07608662254094907,0.13147621279272007,0.14948525907151833,-0.08712897685049024,0.8543895706534386,31,0.6415953035885434,1.0,1.0
sad,icoh_CT_beta,0.41126557252158913,-0.035038556664308884,0.3618084977211743,-0.06238184432974527,0.1756664952263236,31,0.8788688947036698,1.0,0.9831021795625644
sad,coh_CT_gamma,0.14644777285664684,0.10524222944004365,0.33871574623573353,-0.06975690297421469,0.8091655615717173,31,0.7083985291670358,1.0,1.0
sad,icoh_CT_gamma,0.6100979951186674,-0.05972921491402689,0.44656657404710876,0.04234687552832557,0.9614869365468621,31,0.9285393876928011,1.0,1.0
sad,coh_FO_delta,0.956134986143808,0.08033197534059454,0.06555271918821284,-0.09525746517600328,0.08650196995586157,31,0.9861623658739441,1.0,0.9469689342536425
sad,icoh_FO_delta,0.28489660433646935,-0.058170983154464694,0.5233426081430979,-0.03840104040355221,0.7793471785262227,31,0.8192418484145478,1.0,1.0
sad,coh_FO_theta,0.7581233814028514,0.04822098879890498,0.7554338116822265,-0.0005547281736808535,0.9461012529209256,31,0.9395610526224017,1.0,1.0
sad,icoh_FO_theta,0.8982217695973006,0.02218662994296414,0.5523683947988665,0.02901668565183204,0.9153939224779606,31,0.973073583730409,1.0,1.0
sad,coh_FO_alpha,0.09963959943840946,0.12397744700624948,0.27595099227062647,0.08377660371041104,0.13016566075384617,31,0.668549570425457,1.0,0.966944908457143
sad,icoh_FO_alpha,0.4467855895786923,-0.04267773820162814,0.8913496992171341,0.005361524708280077,0.9768865816295147,31,0.8892957189700287,1.0,1.0
sad,coh_FO_beta,0.615784874835691,0.009256627374019881,0.9188484826729992,-0.03216380846126394,0.3672574386000633,31,0.9292618183735699,1.0,0.9649205965744821
sad,icoh_FO_beta,0.8498464791625013,0.00230147536616339,0.9331631468863107,-0.003470381028800324,0.7062525749206543,31,0.9659457249497283,1.0,0.9936902068782149
sad,coh_FO_gamma,0.9349192252408123,-0.0037114792209929776,0.5530774417780957,-0.038352116654824756,0.12516957335174084,31,0.9813113482763111,1.0,0.9525099240425157
sad,icoh_FO_gamma,0.4121586956701141,-0.04847979609620494,0.1311834254307755,-0.07035588376937688,0.4102047085762024,31,0.874785803054936,1.0,0.9751151929582869
sad,coh_FP_delta,0.5243426017739181,0.1051365661774222,0.05440306316491823,-0.1037649920008871,0.04789368249475956,31,0.9088605097414582,1.0,1.0
sad,icoh_FP_delta,0.2936961811211457,-0.03169735959669114,0.5147558468795053,-0.020387544597462923,0.7206862810999155,31,0.8236692899757074,1.0,0.998242484808762
sad,coh_FP_theta,0.5082984134585046,0.09984423927371712,0.7728152720499101,-0.013766859898407705,0.6776954075321555,31,0.908820085954461,1.0,0.9950163160001531
sad,icoh_FP_theta,0.6517001164732241,0.034441823816628095,0.5416110439639268,0.02443445386638916,0.9307350646704435,31,0.9284494810029494,1.0,1.0
sad,coh_FP_alpha,0.05776796248844668,0.14230903390524008,0.2826629667225039,0.07584050560294225,0.3883800162002444,31,0.5958216296329045,1.0,0.9636148314471273
sad,icoh_FP_alpha,0.3762084342932315,-0.0672556145558565,0.968189350364128,-0.013501957094044469,0.9461012529209256,31,0.8710725899776491,1.0,1.0
sad,coh_FP_beta,0.9353348261041259,-0.034548031026091865,0.5702271372533397,-0.07447336962309227,0.5167645234614611,31,0.9800989613584795,1.0,1.0
sad,icoh_FP_beta,0.8757255532693785,0.016576607309908797,0.7453843057596953,0.012442222389823666,0.8091655615717173,31,0.9740690645990948,1.0,1.0
sad,coh_FP_gamma,0.5556132219011117,-0.08045858567229308,0.8900930809091542,-0.06137019497649913,0.8848088048398495,31,0.9233093221472536,1.0,1.0
sad,icoh_FP_gamma,0.6849824977725023,-0.012073717875305928,0.631409392851402,0.014214148605336428,0.8543895706534386,31,0.9322335411342234,1.0,1.0
sad,coh_FT_delta,0.3787507055632786,0.07966303843142312,0.4770405323885528,-0.03301737845076745,0.3271495960652828,31,0.8721049456512393,1.0,0.9606651667987599
sad,icoh_FT_delta,0.418592994428041,-0.031223449096968413,0.27234662578842916,-0.05229704055492407,0.5167645234614611,31,0.879468109505379,1.0,1.0
sad,coh_FT_theta,0.6316817743506074,-0.024643072618205707,0.9180072163151989,0.011690312273179541,0.9461012529209256,31,0.9307424491021935,1.0,1.0
sad,icoh_FT_theta,0.9361660805854622,0.0316774632604992,0.7493990192753324,0.0035577831214671416,0.9307350646704435,31,0.9793254556334089,1.0,1.0
sad,coh_FT_alpha,0.5578937471379456,0.021838183424090718,0.21352060362632397,0.06376507490241531,0.21665488090366125,31,0.9221872800372929,1.0,0.9726089617545656
sad,icoh_FT_alpha,0.33776456925443854,0.07947469979524725,0.7172821695421112,0.045626827295517085,0.691920786164701,31,0.8585136098361289,1.0,0.9936906112008594
sad,coh_FT_beta,0.8091095024497824,0.013043649660855923,0.5113417561005891,-0.04737630972877637,0.2899207631126046,31,0.9553156660901878,1.0,0.942242480115965
sad,icoh_FT_beta,0.9027728284975933,-0.02084468540146272,0.9439136038168472,-0.022777911095647124,0.35696212109178305,31,0.9720970577782541,1.0,0.9642613141180633
sad,coh_FT_gamma,0.2632380613194184,-0.08526062032004104,0.07417061952952432,-0.1013043329525503,0.3777303956449032,31,0.8172166679767019,1.0,0.9659990446000802
sad,icoh_FT_gamma,0.050220977010064026,-0.14918994344768885,0.3030851262479364,-0.07673535916938458,0.12031982094049454,31,0.5857549468089711,1.0,0.9503742818590961
sad,coh_OP_delta,0.0034776335360041763,0.23118576497715135,0.4129850423978164,-0.012953991813155432,0.8848088048398495,31,0.4822318503259124,1.0,1.0
sad,icoh_OP_delta,0.8383946803390729,-0.02867190911516461,0.6639742618080056,0.0002977183401505217,0.7352173123508692,31,0.9616880156830544,1.0,1.0
sad,coh_OP_theta,0.04749540238933796,0.14321316350627275,0.7190650007207845,0.025344299947184387,0.5948144253343344,31,0.5927426218189377,1.0,1.0
sad,icoh_OP_theta,0.8367614400565968,0.044779502236563816,0.9776978344026529,0.022547722950924862,0.7645525922998786,31,0.9624684582402144,1.0,1.0
sad,coh_OP_alpha,0.12267318857662157,0.10901048522880027,0.9430700357851977,0.013513146933523304,0.7942198486998677,31,0.6834649077840345,1.0,1.0
sad,icoh_OP_alpha,0.8379863047081981,0.011576817323007783,0.7999187998070957,-0.007891600257779251,0.2240869216620922,31,0.9621038714589065,1.0,0.9744267534295856
sad,coh_OP_beta,0.12933345958016898,0.08352149517916113,0.04253168002710557,-0.14134117311630173,0.08650196995586157,31,0.6987366127967571,1.0,0.9387344217818716
sad,icoh_OP_beta,0.6757891344101923,-0.013020327458845293,0.5145848614604531,0.05739469752597545,0.5167645234614611,31,0.9350164520442572,1.0,1.0
sad,coh_OP_gamma,0.15536408627532344,0.09597768175254419,0.035954692057139886,-0.11741369067642832,0.111049959436059,31,0.7154774157623751,1.0,0.9691632823510603
sad,icoh_OP_gamma,0.2760466475191028,-0.06907593321877709,0.6823490800592639,0.03219414753759648,0.9768865816295147,31,0.8183045513155351,1.0,1.0
sad,coh_OT_delta,0.911469966771065,-0.015582866787271285,0.44057612178662364,-0.06901178774235527,0.06642110086977482,31,0.9772461499401108,1.0,0.9868277843509402
sad,icoh_OT_delta,0.9191405633461098,0.017796239370171475,0.2128386800439851,0.0912787655115939,0.1820761300623417,31,0.9762446153667617,1.0,0.9669404694374572
sad,coh_OT_theta,0.4748969528590198,-0.029091784948668372,0.992071787882127,0.013212040044832736,0.8091655615717173,31,0.899349616339995,0.999278120481755,1.0
sad,icoh_OT_theta,0.26234706633544624,0.09942199504197526,0.7113505622263822,0.06004237541098146,0.635700810700655,31,0.8185228469665923,1.0,1.0
sad,coh_OT_alpha,0.5628210582219775,0.01135945315797955,0.5889045222984752,-0.030532814866564444,0.6495812004432082,31,0.9229969522483941,1.0,0.9971430973593159
sad,icoh_OT_alpha,0.738913512590676,0.03526559586215538,0.24726018695768226,0.09786991144635246,0.2899207631126046,31,0.9381119671547952,1.0,0.9397950970507287
sad,coh_OT_beta,0.1371669058961609,0.07155320346793873,0.020282444022622106,-0.1415875882433324,0.111049959436059,31,0.7044621339852215,1.0,0.962432981779178
sad,icoh_OT_beta,0.06677670126231565,-0.09751947660690025,0.4369728176815487,0.06320597737646104,0.5421982295811176,31,0.6173135050027402,1.0,1.0
sad,coh_OT_gamma,0.5475804110869259,0.041239565750291536,0.06501140823782697,-0.12843957976013637,0.2989572202786803,31,0.9197582140464111,1.0,0.9327465272694826
sad,icoh_OT_gamma,0.7816939134997215,-0.02934679041739542,0.20176638439113637,0.07325307983853266,0.7352173123508692,31,0.9434758259648477,1.0,1.0
sad,coh_PT_delta,0.1105671369815387,0.0980127518244836,0.29178310537582386,-0.0745934038732144,0.27238877210766077,31,0.6570846997760014,1.0,0.9288010589900564
sad,icoh_PT_delta,0.8135674465565941,-0.0009044336830738546,0.612314877491815,0.06029418999680852,0.5948144253343344,31,0.9560566603602914,1.0,1.0
sad,coh_PT_theta,0.43778415412081073,0.06368301055117316,0.9889006783810653,0.010438581848375273,0.8392556216567755,31,0.8826407501498736,0.9985016558410755,1.0
sad,icoh_PT_theta,0.34666171873866736,0.06357600779961817,0.4170800388330964,0.05691864226793307,0.5042768456041813,31,0.8567006435363502,1.0,1.0
sad,coh_PT_alpha,0.6137642838421871,0.056040528308431536,0.3336565047000082,-0.051258865006054116,0.5167645234614611,31,0.9307142481592338,1.0,1.0
sad,icoh_PT_alpha,0.3393472102751057,-0.022611377701794055,0.8537838136701462,0.021648841075481196,0.2240869216620922,31,0.8521233771093198,1.0,0.9710433272023996
sad,coh_PT_beta,0.3406697052881462,0.0379809811377843,0.004096320399689786,-0.19078864430399048,0.0828599464148283,31,0.8537264903606556,1.0,0.9574927141269048
sad,icoh_PT_beta,0.831050682311141,0.01295628504779119,0.28755875942684117,0.07053437688299716,0.9922946002334356,31,0.9612152470104763,1.0,1.0
sad,coh_PT_gamma,0.8611247170539349,0.0035091242994578845,0.04143564603395331,-0.14572138184107633,0.7793471785262227,31,0.9681834656606403,1.0,1.0
sad,icoh_PT_gamma,0.10819425530685327,-0.12131696503536742,0.9085495144386821,-0.014247474842187725,0.12516957335174084,31,0.6717732866813576,1.0,0.9467371366240761
sad,asym_F4F3_delta,0.19044606609786052,-0.050974569315204825,0.25892228188345834,-0.044564309888257034,0.7645525922998786,31,0.7569321353188851,1.0,1.0
sad,asym_F4F3_theta,0.17047879520942577,-0.08447906935809647,0.5520140386881016,-0.036435135263961575,0.9461012529209256,31,0.7261349365916838,1.0,1.0
sad,asym_F4F3_alpha,0.8814955664695523,0.005339736362956718,0.8313968182253895,0.012247924175848794,0.2899207631126046,31,0.9701115228871263,1.0,0.9373603947267631
sad,asym_F4F3_beta,0.6183607527899749,0.03731860352298154,0.0901880195428746,-0.055251301985166035,0.6776954075321555,31,0.9297761680504683,1.0,0.993847084136463
sad,asym_F4F3_gamma,0.8808770442527601,0.042400676955774166,0.31010526693975793,-0.05580477367594616,0.4559155162423849,31,0.9711435964906756,1.0,0.994724762710658
sad,asym_F8F7_delta,0.10451517130911495,-0.10535431942885153,0.8031963856168969,0.04341342836892011,0.6776954075321555,31,0.6864996515461866,1.0,0.9926805969485095
sad,asym_F8F7_theta,0.10164402382222858,-0.157271148684954,0.9645983599757681,0.033650996237174824,0.529405927285552,31,0.6747433070752196,1.0,1.0
sad,asym_F8F7_alpha,0.928687403629287,-0.00936717917982533,0.6726537899966247,0.07414583053894735,0.23169402685016394,31,0.9797141840484788,1.0,0.9606450016910452
sad,asym_F8F7_beta,0.47360578117272145,-0.01936251166653819,0.8564868777787993,0.018180842237650718,0.9461012529209256,31,0.9010061202798116,1.0,1.0
sad,asym_F8F7_gamma,0.20809206066315467,-0.0795601710365509,0.6463700822024625,-0.02510949560926456,0.608313562348485,31,0.7660734268661269,1.0,0.9962930784920069
sad,asym_T4T3_delta,0.7569306597194779,-0.026454473413721834,0.16270225551052864,-0.09308764713449882,0.11561407148838043,31,0.9408859196513033,1.0,0.9555388160099257
sad,asym_T4T3_theta,0.0419662177405463,0.10768264210399739,0.5228253374136665,0.01656244243182928,0.444234280847013,31,0.5692808667413237,1.0,0.995340004483074
sad,asym_T4T3_alpha,0.7145933455149098,0.05167334636469477,0.5560958599047326,-0.01526775438265733,0.5042768456041813,31,0.9338350735105837,1.0,1.0
sad,asym_T4T3_beta,0.5082984134585046,-0.020274738000454876,0.7060270028782398,-0.009530496596561197,0.8848088048398495,31,0.9075199141576734,1.0,1.0
sad,asym_T4T3_gamma,0.7589188493500146,-0.02880833391435259,0.6993436984905863,0.02407311975695501,0.608313562348485,31,0.9377531920681369,1.0,0.994987320853092
sad,asym_T6T5_delta,0.3731155547250752,-0.022940057750362106,0.22323350613332882,-0.06467581457381977,0.444234280847013,31,0.8687466647330109,1.0,0.9935562410341796
sad,asym_T6T5_theta,0.8135674465565941,0.012106314242524716,0.2237374029315855,-0.046911160485655454,0.3672574386000633,31,0.9551572655716175,1.0,0.9628934524640316
sad,asym_T6T5_alpha,0.8089070145742624,0.023697780383490144,0.46919497134360466,-0.03602904275695949,0.336907590739429,31,0.9559810172241282,1.0,0.9621525703496736
sad,asym_T6T5_beta,0.6921011190790234,-0.023606979830126107,0.37364513850424663,0.03516746441536052,0.5421982295811176,31,0.9267620135307094,1.0,1.0
sad,asym_T6T5_gamma,0.7058371661870382,-0.005778404653318922,0.17985875896579973,0.049588624541792276,0.9768865816295147,31,0.9321532099485964,1.0,1.0
sad,asym_P4P3_delta,0.6411907276070629,0.021517572483102345,0.6520894624385376,-0.06479972477161938,0.25557575561106205,31,0.9283132576028009,1.0,0.9218455000075302
sad,asym_P4P3_theta,0.9309719175127701,-0.006591073511840779,0.18332366160573155,-0.0780110425080844,0.23947724793106318,31,0.9796399266913467,1.0,0.9398352371634178
sad,asym_P4P3_alpha,0.8594824279741842,0.010726076375108704,0.43963449057440307,-0.04378091851047425,0.6635807873681188,31,0.9689557995589717,1.0,0.9929841998026525
sad,asym_P4P3_beta,0.7095295499238679,-0.022015914047446815,0.8183994178225125,0.02177052096856821,0.49194561038166285,31,0.9311176428022998,1.0,1.0
sad,asym_P4P3_gamma,0.12743044893939157,0.10777307002552752,0.28480533825224486,0.03640835602943441,0.1756664952263236,31,0.6944681234775575,1.0,0.9787133305466601
sad,asym_O2O1_delta,0.6771268659457574,0.009371178386223571,0.7558366669410487,-0.058400437469903164,0.24743753485381603,31,0.9358298213735385,1.0,0.9273334639566438
sad,asym_O2O1_theta,0.6609530256071845,-0.027565981477110715,0.3740722611432695,-0.07466136139660279,0.25557575561106205,31,0.926819523548052,1.0,0.9191888847337333
sad,asym_O2O1_alpha,0.9844684799763671,0.04149739260629602,0.7015034260494324,-0.013003783753112473,0.4677626034244895,31,0.9964449821658605,1.0,1.0
sad,asym_O2O1_beta,0.14681129640808147,0.15484391341747,0.49478518030654695,0.029325797408509685,0.42137710005044937,31,0.704694222758791,1.0,0.9811168299682105
sad,asym_O2O1_gamma,0.0015972176593748197,0.23334478868020217,0.14351792641997188,0.04377555228226286,0.2899207631126046,31,0.6644425462999249,1.0,0.9349382748437483
tender,delta_frontal,0.1888725353612497,0.10714346181992734,0.15100611576930742,0.09835284194676003,0.23947724793106318,31,0.7603642713898053,1.0,0.9368890451973882
tender,delta_central,0.070746961644614,0.11602611720327304,0.14871917412507787,0.0871428974251286,0.2989572202786803,31,0.6351957419602753,1.0,0.9304204760792844
tender,delta_temporal,0.3507361517162473,0.07051834228681744,0.5164416918567796,0.046378614864801354,0.8091655615717173,31,0.8549193698083527,1.0,1.0
tender,delta_parietal,0.1677217718117352,0.08917855790253419,0.0959416060218498,0.0970575557275937,0.28106469474732876,31,0.7242794851939293,1.0,0.9304210584739159
tender,delta_occipital,0.03259342034340348,0.12013837103580145,0.0338728298571277,0.12625169949217274,0.14060599450021982,31,0.5423545145142339,1.0,0.9588867821654335
tender,theta_frontal,0.5683315799405594,0.01531803921078308,0.6209582256433303,-0.038676516952272054,0.8543895706534386,31,0.9211400152802832,1.0,1.0
tender,theta_central,0.15854209376789896,0.08035544386130461,0.9656451273571288,0.017683170841473476,0.9614869365468621,31,0.7091775377144728,1.0,1.0
tender,theta_temporal,0.9848509398863384,-0.023904825589086284,0.1342964787645758,-0.09090369898015237,0.3777303956449032,31,0.996024289285373,1.0,0.9640235864311639
tender,theta_parietal,0.3873105689760603,0.05164461267968676,0.831855498027849,-0.016702326438116716,0.7352173123508692,31,0.8724974550218831,1.0,1.0
tender,theta_occipital,0.9926759449795642,-0.0563323767946351,0.07925267772601342,-0.1379150491476188,0.0828599464148283,31,0.9966690099231666,1.0,0.9487083773000524
tender,alpha_frontal,0.01480613405835481,-0.16790616003829628,0.014878237525742074,-0.1353110311287718,0.00413934513926506,31,0.4862646132849159,1.0,0.6457378417253494
tender,alpha_central,0.0019933711508550115,-0.18834401546176247,0.02361726400613917,-0.14179354696451954,0.00973692536354065,31,0.41462119937784236,1.0,0.7594801783561707
tender,alpha_temporal,0.07410364742706387,-0.12624959502888167,0.18945075130139333,-0.08360510454632049,0.15741967037320137,31,0.6378024275101772,1.0,0.9725730129987886
tender,alpha_parietal,0.0429820215971153,-0.14443112953446616,0.05101897051244321,-0.13087256470474376,0.04136332217603922,31,0.5706549250340414,1.0,1.0
tender,alpha_occipital,0.014319053818263663,-0.1542773435942589,0.0736326781977534,-0.1155198757888172,0.0355817461386323,31,0.5415205807634258,1.0,1.0
tender,beta_frontal,0.860357660226949,-0.01993720991481179,0.9938525676044891,0.005084615660102027,0.8392556216567755,31,0.9690671118801737,0.9986537877378441,1.0
tender,beta_central,0.4658780738046674,-0.058144823002643696,0.8220157201012693,-0.007462063067414022,0.5551384268328547,31,0.8986334406618622,1.0,1.0
tender,beta_temporal,0.9948831576520365,0.004392067094283056,0.6060553195099263,0.04204883704282923,0.444234280847013,31,0.9964800808585406,1.0,0.9917788595654243
tender,beta_parietal,0.7381086186410776,0.0025936336543677953,0.9117976028983831,0.012658934725642454,0.5682233804836869,31,0.9380443544440578,1.0,1.0
tender,beta_occipital,0.46142930617177436,-0.0160526365517116,0.45210707537517725,-0.015247215793020503,0.9000833509489894,31,0.8983834229366214,1.0,1.0
tender,gamma_frontal,0.8964498971872286,-0.01209969826659142,0.5452552403501059,-0.025450746705268732,0.5814498504623771,31,0.972843018860575,1.0,1.0
tender,gamma_central,0.6186045047982985,-0.01834787669207276,0.2511745974717391,-0.034013308732715346,0.9307350646704435,31,0.9290233718270476,1.0,1.0
tender,gamma_temporal,0.9567785291416545,-0.004467641428481416,0.9962712062117461,0.008699656661416992,0.7352173123508692,31,0.9860112339956936,1.0,1.0
tender,gamma_parietal,0.27622616461025673,-0.06425136667008087,0.2626205787061643,-0.059161062157300694,0.8848088048398495,31,0.8168963351507119,1.0,1.0
tender,gamma_occipital,0.5994151355914827,0.007027888082316281,0.5170950975599207,-0.013543765375224557,0.6635807873681188,31,0.9281266615610055,1.0,0.9917949971681583
tender,faa,0.3824956735455509,-0.046298414457949744,0.7868342715545914,0.0323082747393339,0.529405927285552,31,0.8758800010731148,1.0,1.0
tender,coh_CF_delta,0.24563603806514933,0.10316297030444779,0.434381873840345,0.024052848432149762,0.34684528410434723,31,0.7921286188767607,1.0,0.9534425430886021
tender,icoh_CF_delta,0.7765566712179539,-0.02584482789020555,0.9874032011772914,-0.010837105474497592,0.7793471785262227,31,0.9409152676504917,0.9986055065391083,1.0
tender,coh_CF_theta,0.2604608706524225,0.11732005870086969,0.9386863163848452,-0.006551251872578006,0.6776954075321555,31,0.8167215240558374,1.0,0.991516844783271
tender,icoh_CF_theta,0.8422187895199349,0.08679000253190707,0.5243107133246816,-0.036362697030905285,0.9307350646704435,31,0.9625357594513542,1.0,1.0
tender,coh_CF_alpha,0.8984399167362516,-0.014635061101818012,0.8812210979758504,-0.015773025655548178,0.691920786164701,31,0.9716230642000363,1.0,0.9925484380845366
tender,icoh_CF_alpha,0.8821417346194399,-0.005384209668197025,0.7272888493706566,-0.016921502746351322,0.8091655615717173,31,0.9699672993877189,1.0,1.0
tender,coh_CF_beta,0.5588207718102376,-0.010079385039368357,0.45393225925451586,0.04283204736218577,0.34684528410434723,31,0.9212791588100085,1.0,0.9513470649719238
tender,icoh_CF_beta,0.09885736626766885,0.13345913456453315,0.9827682030492475,0.015232321767806402,0.9153939224779606,31,0.6741748256942662,1.0,1.0
tender,coh_CF_gamma,0.019257241478870337,-0.11456400252188932,0.7827564873444559,-0.027719053746642255,0.4797733975574374,31,0.534067497014004,1.0,1.0
tender,icoh_CF_gamma,0.02974100701572958,-0.13602077788064967,0.09884962630677172,-0.12113308541371835,0.06642110086977482,31,0.5227715036004298,1.0,0.9752180457115174
tender,coh_CO_delta,0.9952844737491231,0.028881600926840497,0.9103954704650745,0.01691402867342325,0.6776954075321555,31,0.9960826168716165,1.0,0.9903558180329392
tender,icoh_CO_delta,0.14303945284271585,-0.08992717229604281,0.40228733441109543,-0.06603779730781117,0.4677626034244895,31,0.7112081161263323,1.0,1.0
tender,coh_CO_theta,0.09702066955312916,0.1438040911405625,0.7878060393855705,0.02641580329089281,0.608313562348485,31,0.6689601966978187,1.0,0.9936849814278917
tender,icoh_CO_theta,0.9187724340145644,0.030597445444862863,0.6739527372516012,0.03495141597343393,0.5421982295811176,31,0.976684836158583,1.0,1.0
tender,coh_CO_alpha,0.7337485416977592,0.03605418059819945,0.4192433553365723,-0.04044446900212623,0.529405927285552,31,0.936317157503889,1.0,1.0
tender,icoh_CO_alpha,0.42262044185936054,-0.09094432800199512,0.5244753021853764,-0.014232178674066622,0.9768865816295147,31,0.8761300854493056,1.0,1.0
tender,coh_CO_beta,0.05341050661947799,0.12631429835501734,0.6097660325276884,-0.023101145752128505,0.691920786164701,31,0.5796201066183351,1.0,0.9914088876389745
tender,icoh_CO_beta,0.520099735337223,-0.012556407695610255,0.3814745060344018,-0.026720946524652844,0.5421982295811176,31,0.9078104471340619,1.0,1.0
tender,coh_CO_gamma,0.42174802539991607,0.06076324756109601,0.8997886855333077,-0.008619399719340077,0.9922946002334356,31,0.8801697921389553,1.0,1.0
tender,icoh_CO_gamma,0.2118356569251515,-0.039935651061263046,0.845477470692287,0.06348486773700689,0.1953968871384859,31,0.7685200576819449,1.0,0.9676798220191684
tender,coh_CP_delta,0.512622080875597,0.0560458045264599,0.6735838071284854,0.047673220833246696,0.9461012529209256,31,0.9074501516776526,1.0,1.0
tender,icoh_CP_delta,0.08782125402021601,-0.10874255791025783,0.25748975906702243,-0.05805797117269692,0.3271495960652828,31,0.6523864584358904,1.0,0.9584100842475891
tender,coh_CP_theta,0.13308728655520777,0.10625473030193285,0.7564969159974168,-0.005703821093944268,0.6219436237588525,31,0.694949513058156,1.0,0.9963872175238099
tender,icoh_CP_theta,0.8936649666842771,0.020690300977199583,0.24836832596571667,0.07645076981989288,0.1756664952263236,31,0.9732058275933488,1.0,0.9743634935220082
tender,coh_CP_alpha,0.4205864477568446,0.06792223803255608,0.29430294963498127,-0.05782800310341765,0.444234280847013,31,0.880691085235809,1.0,0.9900078258876289
tender,icoh_CP_alpha,0.22616114602645665,-0.07224975562937724,0.7493997455661229,0.01718381428173776,0.9922946002334356,31,0.7732852335370353,1.0,1.0
tender,coh_CP_beta,0.08129533409619608,0.12067953418298243,0.5514835572527896,-0.023492800901555744,0.7793471785262227,31,0.6503626727695686,1.0,1.0
tender,icoh_CP_beta,0.6858263758946762,-0.03444949903838286,0.7742320105587781,-0.027748717316991422,0.336907590739429,31,0.9303383881701695,1.0,0.9599558749835785
tender,coh_CP_gamma,0.28124848749878717,0.10076693983542222,0.6839432418795638,-0.0116088934006814,0.9922946002334356,31,0.8181774181782899,1.0,1.0
tender,icoh_CP_gamma,0.0858756286078235,-0.09831970680145712,0.9525612737999127,0.043477367762767435,0.4559155162423849,31,0.6534925884302667,1.0,0.9929887683603776
tender,coh_CT_delta,0.7154561874487406,0.004981883453740016,0.9390882476650424,0.04159603828707858,0.9000833509489894,31,0.9320347828142258,1.0,1.0
tender,icoh_CT_delta,0.9692060533031888,-0.007018547808672799,0.8599394992676106,-0.06351885654207765,0.6776954075321555,31,0.9906381281919572,1.0,0.989197507134655
tender,coh_CT_theta,0.3095556661745794,0.1018921785132947,0.694922335628777,0.03188716661302178,0.25557575561106205,31,0.841667693651144,1.0,0.9165475373638088
tender,icoh_CT_theta,0.17400660971998727,0.12083000388056409,0.9240273395018467,-0.004052600460788602,0.8091655615717173,31,0.7336494896302167,1.0,1.0
tender,coh_CT_alpha,0.2212794578007763,0.09728008164251016,0.7044646773377266,-0.021471362192182375,0.7793471785262227,31,0.7735483566817053,1.0,1.0
tender,icoh_CT_alpha,0.0827549857437673,-0.12482016536891087,0.6266771485886288,-0.05917634576747716,0.5042768456041813,31,0.6495485673473056,1.0,1.0
tender,coh_CT_beta,0.21853750956573592,0.06771050375067184,0.4388498234546375,-0.07473692997810844,0.111049959436059,31,0.7704373218588656,1.0,0.9557955129393216
tender,icoh_CT_beta,0.7070244656616513,0.030326960906986014,0.9294464142974209,0.005859496226448377,0.8848088048398495,31,0.9307663851748321,1.0,1.0
tender,coh_CT_gamma,0.5090657230220061,0.041062501789300876,0.20733589364745253,-0.08031377929939046,0.21665488090366125,31,0.9037183816948274,1.0,0.9691229081282051
tender,icoh_CT_gamma,0.6856414879552579,-0.02784733315794964,0.42964515158446326,0.06070891049821513,0.3883800162002444,31,0.9321139182659716,1.0,0.9617028972577482
tender,coh_FO_delta,0.631067672384838,0.07802895741755689,0.9600076650700636,-0.0010734792420015228,0.9614869365468621,31,0.9320384084452992,1.0,1.0
tender,icoh_FO_delta,0.03902986045567603,-0.15201802612203397,0.598488907868884,-0.05512103491124522,0.691920786164701,31,0.5663868121939963,1.0,0.9902719508412234
tender,coh_FO_theta,0.4712788584632638,0.08346464185176994,0.5812336675934402,-0.03851794197755365,0.336907590739429,31,0.9006983389925777,1.0,0.9577691873412469
tender,icoh_FO_theta,0.9251628632368165,0.040613658395500844,0.13528469106157262,-0.09333439470496517,0.209396718069911,31,0.9776488173747223,1.0,0.978753199068348
tender,coh_FO_alpha,0.22146946249314559,0.05087666721870024,0.8581538656184516,-0.009612593179431849,0.8695757398381829,31,0.7720499698085075,1.0,1.0
tender,icoh_FO_alpha,0.1542063817283947,-0.0635213242747317,0.2087044953700723,-0.061297772668838235,0.5167645234614611,31,0.7127761644334689,1.0,1.0
tender,coh_FO_beta,0.44372394148960104,0.04960549848298569,0.9463255653760234,0.00869128037199414,0.3777303956449032,31,0.8860279663664354,1.0,0.9620561913568146
tender,icoh_FO_beta,0.551402638741996,0.04966343212290431,0.39214637517793294,-0.05667715937716419,0.5421982295811176,31,0.9212188663320094,1.0,1.0
tender,coh_FO_gamma,0.054728646378796486,-0.094824542135549,0.9541709758679544,0.03795947021839183,0.23947724793106318,31,0.5837722280404958,1.0,0.9339612669311463
tender,icoh_FO_gamma,0.003763685635682381,0.1507515593697609,0.010155823400976146,0.13753911081449452,0.04789368249475956,31,0.4270072430301465,1.0,1.0
tender,coh_FP_delta,0.6736645863676852,0.08215830424645873,0.8131837474523018,0.006186669745179452,0.7206862810999155,31,0.9341482264298568,1.0,0.9971357858233865
tender,icoh_FP_delta,0.4184135601045236,-0.06733045873812545,0.8537920553848986,-0.0224667850082935,0.5551384268328547,31,0.8805735632553886,1.0,1.0
tender,coh_FP_theta,0.18693316820875594,0.12743326295546722,0.9974805397535959,-0.01170961943953509,0.9307350646704435,31,0.7599107293958548,0.9982804439554832,1.0
tender,icoh_FP_theta,0.6876762882533795,0.08800259630614747,0.5955094033456003,-0.03146298269515871,0.9922946002334356,31,0.9268034640823083,1.0,1.0
tender,coh_FP_alpha,0.4410349008630775,0.027820763280862082,0.8174987072263536,-0.040673169137954934,0.5948144253343344,31,0.886331008497779,1.0,1.0
tender,icoh_FP_alpha,0.5500591061036799,0.00035466638649647356,0.4892312743805425,-0.008308703794028078,0.9000833509489894,31,0.92144129451999,1.0,1.0
tender,coh_FP_beta,0.9377577557216725,-0.023789643383037077,0.7751993525944192,-0.012684664053526007,0.8241792023181915,31,0.9793486854733451,1.0,1.0
tender,icoh_FP_beta,0.044585555888488226,0.13863049147839906,0.8597410599834661,0.00242932120793696,0.9461012529209256,31,0.5796122265503469,1.0,1.0
tender,coh_FP_gamma,0.014379155674786164,-0.1385381418459488,0.7014659055176737,0.005613009390199663,0.7352173123508692,31,0.5127196080609466,1.0,1.0
tender,icoh_FP_gamma,0.33248244967081975,0.011465439469587684,0.41056969093866813,-0.0026673122464386254,0.9307350646704435,31,0.8485441660310492,1.0,1.0
tender,coh_FT_delta,0.29101819334274837,0.061724988665229,0.7067167778035566,-0.041062410296533576,0.34684528410434723,31,0.8216984282618778,1.0,0.9492607775487398
tender,icoh_FT_delta,0.40978834062664704,-0.07811485586084695,0.8686794104092667,-0.037703796515115295,0.8241792023181915,31,0.8817514639690612,1.0,1.0
tender,coh_FT_theta,0.6906400361465789,0.029622210992287245,0.37491299718427984,-0.06327376949702174,0.050248345360159874,31,0.9257988884113109,1.0,0.935969179245963
tender,icoh_FT_theta,0.2531816642651107,0.10714118932140171,0.4906606237843021,-0.061203050024282446,0.5042768456041813,31,0.8019561345250206,1.0,1.0
tender,coh_FT_alpha,0.942560082067168,-0.00971507453758009,0.6488664426671156,0.024690991320066347,0.9461012529209256,31,0.9802624853498546,1.0,1.0
tender,icoh_FT_alpha,0.7148929778504209,0.020629972116805527,0.46450733476859685,-0.003201936375271825,0.635700810700655,31,0.9332494104156123,1.0,1.0
tender,coh_FT_beta,0.7630991431456141,0.020997725765307118,0.7223632091444839,-0.009545714552838208,0.8392556216567755,31,0.9345905109379062,1.0,1.0
tender,icoh_FT_beta,0.2225165782035171,-0.04558460528037769,0.016889659175928027,-0.13368674546425505,0.06948136258870363,31,0.7713908044388593,1.0,0.9966981667896797
tender,coh_FT_gamma,0.006439067655240731,-0.16394498147551714,0.4188071288820374,-0.026512830806277005,0.3081742124632001,31,0.47270331963179013,1.0,0.9403457632128942
tender,icoh_FT_gamma,0.6041433113076293,-0.045140631903303946,0.26913279843670135,-0.07516269264069968,0.2899207631126046,31,0.9273934225238886,1.0,0.9325286401147695
tender,coh_OP_delta,0.9002314809171176,0.01996967323615836,0.752658013937396,-0.006807322958366943,0.9461012529209256,31,0.9718762008516979,1.0,1.0
tender,icoh_OP_delta,0.30812097042603703,-0.055191953176260536,0.9682631215404429,-0.01229897848400035,0.7352173123508692,31,0.8432784453765224,1.0,1.0
tender,coh_OP_theta,0.11584486113942612,0.12266150548932776,0.9992945500505857,0.003185669912280285,0.209396718069911,31,0.6662414133732895,0.9992945500505857,0.9751011348927199
tender,icoh_OP_theta,0.6588548161097745,0.055107713574306764,0.3810623585753494,-0.06012669299352023,0.27238877210766077,31,0.9280483188544001,1.0,0.9262702659137892
tender,coh_OP_alpha,0.8581848032774722,0.0021637149081825792,0.23706215533998543,-0.05863242803475715,0.49194561038166285,31,0.9701219515310555,1.0,1.0
tender,icoh_OP_alpha,0.08450733644569397,-0.13726663632648406,0.3158581593412314,-0.0850313838696411,0.43272085953503847,31,0.6550630800262489,1.0,0.9890762503658023
tender,coh_OP_beta,0.05738039657791153,0.15647641536560197,0.8249647898581853,0.01677646851533699,0.336907590739429,31,0.5967561244102799,1.0,0.9555924391881986
tender,icoh_OP_beta,0.3189886096972244,-0.07257901809258575,0.5748450226032819,-0.03562264982052218,0.9153939224779606,31,0.8452182269684418,1.0,1.0
tender,coh_OP_gamma,0.4312553511362768,0.061983139450285135,0.979745681758781,-0.020876197333713393,0.5551384268328547,31,0.8837548082398579,1.0,1.0
tender,icoh_OP_gamma,0.02308001244820894,-0.1290619677439745,0.20452810910568942,-0.03584351237518089,0.4559155162423849,31,0.5053307988660484,1.0,0.9912588227708996
tender,coh_OT_delta,0.5796391467534667,-0.01584640572106001,0.7926698061483239,0.025016795793463508,0.691920786164701,31,0.9203430727077945,1.0,0.9891376187096756
tender,icoh_OT_delta,0.542031938197036,-0.02401033105507285,0.5193853843887194,0.06489915412240224,0.26389263197779655,31,0.917850554775985,1.0,0.9199385606376819
tender,coh_OT_theta,0.6749505052898824,0.03899529510552635,0.8654993456031029,-0.0064119556116568974,0.8392556216567755,31,0.9348925977822122,1.0,1.0
tender,icoh_OT_theta,0.6694461515182886,-0.014138513622935014,0.8308703064275075,-0.023754492761265334,0.8695757398381829,31,0.9303661437581561,1.0,1.0
tender,coh_OT_alpha,0.22722405884334707,0.07151206468920558,0.9602089702573937,-0.00417427059699205,0.9461012529209256,31,0.7705859386861336,1.0,1.0
tender,icoh_OT_alpha,0.84084195276377,-0.02509234038059401,0.1842217974883188,0.07601131039006834,0.014852074906229973,31,0.9627254651827385,1.0,0.8425177037715912
tender,coh_OT_beta,0.15297398376577653,0.08333808599557123,0.7624590767831563,-0.025591572189304492,0.8091655615717173,31,0.7123564617152579,1.0,1.0
tender,icoh_OT_beta,0.34840415029212113,-0.0719193182987399,0.6596233392685855,-0.04112234556948087,0.5042768456041813,31,0.8525654501266023,1.0,1.0
tender,coh_OT_gamma,0.8447770492364468,-0.003494103791703415,0.8224087851010347,-0.011200112324019889,0.5814498504623771,31,0.9645761733276171,1.0,1.0
tender,icoh_OT_gamma,0.6828704327706021,-0.01807059349743489,0.8059396057746784,0.0012353555186364533,0.7498410120606422,31,0.9324095187064677,1.0,1.0
tender,coh_PT_delta,0.6508652646831932,-0.016343404197208533,0.905790451509944,0.01184990979069361,0.635700810700655,31,0.9293819797764589,1.0,0.9991871684564451
tender,icoh_PT_delta,0.9599847481126051,-0.01121020471784269,0.32026596467024826,0.026478767348797633,0.20231117121875286,31,0.984437933972499,1.0,0.9673729566321976
tender,coh_PT_theta,0.7360223033896904,0.02326614583368169,0.9113969654145109,-0.021870994911376673,0.7942198486998677,31,0.9373018720717691,1.0,1.0
tender,icoh_PT_theta,0.5372106708550013,0.06495835877058655,0.377365345604316,-0.0753818671925272,0.23169402685016394,31,0.9146506374175193,1.0,0.9574640579768364
tender,coh_PT_alpha,0.21759769368425896,0.08685891990386987,0.9706800358251835,-0.009824816076243314,0.42137710005044937,31,0.7692972286627626,1.0,0.9792897967652902
tender,icoh_PT_alpha,0.5581443977145942,-0.08094885034023548,0.6535979159075076,0.0008037588854747092,0.5814498504623771,31,0.9213812279732985,1.0,1.0
tender,coh_PT_beta,0.2718135171555929,0.04913232328519511,0.7893615546055743,-0.04193209393325399,0.5814498504623771,31,0.819379877802367,1.0,1.0
tender,icoh_PT_beta,0.7276966319104677,-0.042896875973109094,0.5365613597568699,-0.059212541633331985,0.209396718069911,31,0.938187393206884,1.0,0.9714762236105908
tender,coh_PT_gamma,0.936157474561692,-0.009412893693101138,0.3600087619183089,-0.06325929071118176,0.12031982094049454,31,0.9801380270578788,1.0,0.9443970851178439
tender,icoh_PT_gamma,0.49560671368197085,-0.046282357550819934,0.7400334458917683,-0.022490587172418867,0.3081742124632001,31,0.9122672251845126,1.0,0.9380522369611554
tender,asym_F4F3_delta,0.9457628042459251,0.0006194218567752018,0.4694578644687185,-0.03858161734481744,0.9461012529209256,31,0.9819567218792965,1.0,1.0
tender,asym_F4F3_theta,0.4390986371831981,0.04611170989833604,0.7732650189317636,0.03460230223581178,0.3777303956449032,31,0.8838630632332761,1.0,0.9600968101116888
tender,asym_F4F3_alpha,0.40750626205908,0.06563546392135798,0.8953910098691475,0.01335828153330553,0.9768865816295147,31,0.8814000260827242,1.0,1.0
tender,asym_F4F3_beta,0.2334789411177962,0.06273883526299183,0.7240669486088667,0.022008311113015752,0.5421982295811176,31,0.779095504050828,1.0,1.0
tender,asym_F4F3_gamma,0.31485391979772104,0.05813661629282001,0.9095943769204946,-0.008580735054628088,0.9922946002334356,31,0.8432139311320941,1.0,1.0
tender,asym_F8F7_delta,0.585505153777812,-0.06892240776363776,0.3784584449387386,-0.09095324685937092,0.23947724793106318,31,0.9214507338142615,1.0,0.93105173027404
tender,asym_F8F7_theta,0.9848509398863384,-0.07567267702003376,0.44922570219080427,0.018675431172088246,0.608313562348485,31,0.9952177918851419,1.0,0.9923860468116461
tender,asym_F8F7_alpha,0.5887951780694805,0.05651928229356635,0.7252035353979347,-0.01041434365741484,0.9768865816295147,31,0.9208225341236987,1.0,1.0
tender,asym_F8F7_beta,0.600639348930047,-0.04598565142441684,0.9216199779870362,-0.017991898431356353,0.1820761300623417,31,0.9265734332072914,1.0,0.9628432640584849
tender,asym_F8F7_gamma,0.29831825342620155,-0.08670674504806856,0.946526668005267,-0.016118399564848257,0.7498410120606422,31,0.8291785752247205,1.0,1.0
tender,asym_T4T3_delta,0.2638854191740633,0.06677432099034294,0.578294220202769,0.01758166516035965,0.5042768456041813,31,0.8171935561519379,1.0,1.0
tender,asym_T4T3_theta,0.2652854739288547,0.025780593306315627,0.10046047451306582,0.05853767249828316,0.09026811271905899,31,0.8154587967074155,1.0,0.9233983989621772
tender,asym_T4T3_alpha,0.6867510975541782,-0.0018169770441212186,0.8192655212050138,-0.005924397864185027,0.7206862810999155,31,0.9295719845418811,1.0,0.9960315379985544
tender,asym_T4T3_beta,0.28952691240771244,-0.06257185253594079,0.8806231730650662,-0.026199933223348317,0.6776954075321555,31,0.8212036061018753,1.0,0.9880419025702454
tender,asym_T4T3_gamma,0.10818443543452719,-0.11835534679950732,0.5793308738574635,-0.04574193783038676,0.5948144253343344,31,0.6750708771114496,1.0,1.0
tender,asym_T6T5_delta,0.9477649541497379,0.003277461933622379,0.8561706794190266,0.03797634787457328,0.49194561038166285,31,0.9824008827067051,1.0,1.0
tender,asym_T6T5_theta,0.7042217991391921,0.007949640359436946,0.01797595335833872,0.1404266662724446,0.02600933238863945,31,0.9310050903874066,1.0,0.9546954947359422
tender,asym_T6T5_alpha,0.1826028011809282,-0.09185047423563016,0.5743284833868042,0.040462902052981274,0.3672574386000633,31,0.752106587042239,1.0,0.9608748079095997
tender,asym_T6T5_beta,0.02143265990253608,-0.15784461303286376,0.9065911012936626,-0.04264559357078981,0.5814498504623771,31,0.5244697952620594,1.0,1.0
tender,asym_T6T5_gamma,0.014319053818263663,-0.1451604235779914,0.567462379054731,-0.03854638509276489,0.6219436237588525,31,0.5255935048586191,1.0,0.995109798014164
tender,asym_P4P3_delta,0.8416286572957283,0.007095334588533,0.8448842183285071,0.010956585683363189,0.8392556216567755,31,0.9627429553666993,1.0,1.0
tender,asym_P4P3_theta,0.4076486696282101,0.05771025244592585,0.02209021657474171,0.16344338147739768,0.0031182998791337013,31,0.8801825946297686,1.0,0.5559483213084084
tender,asym_P4P3_alpha,0.4059417370857784,-0.04854442294280022,0.9001886289060776,0.016751348183297828,0.27238877210766077,31,0.8826050311551419,1.0,0.9237532271477191
tender,asym_P4P3_beta,0.003486754551840456,-0.18116380755111994,0.17098554928467913,-0.08219278420225655,0.08650196995586157,31,0.4351469680696889,1.0,0.9306418836630624
tender,asym_P4P3_gamma,0.3472418534208914,-0.04154245022853265,0.9732986628423863,-0.019682896928661296,0.6219436237588525,31,0.854749177651425,1.0,0.9938356497452598
tender,asym_O2O1_delta,0.7335591666073107,0.062227918838704474,0.5339004185565013,0.07886023598692703,0.16334008984267712,31,0.9370336130255105,1.0,0.9661063133822798
tender,asym_O2O1_theta,0.9946825000825893,-0.011200934732926864,0.05772692499352833,0.13559343940896756,0.0009815162047743797,31,0.9970793253839931,1.0,0.3062330558896065
tender,asym_O2O1_alpha,0.9177743926153269,-0.017592759450379813,0.4192433553365723,0.029459488366272726,0.08650196995586157,31,0.9764556197646445,1.0,0.9226876795291901
tender,asym_O2O1_beta,0.7158317466003545,0.02283772173033909,0.8660954435013226,0.005305838118273626,0.5421982295811176,31,0.931551636868866,1.0,1.0
tender,asym_O2O1_gamma,0.3648021322762137,0.007512359616822996,0.8385617315544418,0.009125422121682025,0.5814498504623771,31,0.8622595853801416,1.0,1.0
