question,feature,family,n_subjects,mean_rho,frac_same_sign,p,q
energetic,asym_P4P3_theta,asymmetry,31,-0.08840658805212959,0.7419354838709677,0.0009035775437951088,1.0
tense,icoh_FO_beta,imaginary coherence,31,-0.09269618307151788,0.7741935483870968,0.0010653818026185036,0.6647982448339462
tender,icoh_FO_gamma,imaginary coherence,31,0.09237142963290566,0.7096774193548387,0.0020003607496619225,0.8321500718593597
tender,alpha_central,band power,31,-0.1152620229944774,0.7419354838709677,0.0029005883261561394,0.9049835577607155
afraid,asym_T4T3_delta,asymmetry,31,-0.08291643133441974,0.7096774193548387,0.0066398633643984795,1.0
tense,icoh_FP_beta,imaginary coherence,31,-0.08529567795418176,0.7096774193548387,0.0066398633643984795,1.0
tender,icoh_FT_beta,imaginary coherence,31,-0.09862863799866503,0.7096774193548387,0.007087168283760548,1.0
tense,asym_F4F3_theta,asymmetry,31,-0.08690590431679998,0.7419354838709677,0.007560359314084053,1.0
pleasant,asym_F4F3_delta,asymmetry,31,-0.07422924383179037,0.6129032258064516,0.00973692536354065,1.0
sad,asym_T4T3_theta,asymmetry,31,0.07256084411037181,0.7096774193548387,0.010358627885580063,1.0
sad,coh_FO_alpha,coherence,31,0.0706106777490245,0.7096774193548387,0.012432587333023548,1.0
sad,icoh_CP_alpha,imaginary coherence,31,0.05111764546689113,0.6451612903225806,0.01319857221096754,1.0
energetic,icoh_OT_delta,imaginary coherence,31,0.06731461962449185,0.7096774193548387,0.01319857221096754,1.0
energetic,coh_CF_beta,coherence,31,-0.06001411274952485,0.6129032258064516,0.014004520140588284,1.0
angry,coh_FT_beta,coherence,31,0.09977391165204742,0.6451612903225806,0.014004520140588284,1.0
tender,alpha_frontal,band power,31,-0.07507974402433142,0.6774193548387096,0.014004520140588284,1.0
pleasant,icoh_CT_gamma,imaginary coherence,31,-0.0923100896858465,0.6451612903225806,0.014852074906229973,1.0
energetic,asym_O2O1_theta,asymmetry,31,-0.09916601465706239,0.6451612903225806,0.015742935240268707,1.0
sad,alpha_central,band power,31,0.06203336031033048,0.7419354838709677,0.015742935240268707,1.0
angry,coh_OT_delta,coherence,31,-0.0812580381662693,0.6774193548387096,0.016678825952112675,1.0
angry,gamma_parietal,band power,31,0.05903378817323074,0.6774193548387096,0.017661521211266518,1.0
sad,icoh_FT_gamma,imaginary coherence,31,-0.07427176515888033,0.6774193548387096,0.017661521211266518,1.0
tender,icoh_CF_gamma,imaginary coherence,31,-0.07938025019810528,0.7096774193548387,0.01869285199791193,0.9720283038914204
happy,coh_CT_theta,coherence,31,0.08706264803707393,0.6774193548387096,0.01869285199791193,1.0
pleasant,asym_T4T3_delta,asymmetry,31,0.0863514945534915,0.6774193548387096,0.019774673506617546,0.9871517014503479
pleasant,icoh_OP_beta,imaginary coherence,31,0.05757685273655653,0.6451612903225806,0.020908888429403305,1.0
pleasant,coh_OP_beta,coherence,31,-0.051554426239132534,0.6451612903225806,0.022097455337643623,1.0
tense,coh_CO_gamma,coherence,31,-0.08595525969426306,0.6451612903225806,0.023342357017099857,1.0
sad,alpha_temporal,band power,31,0.06995184894835081,0.6451612903225806,0.023342357017099857,1.0
angry,coh_CP_theta,coherence,31,-0.07965965392198203,0.6451612903225806,0.02600933238863945,1.0
angry,coh_CO_delta,coherence,31,-0.07783779035689362,0.6129032258064516,0.02600933238863945,1.0
angry,icoh_CO_alpha,imaginary coherence,31,0.07447203332792947,0.6774193548387096,0.02743559330701828,1.0
tense,theta_frontal,band power,31,0.09089785964429974,0.6129032258064516,0.02743559330701828,1.0
tense,icoh_CF_delta,imaginary coherence,31,-0.0724046632510687,0.6774193548387096,0.028926550410687923,1.0
happy,coh_CO_theta,coherence,31,0.08270559768802796,0.6451612903225806,0.028926550410687923,1.0
angry,beta_temporal,band power,31,0.07467823615717518,0.6451612903225806,0.028926550410687923,1.0
angry,icoh_PT_theta,imaginary coherence,31,-0.07198792375670007,0.6774193548387096,0.03211137559264898,1.0
pleasant,icoh_CP_delta,imaginary coherence,31,-0.07740915312658536,0.6129032258064516,0.03211137559264898,1.0
angry,icoh_OT_theta,imaginary coherence,31,-0.06339510205117124,0.6774193548387096,0.03211137559264898,1.0
tense,icoh_CT_alpha,imaginary coherence,31,-0.062182290697510266,0.6774193548387096,0.03211137559264898,0.9774389448689251
angry,coh_FO_gamma,coherence,31,-0.08306408892103485,0.7419354838709677,0.03211137559264898,1.0
tender,asym_T4T3_theta,asymmetry,31,0.061906148121923577,0.7419354838709677,0.033809719607234,0.9376562237739563
sad,icoh_OT_theta,imaginary coherence,31,0.07547554061422619,0.6774193548387096,0.033809719607234,0.9589665924960916
happy,icoh_OP_beta,imaginary coherence,31,0.07590196776581509,0.6774193548387096,0.033809719607234,1.0
pleasant,coh_CO_beta,coherence,31,-0.0555556164395135,0.7741935483870968,0.033809719607234,0.9812681411587915
tense,icoh_OP_gamma,imaginary coherence,31,-0.03756661470613644,0.7419354838709677,0.033809719607234,0.9172723928223485
energetic,icoh_CF_delta,imaginary coherence,31,-0.050786462852323175,0.6774193548387096,0.0355817461386323,0.9062452894084307
afraid,gamma_parietal,band power,31,-0.07008869272216053,0.6451612903225806,0.0355817461386323,0.9448089187449598
energetic,asym_T6T5_theta,asymmetry,31,-0.06889250890913134,0.5806451612903226,0.0355817461386323,0.9251253996044397
tense,icoh_FT_beta,imaginary coherence,31,-0.07257523164611161,0.6451612903225806,0.0355817461386323,0.8881203836202621
angry,coh_OT_gamma,coherence,31,0.09099339269874934,0.5483870967741935,0.03742977511137724,0.8983146026730537
angry,asym_P4P3_alpha,asymmetry,31,0.05044791428738967,0.6129032258064516,0.03742977511137724,0.9159286144901725
pleasant,coh_PT_gamma,coherence,31,-0.079203646719379,0.6129032258064516,0.04136332217603922,0.973989171239565
pleasant,icoh_CP_theta,imaginary coherence,31,0.07618804223966097,0.6774193548387096,0.04136332217603922,0.9559523347351286
pleasant,beta_temporal,band power,31,-0.08521743372464273,0.6451612903225806,0.04345365799963474,0.9860030033371665
pleasant,asym_T6T5_delta,asymmetry,31,0.05635412569067564,0.7096774193548387,0.045629615895450115,0.9818234592676163
energetic,asym_T4T3_theta,asymmetry,31,0.061987911104416524,0.6129032258064516,0.045629615895450115,0.9990484322372236
angry,coh_CT_delta,coherence,31,-0.05533940834670496,0.6451612903225806,0.045629615895450115,1.0
sad,faa,band power,31,0.06220283755007571,0.6774193548387096,0.04789368249475956,1.0
sad,theta_occipital,band power,31,0.07161243583795696,0.6129032258064516,0.050248345360159874,0.9798427345231175
angry,theta_central,band power,31,0.06453292526336944,0.7096774193548387,0.050248345360159874,1.0
angry,beta_parietal,band power,31,0.055811807996391086,0.6774193548387096,0.050248345360159874,1.0
happy,icoh_OP_delta,imaginary coherence,31,0.07722062952652413,0.7096774193548387,0.050248345360159874,0.9953957938012623
angry,coh_FT_theta,coherence,31,0.06401217820971912,0.6451612903225806,0.050248345360159874,1.0
tender,asym_T6T5_theta,asymmetry,31,0.06330938126380405,0.6451612903225806,0.050248345360159874,0.9647682309150696
angry,beta_frontal,band power,31,0.06254212579233683,0.6129032258064516,0.052696118131279945,0.9964356883005663
angry,gamma_central,band power,31,0.061373164238949764,0.6451612903225806,0.052696118131279945,0.9531123975048894
angry,coh_FP_beta,coherence,31,0.07739233107954402,0.5806451612903226,0.052696118131279945,0.967128756291726
angry,coh_CP_delta,coherence,31,-0.0814599970388916,0.5806451612903226,0.052696118131279945,0.981563513848319
tense,asym_F8F7_theta,asymmetry,31,-0.0722316976163067,0.6774193548387096,0.052696118131279945,0.9262641609554559
happy,delta_frontal,band power,31,-0.06760319548620881,0.7096774193548387,0.052696118131279945,0.9394965061119624
energetic,theta_parietal,band power,31,0.05997773750508475,0.7096774193548387,0.055239553563296795,0.9443693540684165
afraid,theta_parietal,band power,31,-0.07925770205803909,0.6129032258064516,0.055239553563296795,0.9574855950971445
tender,coh_CF_gamma,coherence,31,-0.06741665945330236,0.6774193548387096,0.055239553563296795,0.9316076060404649
tense,icoh_FP_delta,imaginary coherence,31,-0.07392735787311659,0.6451612903225806,0.05788119416683912,0.8809235404904295
happy,icoh_FT_alpha,imaginary coherence,31,-0.09443359343249705,0.6451612903225806,0.05788119416683912,0.9381263677950029
angry,icoh_OT_gamma,imaginary coherence,31,-0.06567571877579292,0.6129032258064516,0.05788119416683912,0.963143070936203
sad,alpha_frontal,band power,31,0.039680365913493595,0.7096774193548387,0.05788119416683912,0.9143763331672813
tender,alpha_occipital,band power,31,-0.07411893530348776,0.5806451612903226,0.05788119416683912,0.9029466290026903
happy,asym_T6T5_gamma,asymmetry,31,-0.06155064052521904,0.6451612903225806,0.05788119416683912,0.9504701357923055
tender,asym_O2O1_theta,asymmetry,31,0.06622266158821069,0.6451612903225806,0.05788119416683912,0.8917991397557435
pleasant,beta_frontal,band power,31,-0.068937859470221,0.6129032258064516,0.05788119416683912,0.926099106669426
pleasant,coh_PT_beta,coherence,31,-0.0617021056102935,0.6451612903225806,0.060623603872954845,0.8696351452120419
pleasant,coh_CF_alpha,coherence,31,0.06565858605467538,0.6451612903225806,0.060623603872954845,0.8797471817842749
angry,icoh_CT_beta,imaginary coherence,31,-0.06597884283519048,0.6451612903225806,0.060623603872954845,0.8900971486287959
sad,coh_OP_beta,coherence,31,-0.07857648181313914,0.6774193548387096,0.060623603872954845,0.8500927823982881
sad,coh_CT_alpha,coherence,31,0.05573027648049414,0.5806451612903226,0.060623603872954845,0.8597529276528142
angry,coh_PT_gamma,coherence,31,0.0778323080205114,0.6129032258064516,0.060623603872954845,0.9006935432553291
angry,coh_CT_theta,coherence,31,-0.051177910764920086,0.7419354838709677,0.060623603872954845,0.9115452726921404
afraid,gamma_temporal,band power,31,-0.07635528532891825,0.6129032258064516,0.06346937920898199,0.880108725031217
energetic,coh_CT_delta,coherence,31,0.06297835539630309,0.6451612903225806,0.06346937920898199,0.8704372005803245
tense,alpha_temporal,band power,31,0.05887258827695811,0.6451612903225806,0.06346937920898199,0.8517181209979519
tense,coh_CO_beta,coherence,31,-0.05922787112391026,0.6451612903225806,0.06346937920898199,0.8426572899235055
pleasant,coh_CP_theta,coherence,31,0.06984718351631622,0.7096774193548387,0.06346937920898199,0.8609759266609731
angry,icoh_FO_beta,imaginary coherence,31,0.06242558486711806,0.6451612903225806,0.06642110086977482,0.8725635145839892
tender,asym_P4P3_theta,asymmetry,31,0.05015847706981713,0.7419354838709677,0.06642110086977482,0.8634743113070726
sad,asym_O2O1_gamma,asymmetry,31,0.058096162269562775,0.6129032258064516,0.06948136258870363,0.8671274051070214
happy,icoh_PT_alpha,imaginary coherence,31,-0.061579275069326256,0.6451612903225806,0.06948136258870363,0.8848238827622666
tense,icoh_FP_alpha,imaginary coherence,31,-0.06234151760951289,0.6451612903225806,0.06948136258870363,0.8418712670941955
tense,alpha_central,band power,31,0.05495243022660959,0.5806451612903226,0.06948136258870363,0.850124906967668
afraid,delta_temporal,band power,31,0.06038199644569295,0.6774193548387096,0.06948136258870363,0.8939457784608468
sad,coh_CO_alpha,coherence,31,0.06781006541983657,0.6451612903225806,0.06948136258870363,0.8585419852544766
pleasant,coh_CP_beta,coherence,31,-0.05251873989795217,0.7096774193548387,0.06948136258870363,0.87588626778487
afraid,asym_P4P3_theta,asymmetry,31,0.06328409378285144,0.6129032258064516,0.0726527813822031,0.8635302015713283
angry,icoh_FO_gamma,imaginary coherence,31,-0.06245166853503139,0.7096774193548387,0.0726527813822031,0.8473894501400885
angry,icoh_CT_delta,imaginary coherence,31,0.05876290422685319,0.6451612903225806,0.0726527813822031,0.8553836902357498
sad,coh_FT_alpha,coherence,31,0.05077487464631991,0.7096774193548387,0.0726527813822031,0.8395432515276803
afraid,asym_O2O1_theta,asymmetry,31,0.058381167495662294,0.6129032258064516,0.0726527813822031,0.8718333765864372
angry,coh_OP_delta,coherence,31,-0.06163564020054894,0.5806451612903226,0.07593795005232096,0.8694546941770326
sad,theta_frontal,band power,31,0.07619853220382038,0.5806451612903226,0.07593795005232096,0.8537888438315004
sad,coh_CF_gamma,coherence,31,0.04655106819847572,0.7096774193548387,0.07593795005232096,0.861550560593605
energetic,icoh_CP_theta,imaginary coherence,31,0.05049676989481916,0.5806451612903226,0.07933946698904037,0.884068346449307
sad,coh_FP_delta,coherence,31,-0.06407409910310717,0.6451612903225806,0.07933946698904037,0.8762447327639149
tender,asym_F4F3_theta,asymmetry,31,0.07333951548952895,0.6451612903225806,0.07933946698904037,0.8610056939332381
tense,delta_central,band power,31,-0.04841477644598395,0.6129032258064516,0.07933946698904037,0.8535832310545033
sad,icoh_PT_theta,imaginary coherence,31,0.06166776570040255,0.6774193548387096,0.07933946698904037,0.8685583754589683
afraid,coh_OT_alpha,coherence,31,0.06056275636741103,0.6451612903225806,0.0828599464148283,0.8838394284248352
angry,coh_OP_theta,coherence,31,-0.055213904200964635,0.6774193548387096,0.0828599464148283,0.8763492637771672
pleasant,icoh_FP_alpha,imaginary coherence,31,0.04839194467346071,0.5806451612903226,0.0828599464148283,0.8689849842496279
sad,coh_CO_gamma,coherence,31,-0.06482443158047824,0.6451612903225806,0.0828599464148283,0.8617434427142143
energetic,icoh_CT_delta,imaginary coherence,31,-0.02711402938967903,0.7419354838709677,0.08650196995586157,0.8776785244302052
energetic,gamma_occipital,band power,31,0.06931486023660928,0.6451612903225806,0.08650196995586157,0.8921856074786383
energetic,icoh_CP_gamma,imaginary coherence,31,0.06323285946419029,0.5806451612903226,0.08650196995586157,0.8848726106960265
sad,coh_CP_alpha,coherence,31,0.060436773479313186,0.5483870967741935,0.09026811271905899,0.9012368373870849
tense,beta_central,band power,31,0.054798081787388625,0.6129032258064516,0.09026811271905899,0.8940841640744891
afraid,icoh_FO_delta,imaginary coherence,31,0.04489197654491914,0.6129032258064516,0.09026811271905899,0.9085048763982712
tender,alpha_temporal,band power,31,-0.06452879405258384,0.6774193548387096,0.09416095819324255,0.9109525257764861
happy,icoh_CP_theta,imaginary coherence,31,-0.04545154728697584,0.6774193548387096,0.09416095819324255,0.9252982348438323
sad,theta_temporal,band power,31,0.06328599477065315,0.6129032258064516,0.09416095819324255,0.9180693423841149
tender,asym_P4P3_beta,asymmetry,31,-0.040099877829570856,0.6451612903225806,0.09818304609507322,0.9353621490584075
energetic,icoh_CO_delta,imaginary coherence,31,-0.05710848408650011,0.6774193548387096,0.09818304609507322,0.9425572425127029
angry,gamma_occipital,band power,31,0.04984114356344588,0.6129032258064516,0.10233690217137337,0.9531078649990594
tender,icoh_OP_gamma,imaginary coherence,31,-0.057762543143684696,0.6129032258064516,0.10233690217137337,0.9188234094235537
tender,icoh_CF_theta,imaginary coherence,31,-0.050524905689984016,0.6451612903225806,0.10233690217137337,0.9254815500715504
tender,asym_T4T3_alpha,asymmetry,31,-0.04221450324974811,0.5806451612903226,0.10233690217137337,0.9322368898530946
happy,icoh_CP_beta,imaginary coherence,31,-0.06144498949296131,0.5806451612903226,0.10233690217137337,0.9460478067398072
afraid,icoh_OT_alpha,imaginary coherence,31,-0.03914941378384848,0.6451612903225806,0.10233690217137337,0.967548893256621
tense,icoh_FO_delta,imaginary coherence,31,-0.05876231495773203,0.6774193548387096,0.10233690217137337,0.9122603850705283
pleasant,asym_O2O1_gamma,asymmetry,31,-0.04021259063526407,0.6129032258064516,0.10233690217137337,0.9390915728667203
angry,asym_T4T3_delta,asymmetry,31,-0.06523969982055944,0.6451612903225806,0.10233690217137337,0.9602740895479245
afraid,icoh_CP_delta,imaginary coherence,31,0.04616396743576618,0.6451612903225806,0.10662505030632019,0.9437451261155149
energetic,coh_FT_beta,coherence,31,-0.055761983987056236,0.6451612903225806,0.10662505030632019,0.9240837693214417
tense,icoh_PT_beta,imaginary coherence,31,0.048001536994890494,0.6774193548387096,0.10662505030632019,0.91771077780888
angry,coh_CF_beta,coherence,31,0.04614322432473903,0.6129032258064516,0.10662505030632019,0.9370990336780817
angry,coh_FT_gamma,coherence,31,0.05126559085664891,0.6774193548387096,0.10662505030632019,0.9305458935824308
pleasant,coh_OT_beta,coherence,31,-0.06012497852033979,0.5806451612903226,0.111049959436059,0.9058192769686381
tense,icoh_FO_alpha,imaginary coherence,31,-0.06384889350564979,0.6129032258064516,0.111049959436059,0.888399675488472
afraid,coh_PT_delta,coherence,31,-0.07214635141787323,0.5806451612903226,0.111049959436059,0.9427914923551132
angry,gamma_frontal,band power,31,0.039050334040945794,0.6129032258064516,0.111049959436059,0.93642127956893
tender,asym_T4T3_gamma,asymmetry,31,-0.05615207502124076,0.6129032258064516,0.111049959436059,0.894131286298075
happy,coh_OP_delta,coherence,31,-0.05454114754084473,0.6774193548387096,0.111049959436059,0.9178168832861036
happy,icoh_CF_theta,imaginary coherence,31,-0.053076576051990544,0.5806451612903226,0.111049959436059,0.9117786143171159
energetic,icoh_FP_delta,imaginary coherence,31,-0.05433085824832292,0.5806451612903226,0.111049959436059,0.9239356625080108
energetic,beta_occipital,band power,31,0.06236939073332849,0.6451612903225806,0.111049959436059,0.9301365729946418
afraid,asym_O2O1_delta,asymmetry,31,0.06412966933720107,0.5806451612903226,0.111049959436059,0.9492489683301482
pleasant,delta_central,band power,31,0.06814295376869871,0.6451612903225806,0.111049959436059,0.8999373336116989
angry,coh_CO_theta,coherence,31,-0.061138149858570294,0.5806451612903226,0.11561407148838043,0.9132048178322708
afraid,coh_OP_delta,coherence,31,-0.03567927119815999,0.6129032258064516,0.11561407148838043,0.9190214090286546
pleasant,coh_FP_alpha,coherence,31,0.04074041005581805,0.6451612903225806,0.11561407148838043,0.9017897576093674
angry,coh_FP_gamma,coherence,31,-0.06856439918850685,0.5806451612903226,0.11561407148838043,0.9074613913050238
tense,coh_FT_beta,coherence,31,-0.05441936702984191,0.6451612903225806,0.12031982094049454,0.915604491059373
tender,coh_FO_beta,coherence,31,0.056731385891551175,0.5806451612903226,0.12031982094049454,0.921221696525995
angry,icoh_FO_theta,imaginary coherence,31,-0.060557897658802824,0.6451612903225806,0.12031982094049454,0.9269082502082542
afraid,theta_temporal,band power,31,-0.04698233496718415,0.6129032258064516,0.12031982094049454,0.9326654443089266
energetic,gamma_central,band power,31,0.04755815430624305,0.6129032258064516,0.12516957335174084,0.9410339008612805
energetic,coh_CO_delta,coherence,31,0.05169144302933935,0.6129032258064516,0.12516957335174084,0.9467371366240761
sad,coh_FT_beta,coherence,31,0.05448815580521403,0.6451612903225806,0.12516957335174084,0.9243291570590093
tender,asym_F8F7_theta,asymmetry,31,0.05983818509290378,0.6774193548387096,0.12516957335174084,0.9188919267233681
tense,asym_T6T5_beta,asymmetry,31,-0.050538479260430605,0.6451612903225806,0.12516957335174084,0.9082071368777475
tense,asym_T4T3_alpha,asymmetry,31,0.05448900834104221,0.6451612903225806,0.12516957335174084,0.9135182897249857
energetic,theta_frontal,band power,31,0.054905956869070106,0.6451612903225806,0.12516957335174084,0.9353989673231891
sad,asym_F4F3_delta,asymmetry,31,-0.053373177648582376,0.6129032258064516,0.12516957335174084,0.9298311163272176
tense,coh_FT_alpha,coherence,31,-0.05562637817786914,0.5806451612903226,0.13016566075384617,0.9126221607910113
tender,icoh_OP_alpha,imaginary coherence,31,-0.06122537518074975,0.5483870967741935,0.13016566075384617,0.9229928671636365
happy,icoh_FP_alpha,imaginary coherence,31,-0.06904521821872163,0.6129032258064516,0.13016566075384617,0.9389985238196533
tense,beta_parietal,band power,31,0.04893765727685875,0.6129032258064516,0.13016566075384617,0.9177782181966103
pleasant,icoh_OP_theta,imaginary coherence,31,-0.03745815933042192,0.6451612903225806,0.13016566075384617,0.9336019805793104
sad,coh_CF_delta,coherence,31,-0.0465433021102086,0.6129032258064516,0.13016566075384617,0.9282671121188573
pleasant,icoh_CF_gamma,imaginary coherence,31,0.0480914300177953,0.5483870967741935,0.13531039096415043,0.9329688835539212
happy,icoh_CO_delta,imaginary coherence,31,0.0639848074241421,0.5806451612903226,0.13531039096415043,0.9381520440181096
sad,asym_T6T5_beta,asymmetry,31,0.04906076708762921,0.6129032258064516,0.13531039096415043,0.9278426808970315
tense,coh_FO_alpha,coherence,31,-0.04133631393428728,0.5806451612903226,0.13531039096415043,0.9227725023128948
energetic,asym_F4F3_delta,asymmetry,31,-0.050313281981446564,0.6451612903225806,0.13531039096415043,0.9433931168897192
tense,theta_temporal,band power,31,0.0552435366679463,0.5161290322580645,0.14060599450021982,0.9284459319379594
energetic,icoh_CO_gamma,imaginary coherence,31,0.05117796995255645,0.5806451612903226,0.14060599450021982,0.9434208663240555
tense,delta_parietal,band power,31,-0.028890615390128185,0.6129032258064516,0.14060599450021982,0.9333844741291188
tense,coh_FT_theta,coherence,31,-0.0519650889641478,0.6774193548387096,0.14060599450021982,0.9383758349533387
afraid,icoh_CP_theta,imaginary coherence,31,0.06184719822022938,0.6129032258064516,0.14060599450021982,0.9485204385744559
afraid,coh_FT_alpha,coherence,31,0.06125261054017471,0.6451612903225806,0.14060599450021982,0.9536754409580127
angry,coh_PT_delta,coherence,31,-0.047868141183708024,0.5806451612903226,0.14605465531349182,0.9543257059227109
sad,alpha_occipital,band power,31,0.036591634063165936,0.7419354838709677,0.14605465531349182,0.9395680919135969
pleasant,icoh_FT_gamma,imaginary coherence,31,0.05500116616832271,0.6774193548387096,0.14605465531349182,0.9444363203691077
pleasant,alpha_parietal,band power,31,-0.0464215977499849,0.5483870967741935,0.14605465531349182,0.9493552595376968
afraid,icoh_PT_delta,imaginary coherence,31,0.052200265768698344,0.5806451612903226,0.14605465531349182,0.9593484727959883
sad,delta_temporal,band power,31,-0.04901793454914386,0.7096774193548387,0.14605465531349182,0.9347497940063476
tender,beta_temporal,band power,31,0.06814083029574336,0.5806451612903226,0.15165852662175894,0.936979411999778
sad,coh_CF_beta,coherence,31,0.046906801722690655,0.6451612903225806,0.15165852662175894,0.9416410011142048
angry,asym_T6T5_delta,asymmetry,31,-0.04597630213401059,0.6129032258064516,0.15165852662175894,0.965662455224261
pleasant,icoh_FT_theta,imaginary coherence,31,0.04614097677708805,0.5806451612903226,0.15165852662175894,0.9463492061197758
angry,icoh_PT_gamma,imaginary coherence,31,-0.04485335723140432,0.6774193548387096,0.15165852662175894,0.9559082890098746
angry,icoh_OP_gamma,imaginary coherence,31,0.041363774972301925,0.5806451612903226,0.15165852662175894,0.9607606153500262
tense,coh_CT_beta,coherence,31,-0.04116112277539022,0.6129032258064516,0.15165852662175894,0.9323637498717002
energetic,icoh_CF_beta,imaginary coherence,31,-0.01826209199417684,0.7096774193548387,0.15165852662175894,0.9511047297686188
angry,icoh_CP_delta,imaginary coherence,31,0.04426469334609764,0.6451612903225806,0.15741967037320137,0.9536881001250258
energetic,asym_F8F7_beta,asymmetry,31,0.06610966087314658,0.6129032258064516,0.15741967037320137,0.949080911235533
tender,coh_FT_theta,coherence,31,-0.05903354127876213,0.5806451612903226,0.15741967037320137,0.9355226125035967
happy,icoh_FT_theta,imaginary coherence,31,-0.045479815356454664,0.6129032258064516,0.15741967037320137,0.9445180222392082
angry,coh_OT_beta,coherence,31,0.06968267881089583,0.5483870967741935,0.15741967037320137,0.9583402371988063
afraid,coh_FT_theta,coherence,31,0.0429331624541667,0.5806451612903226,0.15741967037320137,0.9630379834595848
sad,icoh_CT_gamma,imaginary coherence,31,0.04092307337364254,0.5806451612903226,0.15741967037320137,0.9399987972524178
sad,coh_CP_theta,coherence,31,0.04281336855498977,0.6451612903225806,0.16334008984267712,0.9570348925993476
angry,coh_CT_alpha,coherence,31,-0.029089849123049006,0.5806451612903226,0.16334008984267712,0.9661063133822798
happy,coh_FT_delta,coherence,31,0.029351832250847823,0.6129032258064516,0.16334008984267712,0.9615492081304766
sad,coh_FO_delta,coherence,31,-0.04932271465881245,0.6129032258064516,0.16334008984267712,0.9525627669329956
tender,gamma_temporal,band power,31,0.05334148768315395,0.6129032258064516,0.16334008984267712,0.9481322424356328
tense,icoh_OT_delta,imaginary coherence,31,0.042672782696915997,0.6129032258064516,0.16334008984267712,0.9437427413132455
pleasant,coh_CT_beta,coherence,31,-0.043169459121823885,0.6129032258064516,0.16942174453288317,0.9610833508047191
pleasant,asym_T4T3_gamma,asymmetry,31,0.04844307352526868,0.5806451612903226,0.16942174453288317,0.9654718592558822
tender,icoh_FO_alpha,imaginary coherence,31,-0.048880501544002815,0.5483870967741935,0.16942174453288317,0.9567345573621637
tender,icoh_PT_gamma,imaginary coherence,31,-0.04735357066920726,0.6451612903225806,0.16942174453288317,0.9524249422389108
happy,asym_O2O1_delta,asymmetry,31,0.04922165582406987,0.5806451612903226,0.16942174453288317,0.9699006292524688
energetic,coh_FP_theta,coherence,31,0.024852943063831248,0.5806451612903226,0.16942174453288317,0.974370217405706
sad,coh_CO_beta,coherence,31,-0.043915762531626636,0.6451612903225806,0.1756664952263236,0.9743634935220082
tense,asym_O2O1_gamma,asymmetry,31,-0.04191399514160882,0.5161290322580645,0.1756664952263236,0.9700521506303179
tense,icoh_CF_beta,imaginary coherence,31,-0.045736686483479845,0.6451612903225806,0.1756664952263236,0.9657787931385544
happy,beta_central,band power,31,0.035885789529646196,0.6451612903225806,0.1756664952263236,0.9831021795625644
sad,beta_frontal,band power,31,-0.04408444945466863,0.6451612903225806,0.1756664952263236,0.9787133305466601
tense,icoh_CO_beta,imaginary coherence,31,-0.045574339708004036,0.6451612903225806,0.1820761300623417,0.9669404694374572
angry,asym_O2O1_beta,asymmetry,31,-0.05302043957773409,0.5806451612903226,0.1820761300623417,0.9966272382359755
sad,icoh_CF_beta,imaginary coherence,31,0.04792055883521104,0.6129032258064516,0.1820761300623417,0.9794440099905277
tender,coh_FT_alpha,coherence,31,0.03109554003205846,0.5806451612903226,0.1820761300623417,0.9752403876300534
angry,beta_occipital,band power,31,0.053070024883118634,0.5806451612903226,0.1820761300623417,0.9922751542262115
sad,coh_OT_beta,coherence,31,-0.04846582181236089,0.6451612903225806,0.1820761300623417,0.9836840273497941
happy,icoh_CF_alpha,imaginary coherence,31,-0.05775170718189651,0.6129032258064516,0.1820761300623417,0.9879609144252279
tense,asym_T4T3_gamma,asymmetry,31,-0.0478773802876345,0.5806451612903226,0.1820761300623417,0.9710726936658224
pleasant,coh_CT_delta,coherence,31,0.044319357085066194,0.6774193548387096,0.18865238688886166,0.9850969825828425
tense,gamma_central,band power,31,0.03791395735522274,0.6451612903225806,0.18865238688886166,0.9570657676312981
happy,asym_T4T3_theta,asymmetry,31,-0.03351982391066416,0.6774193548387096,0.18865238688886166,0.9892360455348712
sad,gamma_occipital,band power,31,0.03327244343885685,0.6774193548387096,0.18865238688886166,0.9649105690053252
pleasant,icoh_FO_theta,imaginary coherence,31,0.052736345036428274,0.5483870967741935,0.18865238688886166,0.9728850365177659
pleasant,gamma_central,band power,31,-0.035357198509962384,0.6451612903225806,0.18865238688886166,0.9809924118220806
tense,icoh_FT_alpha,imaginary coherence,31,-0.026758318871552594,0.5806451612903226,0.18865238688886166,0.9531910074384589
energetic,coh_FP_delta,coherence,31,0.04223986288183933,0.6451612903225806,0.18865238688886166,0.9976194018529634
pleasant,icoh_CT_beta,imaginary coherence,31,0.024987228229444193,0.6129032258064516,0.18865238688886166,0.9769219038892089
sad,icoh_PT_gamma,imaginary coherence,31,-0.040927327263099535,0.6774193548387096,0.18865238688886166,0.9609721585195892
happy,asym_F8F7_delta,asymmetry,31,-0.056663492615849756,0.5806451612903226,0.18865238688886166,0.9934100372881829
pleasant,theta_central,band power,31,-0.04546421990567752,0.5483870967741935,0.18865238688886166,0.9688813943921784
tender,alpha_parietal,band power,31,-0.053641793613849,0.5806451612903226,0.1953968871384859,0.9793386150555439
tense,asym_O2O1_beta,asymmetry,31,-0.05090684296577605,0.6451612903225806,0.1953968871384859,0.9754212605953216
sad,alpha_parietal,band power,31,0.03912640573312086,0.5483870967741935,0.1953968871384859,0.9832875610839936
afraid,theta_frontal,band power,31,-0.048101855419263664,0.5161290322580645,0.20231117121875286,1.0
tense,coh_FO_theta,coherence,31,-0.04886427234794434,0.6451612903225806,0.20231117121875286,0.9600165082927893
tender,icoh_CT_beta,imaginary coherence,31,-0.034875705300994625,0.5806451612903226,0.20231117121875286,0.9636806934389449
angry,icoh_CP_alpha,imaginary coherence,31,0.026109895208535266,0.6129032258064516,0.20231117121875286,0.9862669596914202
sad,beta_central,band power,31,-0.040150792159180375,0.6129032258064516,0.20231117121875286,0.9748430180733728
tender,beta_parietal,band power,31,0.06101822395540958,0.6129032258064516,0.20231117121875286,0.9673729566321976
angry,asym_O2O1_gamma,asymmetry,31,-0.06163859950852805,0.6451612903225806,0.20231117121875286,0.9979618248261011
angry,gamma_temporal,band power,31,0.04836185663406603,0.5483870967741935,0.20231117121875286,0.9901346732588375
angry,coh_CF_gamma,coherence,31,-0.03866257223119853,0.6129032258064516,0.20231117121875286,0.9940328412637935
tense,icoh_CT_delta,imaginary coherence,31,-0.04943576545780123,0.6129032258064516,0.20231117121875286,0.9563800821250136
pleasant,delta_temporal,band power,31,0.04973765009431785,0.5161290322580645,0.20231117121875286,0.9786214793837348
afraid,gamma_frontal,band power,31,-0.05620294534441401,0.5806451612903226,0.20231117121875286,1.0
energetic,coh_FO_gamma,coherence,31,-0.045732122050966224,0.5806451612903226,0.20231117121875286,0.9824293450622708
sad,gamma_central,band power,31,0.051346403036190195,0.5161290322580645,0.20231117121875286,0.9710936218500137
happy,icoh_FO_alpha,imaginary coherence,31,-0.06033864816457675,0.6451612903225806,0.209396718069911,0.9678781635231442
angry,icoh_CP_gamma,imaginary coherence,31,0.04564576280680694,0.6451612903225806,0.209396718069911,0.978753199068348
angry,asym_T6T5_beta,asymmetry,31,0.04941354167773451,0.6129032258064516,0.209396718069911,0.9861400156650904
pleasant,theta_frontal,band power,31,-0.04776207839522008,0.6129032258064516,0.209396718069911,0.9643066573846824
happy,asym_F8F7_theta,asymmetry,31,-0.05288595853843223,0.5806451612903226,0.209396718069911,0.9751011348927199
happy,coh_OP_gamma,coherence,31,-0.043801770179353536,0.5806451612903226,0.209396718069911,0.9714762236105908
angry,delta_frontal,band power,31,-0.038731216951161204,0.6451612903225806,0.209396718069911,0.9824327223731163
tense,coh_PT_theta,coherence,31,0.037398409990477326,0.5483870967741935,0.209396718069911,0.9572421397481646
tense,coh_PT_alpha,coherence,31,-0.03954951879215888,0.5806451612903226,0.209396718069911,0.9607614123207682
pleasant,icoh_OT_beta,imaginary coherence,31,0.0311603697429624,0.6451612903225806,0.21665488090366125,0.9656617548848901
pleasant,coh_CO_theta,coherence,31,0.0407453751654994,0.5806451612903226,0.21665488090366125,0.9691229081282051
tender,icoh_CP_gamma,imaginary coherence,31,-0.03385720384073957,0.6129032258064516,0.21665488090366125,0.952060885097779
energetic,coh_OP_gamma,coherence,31,-0.04312043610459839,0.5806451612903226,0.21665488090366125,0.9726089617545656
afraid,coh_OP_theta,coherence,31,-0.041653286982511986,0.6129032258064516,0.21665488090366125,0.9868076327290848
tense,coh_CP_beta,coherence,31,-0.04086434727389761,0.6129032258064516,0.21665488090366125,0.948720320588664
energetic,coh_FT_delta,coherence,31,0.03647528305035174,0.5806451612903226,0.21665488090366125,0.9761201854432102
angry,icoh_FP_theta,imaginary coherence,31,-0.04015249922888484,0.6129032258064516,0.21665488090366125,0.9796568527817726
sad,icoh_CO_gamma,imaginary coherence,31,-0.027819356436957755,0.5806451612903226,0.21665488090366125,0.9588130899566285
pleasant,theta_temporal,band power,31,-0.046008673480456626,0.5483870967741935,0.21665488090366125,0.9622252361842322
afraid,delta_frontal,band power,31,0.041673962485692516,0.6129032258064516,0.21665488090366125,0.9832192413373427
tender,coh_CP_beta,coherence,31,0.036640401774737416,0.5483870967741935,0.21665488090366125,0.9554250578366404
energetic,icoh_OT_beta,imaginary coherence,31,0.06550427255631615,0.5161290322580645,0.2240869216620922,0.9744267534295856
happy,coh_OP_theta,coherence,31,0.04250354905334009,0.5806451612903226,0.2240869216620922,0.9676833156895885
angry,coh_FO_beta,coherence,31,0.07008495068713162,0.5806451612903226,0.2240869216620922,0.9778338399800387
happy,icoh_PT_delta,imaginary coherence,31,-0.02887771991633085,0.6129032258064516,0.2240869216620922,0.9643464766699692
pleasant,icoh_FO_alpha,imaginary coherence,31,0.031205277601226628,0.6774193548387096,0.2240869216620922,0.9544726219600378
pleasant,asym_P4P3_theta,asymmetry,31,-0.05864161370360792,0.5483870967741935,0.2240869216620922,0.9577413638160653
happy,asym_O2O1_theta,asymmetry,31,-0.046434465017879234,0.5483870967741935,0.2240869216620922,0.9710433272023996
sad,coh_OP_gamma,coherence,31,-0.060012298549731696,0.6451612903225806,0.2240869216620922,0.9512261164431669
tender,icoh_CT_alpha,imaginary coherence,31,-0.05601706059022877,0.5806451612903226,0.2240869216620922,0.9480016211331901
pleasant,asym_O2O1_delta,asymmetry,31,-0.026842122673849347,0.5806451612903226,0.2240869216620922,0.9610325712518594
pleasant,icoh_FT_alpha,imaginary coherence,31,0.019109384997024498,0.5483870967741935,0.23169402685016394,0.9574640579768364
sad,coh_CT_theta,coherence,31,0.04595220201118035,0.6129032258064516,0.23169402685016394,0.9543041105907742
tense,faa,band power,31,0.029637690229636755,0.5806451612903226,0.23169402685016394,0.9480463787180479
afraid,icoh_CO_beta,imaginary coherence,31,-0.03676971703295157,0.6451612903225806,0.23169402685016394,0.9768721132060966
afraid,icoh_FO_theta,imaginary coherence,31,-0.03209858849766639,0.6451612903225806,0.23169402685016394,0.9735829815118
sad,coh_FT_gamma,coherence,31,-0.045459095301882226,0.5161290322580645,0.23169402685016394,0.951164952332252
angry,icoh_FP_gamma,imaginary coherence,31,-0.0523775268461752,0.5483870967741935,0.23169402685016394,0.970315924526861
angry,icoh_OT_delta,imaginary coherence,31,0.02764134784077503,0.6129032258064516,0.23169402685016394,0.9670707207659016
energetic,icoh_CF_theta,imaginary coherence,31,-0.04084667987632664,0.5483870967741935,0.23169402685016394,0.963847151696682
pleasant,asym_T6T5_alpha,asymmetry,31,0.03712135974465671,0.6129032258064516,0.23169402685016394,0.9606450016910452
sad,icoh_CF_delta,imaginary coherence,31,-0.04440791106384569,0.5161290322580645,0.23947724793106318,0.960989084945231
tense,icoh_CP_gamma,imaginary coherence,31,0.041644545421867865,0.5806451612903226,0.23947724793106318,0.9548485796101177
sad,asym_F4F3_gamma,asymmetry,31,-0.0456309254294758,0.6129032258064516,0.23947724793106318,0.9672090790225464
happy,coh_OP_beta,coherence,31,-0.03619538284424476,0.6774193548387096,0.23947724793106318,0.970349368240152
energetic,asym_O2O1_beta,asymmetry,31,-0.04258736667298989,0.5161290322580645,0.23947724793106318,0.9766915209737479
tense,asym_F8F7_beta,asymmetry,31,0.032851110101588796,0.6451612903225806,0.23947724793106318,0.9579089917242527
sad,asym_O2O1_alpha,asymmetry,31,-0.036526814252399425,0.6774193548387096,0.23947724793106318,0.9640890497353769
happy,coh_CP_theta,coherence,31,0.04124800485857262,0.5806451612903226,0.23947724793106318,0.9735101153679702
tender,icoh_FO_beta,imaginary coherence,31,-0.018819638255793233,0.6774193548387096,0.24743753485381603,0.9414696448096415
pleasant,asym_F4F3_theta,asymmetry,31,-0.0382889597943084,0.5806451612903226,0.24743753485381603,0.959012557445846
happy,coh_PT_delta,coherence,31,-0.04942798304216288,0.6129032258064516,0.24743753485381603,0.9620001355064249
energetic,icoh_OP_gamma,imaginary coherence,31,0.03925607922614038,0.6774193548387096,0.24743753485381603,0.9680314843183775
pleasant,coh_FP_gamma,coherence,31,0.045219317269679045,0.5806451612903226,0.24743753485381603,0.9530927268443284
sad,delta_occipital,band power,31,-0.04470201422087749,0.6451612903225806,0.24743753485381603,0.9472455322011116
afraid,gamma_occipital,band power,31,-0.04875334441788931,0.5161290322580645,0.24743753485381603,0.9803239476113093
energetic,coh_FP_gamma,coherence,31,-0.03210015859195356,0.6129032258064516,0.24743753485381603,0.9710756084829006
energetic,beta_temporal,band power,31,0.052519612986869406,0.5806451612903226,0.24743753485381603,0.9772216566378558
happy,coh_FT_alpha,coherence,31,-0.04896644197241605,0.5806451612903226,0.24743753485381603,0.9650063859298825
afraid,alpha_parietal,band power,31,0.031853606081053636,0.6129032258064516,0.24743753485381603,0.9834459983998802
sad,icoh_PT_beta,imaginary coherence,31,0.029137554783843132,0.6129032258064516,0.24743753485381603,0.9443487568732796
pleasant,asym_O2O1_alpha,asymmetry,31,0.040519043377525384,0.5483870967741935,0.24743753485381603,0.9560434783206266
sad,coh_CO_theta,coherence,31,0.03932756361369349,0.5806451612903226,0.24743753485381603,0.9501601338386536
tender,icoh_OT_gamma,imaginary coherence,31,-0.03599905279463991,0.6129032258064516,0.24743753485381603,0.9386080349469982
energetic,coh_CF_delta,coherence,31,0.033345736337576454,0.6774193548387096,0.24743753485381603,0.9741389384781148
happy,coh_CP_delta,coherence,31,-0.044252555562930666,0.5806451612903226,0.25557575561106205,0.9549656976125911
tender,coh_OP_alpha,coherence,31,-0.027237943117466787,0.6451612903225806,0.25557575561106205,0.9353622961953239
tense,coh_CO_alpha,coherence,31,0.03261777448593148,0.5806451612903226,0.25557575561106205,0.9326273187210685
pleasant,icoh_PT_theta,imaginary coherence,31,-0.04399782237545015,0.6129032258064516,0.25557575561106205,0.9464645192955651
tender,coh_CF_beta,coherence,31,0.05203948554684503,0.5806451612903226,0.25557575561106205,0.9381133617723689
energetic,asym_F4F3_beta,asymmetry,31,0.03550765113830501,0.6451612903225806,0.25557575561106205,0.9607185030198959
pleasant,coh_OP_theta,coherence,31,0.036763010289789406,0.6451612903225806,0.25557575561106205,0.9492813779839447
energetic,icoh_PT_gamma,imaginary coherence,31,0.04519770966626438,0.5806451612903226,0.25557575561106205,0.9578334624702866
sad,theta_parietal,band power,31,0.049308483438606394,0.5483870967741935,0.25557575561106205,0.9436643284100753
tense,icoh_OT_alpha,imaginary coherence,31,-0.04224205082892397,0.5483870967741935,0.25557575561106205,0.9299082886373337
angry,icoh_CO_beta,imaginary coherence,31,-0.04290035406092575,0.5483870967741935,0.25557575561106205,0.9636209758386871
pleasant,coh_CO_gamma,coherence,31,-0.035607209305189125,0.6129032258064516,0.25557575561106205,0.9521150537391208
tender,coh_CF_alpha,coherence,31,0.041958131035566365,0.5161290322580645,0.25557575561106205,0.9408806578247948
afraid,icoh_CP_alpha,imaginary coherence,31,0.042306876400440174,0.5806451612903226,0.25557575561106205,0.9665410394018347
tense,coh_OP_gamma,coherence,31,-0.03852268111107291,0.6129032258064516,0.26389263197779655,0.9382849136988322
happy,coh_CT_alpha,coherence,31,-0.04511104811048087,0.6129032258064516,0.26389263197779655,0.9491008781218735
energetic,alpha_central,band power,31,0.03852205429441209,0.6129032258064516,0.26389263197779655,0.9546029121979424
tender,delta_occipital,band power,31,0.04337565804282074,0.5161290322580645,0.26389263197779655,0.9436619046082811
afraid,icoh_CT_theta,imaginary coherence,31,0.03049332330116249,0.6774193548387096,0.26389263197779655,0.957377920663634
tense,asym_O2O1_theta,asymmetry,31,0.042704190631000304,0.5806451612903226,0.26389263197779655,0.9409657277379717
energetic,coh_CP_alpha,coherence,31,-0.025956577354009667,0.5483870967741935,0.26389263197779655,0.951843944243613
happy,coh_FP_theta,coherence,31,-0.029707877744957107,0.6451612903225806,0.26389263197779655,0.9463735767479601
happy,icoh_OP_gamma,imaginary coherence,31,0.035490032537749475,0.5483870967741935,0.27238877210766077,0.9548909763774175
tense,coh_OT_beta,coherence,31,-0.032222618992396576,0.6451612903225806,0.27238877210766077,0.9416653395854866
sad,icoh_OT_delta,imaginary coherence,31,0.036048585425879,0.5806451612903226,0.27238877210766077,0.9442810766398907
happy,coh_PT_alpha,coherence,31,-0.05299028290703551,0.5806451612903226,0.27238877210766077,0.9602858406507363
happy,delta_temporal,band power,31,-0.029805829931746214,0.5483870967741935,0.27238877210766077,0.9575808101136919
pleasant,beta_parietal,band power,31,-0.04376487102075387,0.6129032258064516,0.27238877210766077,0.9522162117377049
angry,asym_T6T5_alpha,asymmetry,31,0.037307956248860526,0.6129032258064516,0.27238877210766077,0.9630061971398318
pleasant,coh_CF_delta,coherence,31,-0.027098507079289586,0.6774193548387096,0.27238877210766077,0.9495563899172085
afraid,coh_FP_alpha,coherence,31,-0.033369818097060557,0.6451612903225806,0.27238877210766077,0.9657420101998881
pleasant,coh_OT_gamma,coherence,31,-0.042733298878480507,0.5483870967741935,0.27238877210766077,0.9469113860455728
energetic,icoh_PT_beta,imaginary coherence,31,0.05628011191935803,0.5483870967741935,0.28106469474732876,0.9557731309118972
energetic,asym_F8F7_gamma,asymmetry,31,0.03838294199111918,0.5483870967741935,0.28106469474732876,0.9636503819908414
happy,asym_P4P3_gamma,asymmetry,31,-0.04145298534694035,0.6129032258064516,0.28106469474732876,0.953175921317028
sad,asym_F8F7_beta,asymmetry,31,0.03385621622369193,0.5806451612903226,0.28106469474732876,0.9480236190396386
energetic,icoh_FO_delta,imaginary coherence,31,-0.04433425560015366,0.5806451612903226,0.28106469474732876,0.9583845329089243
energetic,coh_FO_beta,coherence,31,-0.03161893143205805,0.6451612903225806,0.28106469474732876,0.9610102439579898
tense,beta_occipital,band power,31,0.031734298918175585,0.6451612903225806,0.28106469474732876,0.945468299311769
afraid,icoh_CF_delta,imaginary coherence,31,0.035021517007398015,0.5483870967741935,0.28106469474732876,0.9663050662387501
tense,coh_CT_alpha,coherence,31,-0.036269974465816514,0.6129032258064516,0.28106469474732876,0.9429267178620061
afraid,icoh_CF_alpha,imaginary coherence,31,0.03996067886239965,0.5483870967741935,0.28106469474732876,0.9689744172504594
happy,coh_CT_beta,coherence,31,-0.03187850374255622,0.6451612903225806,0.28106469474732876,0.950592788738933
tense,asym_T6T5_gamma,asymmetry,31,0.04232584967930411,0.5483870967741935,0.2899207631126046,0.9349382748437483
angry,icoh_FT_gamma,imaginary coherence,31,-0.037784420156817156,0.5806451612903226,0.2899207631126046,0.9622901924588578
sad,asym_F4F3_alpha,asymmetry,31,0.03767501726283791,0.6129032258064516,0.2899207631126046,0.942242480115965
energetic,icoh_CF_gamma,imaginary coherence,31,0.033289844462990464,0.6129032258064516,0.2899207631126046,0.9597376985796566
energetic,icoh_FT_delta,imaginary coherence,31,-0.033674721156770934,0.5483870967741935,0.2899207631126046,0.9546731196953313
energetic,icoh_FP_theta,imaginary coherence,31,-0.01698228658678941,0.5806451612903226,0.2899207631126046,0.9571987099590755
pleasant,alpha_central,band power,31,-0.03134200239505323,0.6451612903225806,0.2899207631126046,0.9447026432494271
tense,asym_O2O1_alpha,asymmetry,31,-0.031599580821039246,0.5806451612903226,0.2899207631126046,0.9373603947267631
angry,alpha_temporal,band power,31,-0.03147257960041365,0.6129032258064516,0.2899207631126046,0.9674361293169267
happy,coh_CF_beta,coherence,31,0.03502815834829491,0.5806451612903226,0.2899207631126046,0.9521608220119225
angry,coh_OP_beta,coherence,31,-0.03166987913101043,0.5161290322580645,0.2899207631126046,0.9648562996387482
tender,delta_central,band power,31,0.04741068553252347,0.5161290322580645,0.2899207631126046,0.9397950970507287
happy,coh_FT_beta,coherence,31,0.03966304772710639,0.5806451612903226,0.2899207631126046,0.9471756868181428
afraid,asym_F4F3_gamma,asymmetry,31,-0.03254991844430701,0.5806451612903226,0.2899207631126046,0.9700297918620122
happy,coh_FP_beta,coherence,31,0.02726647248851469,0.5806451612903226,0.2899207631126046,0.9496617122428623
angry,icoh_PT_alpha,imaginary coherence,31,-0.0321490251028659,0.6451612903225806,0.2989572202786803,0.954216396183614
tense,coh_OT_gamma,coherence,31,-0.044052078757613834,0.5483870967741935,0.2989572202786803,0.9212311380439334
pleasant,coh_OP_alpha,coherence,31,-0.025803249897896036,0.5806451612903226,0.2989572202786803,0.9421682093631137
sad,coh_CF_alpha,coherence,31,0.042172163018227626,0.5161290322580645,0.2989572202786803,0.9397949896921739
pleasant,coh_FT_beta,coherence,31,-0.03267616233762987,0.5483870967741935,0.2989572202786803,0.9445534453361849
afraid,icoh_OT_gamma,imaginary coherence,31,0.03218788964213485,0.5806451612903226,0.2989572202786803,0.9566631048917771
afraid,icoh_OP_theta,imaginary coherence,31,-0.036114808730019446,0.5806451612903226,0.2989572202786803,0.9591223930791595
tense,alpha_parietal,band power,31,0.01634574918052696,0.5806451612903226,0.2989572202786803,0.9281059972830673
sad,coh_CF_theta,coherence,31,-0.02957035972757253,0.7096774193548387,0.2989572202786803,0.9374336957482238
tense,coh_CP_gamma,coherence,31,-0.03935599586368952,0.5161290322580645,0.2989572202786803,0.9235114131381016
energetic,coh_CT_alpha,coherence,31,-0.023051186374215087,0.5806451612903226,0.2989572202786803,0.9517821706831455
tense,asym_P4P3_theta,asymmetry,31,0.04716502574348812,0.5806451612903226,0.2989572202786803,0.9258030047339778
afraid,coh_CT_delta,coherence,31,-0.04758163615903431,0.5161290322580645,0.2989572202786803,0.9615943580097759
tender,asym_F8F7_gamma,asymmetry,31,-0.04429913491195561,0.5483870967741935,0.2989572202786803,0.9327465272694826
sad,icoh_FO_gamma,imaginary coherence,31,-0.04652288401364084,0.5806451612903226,0.2989572202786803,0.935084237864143
tender,coh_FO_theta,coherence,31,-0.053750667263716904,0.5161290322580645,0.2989572202786803,0.9304204760792844
energetic,coh_PT_gamma,coherence,31,-0.022525972964756707,0.5483870967741935,0.2989572202786803,0.94936033309871
happy,icoh_PT_beta,imaginary coherence,31,0.044563871043721004,0.6129032258064516,0.2989572202786803,0.9469507891060737
happy,delta_occipital,band power,31,-0.027695317411585086,0.5806451612903226,0.3081742124632001,0.9380522369611554
angry,coh_PT_alpha,coherence,31,-0.03568778048485418,0.5161290322580645,0.3081742124632001,0.9472941309213638
pleasant,coh_CP_gamma,coherence,31,-0.030903245571116265,0.6774193548387096,0.3081742124632001,0.931238298193883
energetic,coh_CF_alpha,coherence,31,0.04303617301380041,0.5483870967741935,0.3081742124632001,0.944966626914186
tense,icoh_OP_delta,imaginary coherence,31,-0.033584827235900845,0.5806451612903226,0.3081742124632001,0.9289889303238495
happy,asym_T4T3_delta,asymmetry,31,0.032021779660626595,0.5483870967741935,0.3081742124632001,0.9403457632128942
energetic,coh_CO_beta,coherence,31,-0.028140728227188733,0.6451612903225806,0.3081742124632001,0.9426505322403768
happy,icoh_FO_theta,imaginary coherence,31,-0.02694513424889985,0.6451612903225806,0.3081742124632001,0.9357698714211039
pleasant,asym_P4P3_delta,asymmetry,31,0.013896510866602855,0.6129032258064516,0.3081742124632001,0.9334985853254216
energetic,coh_CP_beta,coherence,31,-0.027948887496531172,0.6451612903225806,0.31757172010838985,0.9481567145819869
energetic,icoh_FP_alpha,imaginary coherence,31,-0.02395904666816538,0.6774193548387096,0.31757172010838985,0.9458938107285693
happy,coh_OT_beta,coherence,31,-0.02361257015214986,0.6129032258064516,0.31757172010838985,0.9414002534329466
happy,icoh_CF_delta,imaginary coherence,31,0.049788557893267575,0.6129032258064516,0.31757172010838985,0.9391694471451908
energetic,beta_central,band power,31,0.021399091152956778,0.5483870967741935,0.31757172010838985,0.9504304716912962
pleasant,icoh_FT_delta,imaginary coherence,31,-0.033270091208068335,0.5806451612903226,0.31757172010838985,0.9369491884048949
happy,coh_FO_alpha,coherence,31,-0.0345619958775734,0.5161290322580645,0.31757172010838985,0.943641682607787
tense,icoh_CO_alpha,imaginary coherence,31,-0.03228615915186572,0.6451612903225806,0.31757172010838985,0.9281721468273315
tender,delta_frontal,band power,31,0.038836877172191066,0.5161290322580645,0.31757172010838985,0.9303509546837336
energetic,alpha_temporal,band power,31,0.0348764029636168,0.5483870967741935,0.31757172010838985,0.9527151603251696
sad,icoh_FP_delta,imaginary coherence,31,-0.046823224350946636,0.5161290322580645,0.31757172010838985,0.9325400157535777
afraid,coh_OP_gamma,coherence,31,-0.04713055091499138,0.6129032258064516,0.31757172010838985,0.955010859506676
sad,coh_PT_beta,coherence,31,-0.03468638235138739,0.6129032258064516,0.31757172010838985,0.9347394025831852
tense,icoh_PT_gamma,imaginary coherence,31,0.041744454996932495,0.5483870967741935,0.31757172010838985,0.9260035203160527
happy,coh_OT_delta,coherence,31,-0.0354161752731484,0.5161290322580645,0.3271495960652828,0.9385809100907424
energetic,asym_T4T3_alpha,asymmetry,31,0.03925492868573567,0.5806451612903226,0.3271495960652828,0.9450988330774837
tense,coh_FP_beta,coherence,31,-0.035585996077902894,0.5161290322580645,0.3271495960652828,0.9174892042460067
pleasant,icoh_FO_gamma,imaginary coherence,31,0.034699523909363345,0.6451612903225806,0.3271495960652828,0.9300289200215786
pleasant,coh_OP_delta,coherence,31,0.032160659222891,0.5483870967741935,0.3271495960652828,0.9342853452848352
afraid,icoh_FP_theta,imaginary coherence,31,-0.015389434621691716,0.6451612903225806,0.3271495960652828,0.9494946416034254
afraid,icoh_OT_beta,imaginary coherence,31,-0.026820543277762038,0.5806451612903226,0.3271495960652828,0.9472916377946008
tender,asym_T4T3_beta,asymmetry,31,-0.04091261179812197,0.5161290322580645,0.3271495960652828,0.9258111017901881
tense,icoh_CO_gamma,imaginary coherence,31,0.039529817763643,0.6451612903225806,0.3271495960652828,0.9154320535638407
afraid,icoh_CP_beta,imaginary coherence,31,0.03551972420964892,0.5161290322580645,0.3271495960652828,0.9517079158262773
happy,icoh_OP_theta,imaginary coherence,31,-0.030964694034979545,0.6129032258064516,0.3271495960652828,0.93642820158136
happy,coh_CP_gamma,coherence,31,0.031111912356441385,0.5806451612903226,0.3271495960652828,0.9407435389158363
energetic,delta_central,band power,31,-0.029297387281112156,0.5483870967741935,0.3271495960652828,0.9429161567886212
pleasant,icoh_CF_theta,imaginary coherence,31,0.051194521901449026,0.5483870967741935,0.3271495960652828,0.9321522737202579
tender,coh_OP_beta,coherence,31,0.04322295485728563,0.5806451612903226,0.3271495960652828,0.9237165065372691
tense,asym_T6T5_theta,asymmetry,31,0.03479714038153571,0.5806451612903226,0.3271495960652828,0.9195556213726869
sad,asym_T4T3_alpha,asymmetry,31,-0.01833436680179707,0.6451612903225806,0.3271495960652828,0.9279152179306204
tender,icoh_FO_theta,imaginary coherence,31,-0.038715886578516795,0.5483870967741935,0.3271495960652828,0.9216313676963273
pleasant,delta_parietal,band power,31,0.02683782526186726,0.5161290322580645,0.336907590739429,0.9160363251477285
happy,gamma_central,band power,31,-0.02041803472458569,0.6129032258064516,0.336907590739429,0.9240893917424339
afraid,asym_T6T5_beta,asymmetry,31,0.022759976973679857,0.6129032258064516,0.336907590739429,0.9385282884884093
pleasant,beta_central,band power,31,-0.04180189760364489,0.5483870967741935,0.336907590739429,0.9180364044602781
afraid,asym_F4F3_alpha,asymmetry,31,-0.0353785560400054,0.5483870967741935,0.336907590739429,0.9406279043463253
tense,icoh_PT_delta,imaginary coherence,31,0.03311672994484617,0.6129032258064516,0.336907590739429,0.9120621979236603
happy,icoh_CO_theta,imaginary coherence,31,0.029889880157475474,0.5161290322580645,0.336907590739429,0.9220628799184373
happy,icoh_FP_theta,imaginary coherence,31,-0.029656184318232394,0.5483870967741935,0.336907590739429,0.9200452368551584
tense,coh_OT_theta,coherence,31,-0.02287471747102179,0.6451612903225806,0.336907590739429,0.91404494183219
afraid,icoh_OP_beta,imaginary coherence,31,-0.03142626610763415,0.5806451612903226,0.336907590739429,0.9364380250396601
happy,coh_CO_alpha,coherence,31,0.029836005607669615,0.5483870967741935,0.336907590739429,0.9261248309312938
angry,coh_PT_beta,coherence,31,0.03869953182656832,0.5161290322580645,0.336907590739429,0.9302227284132907
angry,coh_CP_beta,coherence,31,-0.04637889909149505,0.5483870967741935,0.336907590739429,0.9343570516506831
happy,alpha_frontal,band power,31,0.05155570793842542,0.6129032258064516,0.336907590739429,0.9281692566066388
angry,coh_FO_theta,coherence,31,0.029500824912615964,0.5483870967741935,0.336907590739429,0.9322853065250718
afraid,asym_P4P3_gamma,asymmetry,31,-0.05039455457158928,0.5483870967741935,0.34684528410434723,0.9369327155026522
angry,icoh_CF_beta,imaginary coherence,31,-0.040324515318161454,0.5483870967741935,0.34684528410434723,0.932894212418589
afraid,icoh_OT_theta,imaginary coherence,31,-0.019577727100539247,0.5483870967741935,0.34684528410434723,0.9349091027261887
energetic,coh_FO_delta,coherence,31,0.04151167973479861,0.5806451612903226,0.34684528410434723,0.930887988305861
happy,icoh_OT_alpha,imaginary coherence,31,-0.04447626365268027,0.5806451612903226,0.34684528410434723,0.92889037459705
sad,coh_FP_alpha,coherence,31,0.04551375237451197,0.5806451612903226,0.34684528410434723,0.9269013159790692
tender,asym_T4T3_delta,asymmetry,31,0.024091592243644586,0.6451612903225806,0.35696212109178305,0.9319847847751993
pleasant,alpha_temporal,band power,31,-0.05073174325407225,0.5483870967741935,0.35696212109178305,0.9378710044685163
happy,icoh_FP_gamma,imaginary coherence,31,0.014412475403929247,0.5483870967741935,0.35696212109178305,0.9398496352796313
tender,beta_central,band power,31,0.035574043066367106,0.6451612903225806,0.35696212109178305,0.9300390962892385
angry,icoh_CF_alpha,imaginary coherence,31,0.028445191378556004,0.6451612903225806,0.35696212109178305,0.9478483555798835
tense,coh_FO_beta,coherence,31,-0.033975237640387394,0.5161290322580645,0.35696212109178305,0.9281015148386359
energetic,coh_OP_beta,coherence,31,-0.014953930793197108,0.6451612903225806,0.35696212109178305,0.9458359386890557
pleasant,asym_F8F7_gamma,asymmetry,31,0.0424536388007127,0.6129032258064516,0.35696212109178305,0.9359006872322378
pleasant,beta_occipital,band power,31,-0.03323131851708141,0.5161290322580645,0.35696212109178305,0.9339386312841619
afraid,icoh_CO_delta,imaginary coherence,31,0.03012140986568054,0.5161290322580645,0.35696212109178305,0.9518989895780882
afraid,icoh_OT_delta,imaginary coherence,31,0.033714238319063235,0.5483870967741935,0.35696212109178305,0.9498693542058534
happy,coh_CO_gamma,coherence,31,0.03476132428582684,0.5483870967741935,0.35696212109178305,0.9438320489884433
happy,coh_FO_beta,coherence,31,0.03053724781835545,0.6451612903225806,0.35696212109178305,0.9418366323943874
pleasant,icoh_OP_gamma,imaginary coherence,31,-0.018640651522210328,0.6129032258064516,0.3672574386000633,0.9392157446165554
pleasant,asym_T4T3_theta,asymmetry,31,0.020447180226765106,0.5483870967741935,0.3672574386000633,0.9430808299853478
afraid,coh_OT_beta,coherence,31,0.044390952345470094,0.5161290322580645,0.3672574386000633,0.9528841650163805
tense,icoh_FP_theta,imaginary coherence,31,0.02374533528052592,0.5161290322580645,0.3672574386000633,0.9315798442538191
tense,asym_F4F3_alpha,asymmetry,31,-0.04041004874945781,0.5161290322580645,0.3672574386000633,0.9353822109650592
pleasant,coh_OT_theta,coherence,31,0.041296352715074605,0.5161290322580645,0.3672574386000633,0.9411443190408194
pleasant,icoh_PT_delta,imaginary coherence,31,0.030672338894031422,0.5161290322580645,0.3672574386000633,0.9372950580222476
tense,icoh_FP_gamma,imaginary coherence,31,-0.03088562468471632,0.6129032258064516,0.3672574386000633,0.9334771555455784
happy,beta_frontal,band power,31,0.02716812650715681,0.5161290322580645,0.3672574386000633,0.9450253265420187
angry,asym_T6T5_gamma,asymmetry,31,0.036700629981555856,0.5483870967741935,0.3672574386000633,0.948938474892089
angry,asym_F8F7_alpha,asymmetry,31,0.027324612718260536,0.6129032258064516,0.3672574386000633,0.9509072269146868
energetic,icoh_FT_gamma,imaginary coherence,31,0.03128532368200516,0.5161290322580645,0.3672574386000633,0.9469778582084277
energetic,coh_OP_delta,coherence,31,0.030747795257247613,0.5806451612903226,0.3777303956449032,0.9504184148484661
energetic,icoh_OP_delta,imaginary coherence,31,-0.03647542449272736,0.5806451612903226,0.3777303956449032,0.948506104154606
happy,asym_F4F3_delta,asymmetry,31,-0.033331756167648774,0.5806451612903226,0.3777303956449032,0.9466014734233719
tender,icoh_CP_theta,imaginary coherence,31,0.03176490182036938,0.5806451612903226,0.3777303956449032,0.9409332011274235
energetic,asym_T4T3_delta,asymmetry,31,0.020525667027106387,0.6129032258064516,0.3777303956449032,0.9542662626818607
tender,icoh_OT_alpha,imaginary coherence,31,0.0286553514476784,0.5483870967741935,0.3777303956449032,0.9390588322008748
energetic,asym_T6T5_gamma,asymmetry,31,-0.027872623159334343,0.6129032258064516,0.3777303956449032,0.9523384520501802
sad,asym_O2O1_beta,asymmetry,31,0.03838229235793812,0.5483870967741935,0.3777303956449032,0.9428150675296784
happy,delta_central,band power,31,-0.027870319051922714,0.5161290322580645,0.3777303956449032,0.9447044764826437
afraid,coh_PT_gamma,coherence,31,0.03144884050715396,0.5806451612903226,0.3777303956449032,0.9562018940463269
tense,coh_CF_theta,coherence,31,-0.030148665747586057,0.5483870967741935,0.3883800162002444,0.9393377136005912
happy,coh_OT_theta,coherence,31,0.02855180378585651,0.5483870967741935,0.3883800162002444,0.9560123475698324
afraid,asym_T6T5_alpha,asymmetry,31,-0.020706352445748148,0.5161290322580645,0.3883800162002444,0.9636148314471273
tense,icoh_OT_theta,imaginary coherence,31,0.014570538404298764,0.6129032258064516,0.3883800162002444,0.9375208128005901
energetic,icoh_PT_alpha,imaginary coherence,31,0.03971243276929749,0.6451612903225806,0.3883800162002444,0.9597985350849605
sad,asym_P4P3_gamma,asymmetry,31,0.030887214170138472,0.5161290322580645,0.3883800162002444,0.9541304334998131
sad,icoh_FO_theta,imaginary coherence,31,0.03076258467537028,0.5483870967741935,0.3883800162002444,0.9466762894880958
sad,gamma_temporal,band power,31,0.018874549924676253,0.6129032258064516,0.3883800162002444,0.9485288849665461
sad,delta_central,band power,31,-0.015369639279262172,0.6451612903225806,0.3883800162002444,0.9503887455253041
sad,icoh_FP_gamma,imaginary coherence,31,0.039241334260854153,0.6129032258064516,0.3883800162002444,0.9448309166041035
angry,coh_CF_alpha,coherence,31,-0.034667845256307554,0.5483870967741935,0.3883800162002444,0.9617028972577482
energetic,icoh_PT_theta,imaginary coherence,31,0.04102552796970636,0.5161290322580645,0.3883800162002444,0.9579017000353854
sad,coh_OT_delta,coherence,31,-0.018936835884987818,0.6129032258064516,0.3883800162002444,0.9522559139840964
tense,asym_F4F3_delta,asymmetry,31,0.030639461608820202,0.5483870967741935,0.3883800162002444,0.9411616703260293
tender,icoh_FP_theta,imaginary coherence,31,-0.02645677184350931,0.5483870967741935,0.3883800162002444,0.9429927241593483
sad,coh_FT_theta,coherence,31,-0.023001571528663462,0.5806451612903226,0.3992052096873522,0.9435759501701052
happy,icoh_FO_delta,imaginary coherence,31,0.015132254902972082,0.5806451612903226,0.3992052096873522,0.9507788200187319
afraid,theta_occipital,band power,31,-0.03315646560315953,0.5483870967741935,0.3992052096873522,0.9599385389013787
afraid,icoh_CP_gamma,imaginary coherence,31,0.024087016093764287,0.5483870967741935,0.3992052096873522,0.961791702103891
angry,asym_P4P3_delta,asymmetry,31,-0.04453282427983867,0.5161290322580645,0.3992052096873522,0.9580925032496452
happy,gamma_temporal,band power,31,-0.022962143540306748,0.5806451612903226,0.3992052096873522,0.9525967527529934
sad,asym_F8F7_alpha,asymmetry,31,0.04155280314313822,0.5483870967741935,0.3992052096873522,0.9471636914255048
angry,icoh_OT_alpha,imaginary coherence,31,-0.04267367131039721,0.5161290322580645,0.3992052096873522,0.9562535541071315
tense,coh_FT_delta,coherence,31,-0.034850008612956236,0.6129032258064516,0.3992052096873522,0.9400152862071991
pleasant,icoh_OT_theta,imaginary coherence,31,-0.023175500546112577,0.5161290322580645,0.3992052096873522,0.9489678127425057
energetic,coh_CP_delta,coherence,31,0.03144017289057778,0.5806451612903226,0.3992052096873522,0.954421650746773
sad,asym_T6T5_alpha,asymmetry,31,-0.03724080535310143,0.5483870967741935,0.3992052096873522,0.9453664168687201
tense,icoh_CT_beta,imaginary coherence,31,0.033843353158218424,0.5483870967741935,0.3992052096873522,0.9382450125985227
sad,icoh_FP_theta,imaginary coherence,31,0.042232200650997656,0.5483870967741935,0.3992052096873522,0.9417922527217685
afraid,asym_F8F7_gamma,asymmetry,31,-0.032187275386461475,0.5161290322580645,0.4102047085762024,0.9622847298930463
energetic,asym_T4T3_beta,asymmetry,31,-0.028612479663221425,0.6129032258064516,0.4102047085762024,0.9551035005654862
pleasant,icoh_CF_beta,imaginary coherence,31,0.024454195646662343,0.5483870967741935,0.4102047085762024,0.9515529299314137
energetic,icoh_CT_gamma,imaginary coherence,31,0.032994859774735256,0.5161290322580645,0.4102047085762024,0.9533249093167608
angry,asym_O2O1_alpha,asymmetry,31,-0.026896878372169697,0.5161290322580645,0.4102047085762024,0.9586806672342708
angry,asym_F8F7_delta,asymmetry,31,0.0341980091231809,0.5483870967741935,0.4102047085762024,0.9604793176418398
sad,asym_F8F7_delta,asymmetry,31,-0.03954425233808132,0.5161290322580645,0.4102047085762024,0.9497875256087209
energetic,asym_F8F7_delta,asymmetry,31,-0.01981145867535816,0.6451612903225806,0.4102047085762024,0.9568887407534591
tender,asym_F8F7_alpha,asymmetry,31,-0.040360865018490746,0.6129032258064516,0.4102047085762024,0.9480286598205566
energetic,icoh_OP_beta,imaginary coherence,31,0.020595120661482152,0.6451612903225806,0.42137710005044937,0.9613868754350289
pleasant,icoh_CT_alpha,imaginary coherence,31,0.027217562255892596,0.5806451612903226,0.42137710005044937,0.9544076603683499
tender,icoh_CP_delta,imaginary coherence,31,-0.028264555539375215,0.5483870967741935,0.42137710005044937,0.9492393878392794
tender,delta_parietal,band power,31,0.03126418532661912,0.5161290322580645,0.42137710005044937,0.9509559147612311
afraid,coh_FO_delta,coherence,31,-0.04788471095785398,0.5483870967741935,0.42137710005044937,0.9720492067707224
happy,coh_CP_alpha,coherence,31,0.020347435435717445,0.6451612903225806,0.42137710005044937,0.9561429470235652
happy,coh_CF_theta,coherence,31,0.03910294127774262,0.5161290322580645,0.42137710005044937,0.9578845553059395
afraid,icoh_FT_alpha,imaginary coherence,31,0.0424831198240153,0.5161290322580645,0.42137710005044937,0.968468915033077
tense,coh_OP_beta,coherence,31,-0.02578993967235837,0.5161290322580645,0.42137710005044937,0.9475290465999294
angry,asym_F8F7_theta,asymmetry,31,0.02197042460704233,0.5483870967741935,0.42137710005044937,0.9666886412922073
energetic,icoh_CT_theta,imaginary coherence,31,-0.034163344450008674,0.5806451612903226,0.42137710005044937,0.96314765725817
happy,asym_T6T5_alpha,asymmetry,31,-0.027960635839357137,0.5806451612903226,0.42137710005044937,0.9596325198229212
angry,asym_P4P3_beta,asymmetry,31,0.025272600611795662,0.5806451612903226,0.42137710005044937,0.9649149006659832
sad,icoh_CT_alpha,imaginary coherence,31,-0.017008454529529933,0.5483870967741935,0.42137710005044937,0.9526786609836246
afraid,coh_FO_theta,coherence,31,0.03506124514695584,0.5806451612903226,0.42137710005044937,0.9702557580497432
energetic,asym_P4P3_beta,asymmetry,31,-0.028750926705363576,0.5483870967741935,0.43272085953503847,0.9678057933686882
energetic,coh_CP_theta,coherence,31,0.0206692066961396,0.5806451612903226,0.43272085953503847,0.9660744771014812
tender,coh_PT_delta,coherence,31,0.02788451073060403,0.5483870967741935,0.43272085953503847,0.9490960152895044
pleasant,delta_frontal,band power,31,0.032452913142020715,0.5161290322580645,0.43272085953503847,0.9558152791145629
pleasant,coh_CT_gamma,coherence,31,0.016016719565543354,0.5483870967741935,0.43272085953503847,0.9575099870562553
energetic,icoh_OP_theta,imaginary coherence,31,-0.016347130304181157,0.6129032258064516,0.43272085953503847,0.9643493441066572
tense,icoh_CF_alpha,imaginary coherence,31,-0.0360623847858328,0.5806451612903226,0.43272085953503847,0.9391924046951792
happy,asym_T6T5_beta,asymmetry,31,-0.022239619021556047,0.5806451612903226,0.43272085953503847,0.9609174959069894
tense,gamma_parietal,band power,31,0.010768292157049391,0.6451612903225806,0.43272085953503847,0.9408286283967386
sad,coh_FO_gamma,coherence,31,-0.019414686066234168,0.6129032258064516,0.43272085953503847,0.9541265595401555
happy,icoh_CT_gamma,imaginary coherence,31,-0.0316898483701502,0.5161290322580645,0.43272085953503847,0.9592107152748277
tense,coh_FP_alpha,coherence,31,-0.014582156291102077,0.6129032258064516,0.43272085953503847,0.9474309345609263
angry,icoh_CT_gamma,imaginary coherence,31,0.016373741572971667,0.5806451612903226,0.43272085953503847,0.9695433262113609
tense,coh_OT_alpha,coherence,31,-0.031111666572873897,0.5483870967741935,0.43272085953503847,0.9441182389855385
tense,delta_frontal,band power,31,-0.025139748131216562,0.5161290322580645,0.43272085953503847,0.9424705631757906
tense,coh_FT_gamma,coherence,31,-0.043827053517181656,0.5161290322580645,0.43272085953503847,0.9457716859890157
afraid,beta_parietal,band power,31,-0.04783667609548163,0.5161290322580645,0.43272085953503847,0.9712871091721726
sad,icoh_FO_delta,imaginary coherence,31,-0.03881769364036584,0.5161290322580645,0.43272085953503847,0.9524437966485503
sad,icoh_OP_theta,imaginary coherence,31,-0.019299576419855902,0.6451612903225806,0.43272085953503847,0.9507669589783944
happy,asym_P4P3_theta,asymmetry,31,-0.02904044789063653,0.5483870967741935,0.43272085953503847,0.9626303613185883
happy,asym_T6T5_delta,asymmetry,31,0.01877813075458214,0.5806451612903226,0.444234280847013,0.9542244104941002
happy,coh_FO_gamma,coherence,31,-0.0368857067166077,0.5161290322580645,0.444234280847013,0.9525848496513268
angry,asym_F4F3_beta,asymmetry,31,-0.032648365979497336,0.5806451612903226,0.444234280847013,0.9608394843970056
pleasant,asym_O2O1_beta,asymmetry,31,-0.028730975064891515,0.5806451612903226,0.444234280847013,0.9509509133740518
sad,delta_frontal,band power,31,-0.020338593530317573,0.6451612903225806,0.444234280847013,0.9460825639881778
angry,icoh_FT_alpha,imaginary coherence,31,-0.033970713722718066,0.5806451612903226,0.444234280847013,0.9558696249949521
angry,delta_central,band power,31,-0.024599069253064453,0.5161290322580645,0.444234280847013,0.9575205224474477
angry,asym_P4P3_theta,asymmetry,31,-0.023975312764752017,0.6451612903225806,0.444234280847013,0.9591771323478758
tender,coh_CO_beta,coherence,31,0.03447167465676765,0.5161290322580645,0.444234280847013,0.9444708390069373
pleasant,coh_OP_gamma,coherence,31,-0.02020997369999922,0.6129032258064516,0.444234280847013,0.9493225727689593
tense,coh_CF_gamma,coherence,31,0.03231574935965142,0.6774193548387096,0.444234280847013,0.9428645960834562
pleasant,icoh_FP_theta,imaginary coherence,31,0.039962706848188666,0.5161290322580645,0.444234280847013,0.9476997991402943
afraid,beta_frontal,band power,31,-0.03475821747020675,0.5161290322580645,0.444234280847013,0.9625076085018615
energetic,coh_FP_alpha,coherence,31,0.027034331432352808,0.5161290322580645,0.4559155162423849,0.9578831048324855
energetic,asym_P4P3_alpha,asymmetry,31,0.02585677342211255,0.5806451612903226,0.4559155162423849,0.9594984220413092
angry,icoh_CF_gamma,imaginary coherence,31,-0.017421126701876472,0.6451612903225806,0.4559155162423849,0.9611191964028655
afraid,asym_F4F3_delta,asymmetry,31,-0.008331123889801726,0.5806451612903226,0.4559155162423849,0.9660145403573792
pleasant,faa,band power,31,0.023514566651448236,0.5806451612903226,0.4559155162423849,0.9562732172613384
tender,icoh_CP_beta,imaginary coherence,31,-0.019992107054653666,0.5483870967741935,0.4559155162423849,0.9483042737841606
sad,icoh_FT_beta,imaginary coherence,31,-0.03391985821380748,0.5483870967741935,0.4559155162423849,0.9546687319974771
tense,icoh_CO_delta,imaginary coherence,31,-0.03117228690837904,0.5806451612903226,0.4559155162423849,0.9467263964567327
tender,asym_P4P3_alpha,asymmetry,31,-0.01501321010803968,0.5806451612903226,0.4559155162423849,0.9514758599841077
tender,asym_F4F3_gamma,asymmetry,31,0.016841660613411184,0.5806451612903226,0.4559155162423849,0.9530696218936288
angry,coh_CO_beta,coherence,31,-0.03511417472003207,0.5161290322580645,0.4559155162423849,0.9627454556184372
tender,coh_CT_alpha,coherence,31,0.029974953720854347,0.5483870967741935,0.4559155162423849,0.9498874194832995
afraid,coh_FP_beta,coherence,31,0.02853711919276754,0.6129032258064516,0.4559155162423849,0.9643772275771125
sad,icoh_OT_beta,imaginary coherence,31,-0.017259001244561527,0.5483870967741935,0.4677626034244895,0.9507617737357702
angry,asym_O2O1_theta,asymmetry,31,-0.029816329290395675,0.5806451612903226,0.4677626034244895,0.9649053373120048
afraid,asym_T4T3_theta,asymmetry,31,0.014845878968869521,0.5483870967741935,0.4677626034244895,0.9697138356707025
tender,beta_frontal,band power,31,0.044606467350449874,0.5806451612903226,0.4677626034244895,0.9492158196321347
angry,icoh_CT_theta,imaginary coherence,31,-0.0201894133634146,0.6129032258064516,0.4677626034244895,0.961726077551504
angry,icoh_CP_theta,imaginary coherence,31,-0.016030291697964837,0.6129032258064516,0.4677626034244895,0.9633130842801367
afraid,gamma_central,band power,31,-0.031639461753847006,0.5161290322580645,0.4677626034244895,0.9665028627049055
pleasant,asym_O2O1_theta,asymmetry,31,-0.04545636831688353,0.5483870967741935,0.4677626034244895,0.9538688383558217
tense,asym_T6T5_alpha,asymmetry,31,0.024199044967492974,0.5483870967741935,0.4677626034244895,0.9461389450142024
tense,asym_P4P3_alpha,asymmetry,31,0.029569164620782087,0.5161290322580645,0.4677626034244895,0.9476748848600047
afraid,coh_FT_gamma,coherence,31,0.02313179193865865,0.6129032258064516,0.4677626034244895,0.9681056866894907
happy,asym_F4F3_theta,asymmetry,31,-0.04741392701969671,0.5806451612903226,0.4677626034244895,0.956996277170103
energetic,asym_O2O1_delta,asymmetry,31,0.021379730791678542,0.5806451612903226,0.4677626034244895,0.9601442912397417
energetic,coh_OP_theta,coherence,31,-0.0118018232815444,0.6129032258064516,0.4677626034244895,0.9585676996285105
pleasant,icoh_FT_beta,imaginary coherence,31,0.03779830717236585,0.5483870967741935,0.4677626034244895,0.9523127717353391
tense,theta_occipital,band power,31,0.030755643955562326,0.6129032258064516,0.4677626034244895,0.9446079758475128
happy,icoh_FO_beta,imaginary coherence,31,0.030053858353361534,0.5806451612903226,0.4677626034244895,0.9554299984840636
tense,alpha_frontal,band power,31,0.012220944811622765,0.5806451612903226,0.4797733975574374,0.9474006331513954
happy,coh_CF_alpha,coherence,31,-0.023776245846604805,0.5161290322580645,0.4797733975574374,0.9549556621238946
tender,coh_FP_beta,coherence,31,0.027883878164142194,0.5806451612903226,0.4797733975574374,0.9504082542090189
energetic,theta_central,band power,31,0.027470517926501205,0.5806451612903226,0.4797733975574374,0.9595467951148748
happy,asym_O2O1_gamma,asymmetry,31,-0.03166520158664735,0.5483870967741935,0.4797733975574374,0.9564811504020477
energetic,coh_OT_gamma,coherence,31,-0.025555969953492564,0.5483870967741935,0.4797733975574374,0.9610869986383337
tense,coh_CT_gamma,coherence,31,-0.019889145968591187,0.5483870967741935,0.4797733975574374,0.9444119876209494
tender,icoh_CT_delta,imaginary coherence,31,-0.01781734593064975,0.5483870967741935,0.4797733975574374,0.9489020604622534
tense,icoh_OT_beta,imaginary coherence,31,0.023469644699257854,0.5161290322580645,0.4797733975574374,0.942924724648318
energetic,coh_CF_gamma,coherence,31,-0.005835186818906447,0.6129032258064516,0.4797733975574374,0.9626321545846976
afraid,delta_parietal,band power,31,0.028119751672466418,0.5161290322580645,0.4797733975574374,0.9641822868787148
sad,beta_temporal,band power,31,-0.027611794586745383,0.6129032258064516,0.4797733975574374,0.9519192371250904
tense,asym_F8F7_delta,asymmetry,31,0.03343214129012028,0.5161290322580645,0.4797733975574374,0.9459039496867012
happy,asym_O2O1_alpha,asymmetry,31,0.028537948446908202,0.5806451612903226,0.4797733975574374,0.9580115202426911
afraid,coh_CP_alpha,coherence,31,-0.02540758562874806,0.5161290322580645,0.4797733975574374,0.9672975769817155
afraid,coh_OT_gamma,coherence,31,0.03123490324872064,0.5161290322580645,0.4797733975574374,0.9657374195994869
pleasant,alpha_occipital,band power,31,-0.026756858550764262,0.5483870967741935,0.4797733975574374,0.9534350320886654
afraid,asym_T6T5_theta,asymmetry,31,0.02020660811542808,0.5483870967741935,0.49194561038166285,0.9653272354659045
pleasant,gamma_parietal,band power,31,0.024965867997703537,0.5161290322580645,0.49194561038166285,0.9533355927893093
energetic,icoh_OP_alpha,imaginary coherence,31,-0.023538323044712386,0.5161290322580645,0.49194561038166285,0.9592939402442425
afraid,theta_central,band power,31,-0.028998716787332124,0.5161290322580645,0.49194561038166285,0.9623011312794909
pleasant,coh_FO_gamma,coherence,31,0.024596625176669825,0.5483870967741935,0.49194561038166285,0.9548182297920921
tender,asym_P4P3_delta,asymmetry,31,0.020634466155153235,0.5483870967741935,0.49194561038166285,0.9503840894060608
sad,coh_PT_delta,coherence,31,-0.012644584922124785,0.6129032258064516,0.49194561038166285,0.9518575531105663
happy,coh_CT_gamma,coherence,31,0.019773323027479445,0.5483870967741935,0.49194561038166285,0.9577973818351252
energetic,coh_OP_alpha,coherence,31,0.009178341365114428,0.6451612903225806,0.49194561038166285,0.9607951827172382
afraid,coh_CP_delta,coherence,31,-0.0331674018786666,0.5161290322580645,0.49194561038166285,0.9638118080946864
tense,icoh_FT_theta,imaginary coherence,31,0.017148372498351095,0.5483870967741935,0.49194561038166285,0.9489151804579834
pleasant,coh_CT_alpha,coherence,31,0.021399683117532913,0.5161290322580645,0.49194561038166285,0.9563054856017371
sad,coh_FO_beta,coherence,31,0.01703410224774367,0.5483870967741935,0.5042768456041813,0.9608206157465927
afraid,icoh_FT_delta,imaginary coherence,31,0.03077780173587943,0.5161290322580645,0.5042768456041813,0.968211543560028
tense,asym_F4F3_gamma,asymmetry,31,0.029812767204390366,0.6129032258064516,0.5042768456041813,0.9564399746413651
pleasant,coh_CO_delta,coherence,31,0.01217068035625856,0.6129032258064516,0.5042768456041813,0.9637634047687875
happy,coh_OT_alpha,coherence,31,-0.04187458928732022,0.5161290322580645,0.5042768456041813,0.965241569500028
pleasant,icoh_OT_alpha,imaginary coherence,31,0.02337606201841482,0.5483870967741935,0.5042768456041813,0.9622897604189882
afraid,coh_PT_theta,coherence,31,-0.02718628802634993,0.5161290322580645,0.5042768456041813,0.971199850793238
angry,coh_CF_theta,coherence,31,0.02881167313005573,0.5161290322580645,0.5042768456041813,0.9667242754439604
afraid,icoh_CO_theta,imaginary coherence,31,0.0205136914158762,0.5161290322580645,0.5042768456041813,0.969703394936854
sad,icoh_CF_gamma,imaginary coherence,31,0.025335395883422103,0.5161290322580645,0.5042768456041813,0.9593559501738083
tender,icoh_FP_delta,imaginary coherence,31,0.012979163831918132,0.5483870967741935,0.5042768456041813,0.9578957432481252
energetic,coh_CO_theta,coherence,31,0.02256479706251948,0.5161290322580645,0.5167645234614611,0.9756764376397934
energetic,asym_T6T5_delta,asymmetry,31,0.018657655130621273,0.6129032258064516,0.5167645234614611,0.9771547352725809
tender,coh_CO_gamma,coherence,31,0.03932246344207186,0.5483870967741935,0.5167645234614611,0.9625703362386618
happy,coh_FP_alpha,coherence,31,-0.029872862778260827,0.5483870967741935,0.5167645234614611,0.9698077071878247
afraid,coh_CT_alpha,coherence,31,-0.013689972798233611,0.6129032258064516,0.5167645234614611,0.9786375193928731
tender,asym_F8F7_delta,asymmetry,31,-0.013120888573106277,0.5806451612903226,0.5167645234614611,0.9654522833531488
tender,asym_T6T5_gamma,asymmetry,31,-0.0300929714232536,0.5483870967741935,0.5167645234614611,0.964009155874295
tense,asym_O2O1_delta,asymmetry,31,0.01776091749649798,0.6129032258064516,0.5167645234614611,0.9597055435712848
tender,icoh_CF_alpha,imaginary coherence,31,0.025957245789999757,0.5806451612903226,0.5167645234614611,0.9611358051861452
happy,asym_T4T3_alpha,asymmetry,31,-0.028353583748156396,0.5806451612903226,0.5167645234614611,0.97126826096371
energetic,coh_CT_gamma,coherence,31,-0.02184405750519328,0.5806451612903226,0.5167645234614611,0.9742026061629961
pleasant,coh_CO_alpha,coherence,31,-0.010922184451881665,0.6129032258064516,0.5167645234614611,0.9668997380508297
energetic,icoh_FO_alpha,imaginary coherence,31,-0.01938815167276505,0.5483870967741935,0.5167645234614611,0.9727332206333384
tense,icoh_PT_theta,imaginary coherence,31,0.022007980209836808,0.5161290322580645,0.5167645234614611,0.9582795323624123
pleasant,asym_F8F7_beta,asymmetry,31,0.016573850843065098,0.5806451612903226,0.5167645234614611,0.9683515394593144
afraid,alpha_central,band power,31,-0.019838605613252517,0.5806451612903226,0.529405927285552,0.9802649810866008
energetic,theta_occipital,band power,31,0.02955405056809392,0.5161290322580645,0.529405927285552,0.9716155841946602
sad,icoh_FP_alpha,imaginary coherence,31,-0.015223311530177383,0.6451612903225806,0.529405927285552,0.9631174887060772
happy,alpha_temporal,band power,31,0.031472052590028846,0.5161290322580645,0.529405927285552,0.9701888359065624
tense,coh_CF_beta,coherence,31,-0.024819265627857055,0.5483870967741935,0.529405927285552,0.9603177285644897
afraid,coh_FO_gamma,coherence,31,0.021340032169574398,0.5161290322580645,0.529405927285552,0.9788127366701762
energetic,coh_FO_alpha,coherence,31,-0.013068441482877642,0.5161290322580645,0.529405927285552,0.9730465349813975
pleasant,delta_occipital,band power,31,0.027638934470951913,0.5161290322580645,0.529405927285552,0.9673478729902912
tender,coh_FO_gamma,coherence,31,0.023985869474692022,0.5483870967741935,0.529405927285552,0.961715570964147
happy,icoh_OT_gamma,imaginary coherence,31,-0.0020212995511130795,0.6129032258064516,0.529405927285552,0.9687662716310395
afraid,icoh_PT_beta,imaginary coherence,31,-0.025927124972689838,0.5161290322580645,0.529405927285552,0.974481706861901
sad,coh_FP_beta,coherence,31,0.022412463881571885,0.5483870967741935,0.529405927285552,0.9659336217139897
afraid,icoh_FT_gamma,imaginary coherence,31,0.03116017160890615,0.5806451612903226,0.529405927285552,0.9759211185411654
tense,coh_PT_beta,coherence,31,-0.022216118841399488,0.5483870967741935,0.529405927285552,0.9589239437625093
afraid,icoh_FO_beta,imaginary coherence,31,0.014893613725535899,0.6129032258064516,0.529405927285552,0.9773647888348653
sad,delta_parietal,band power,31,-0.023656694892897435,0.5806451612903226,0.529405927285552,0.9645234996384948
energetic,coh_CF_theta,coherence,31,0.002234506077077279,0.5806451612903226,0.5421982295811176,0.9778372695335763
pleasant,theta_occipital,band power,31,-0.04638591173751869,0.5161290322580645,0.5421982295811176,0.9708226549745119
energetic,asym_F4F3_alpha,asymmetry,31,0.024955443732967535,0.5161290322580645,0.5421982295811176,0.9792523741204556
tender,asym_O2O1_alpha,asymmetry,31,0.022203761865518937,0.6129032258064516,0.5421982295811176,0.9694317915719697
happy,asym_T6T5_theta,asymmetry,31,-0.02143097099244897,0.5483870967741935,0.5421982295811176,0.9764262489426188
pleasant,coh_FP_delta,coherence,31,-0.02201091769107632,0.5806451612903226,0.5421982295811176,0.9722175151109695
tense,icoh_CF_gamma,imaginary coherence,31,0.02864157957777464,0.5161290322580645,0.5421982295811176,0.9639079636997647
afraid,icoh_OP_delta,imaginary coherence,31,-0.0037059783486184735,0.5806451612903226,0.5421982295811176,0.9806715804597606
happy,coh_PT_theta,coherence,31,0.01504774580081861,0.5483870967741935,0.5421982295811176,0.9750192946934219
tense,icoh_CT_gamma,imaginary coherence,31,-0.02653368053789562,0.5483870967741935,0.5421982295811176,0.9625368286162658
tender,coh_OT_beta,coherence,31,0.03020527194249239,0.5161290322580645,0.5421982295811176,0.9680449077499783
pleasant,coh_CF_beta,coherence,31,-0.03208820563986127,0.5483870967741935,0.5421982295811176,0.9736163892334314
tense,asym_P4P3_beta,asymmetry,31,-0.01832468353157978,0.5483870967741935,0.5421982295811176,0.9652830107235875
tender,icoh_OT_theta,imaginary coherence,31,-0.02150961299947253,0.5161290322580645,0.5421982295811176,0.9666619864531926
tender,asym_F8F7_beta,asymmetry,31,-0.02610208873207191,0.5483870967741935,0.5551384268328547,0.9622399398436149
angry,icoh_CO_delta,imaginary coherence,31,0.02007776518731087,0.5161290322580645,0.5551384268328547,0.978549091366388
energetic,coh_PT_alpha,coherence,31,-0.017776081902031112,0.5161290322580645,0.5551384268328547,0.9757926150526799
energetic,asym_P4P3_gamma,asymmetry,31,-0.0311654076835302,0.5161290322580645,0.5551384268328547,0.9771689092911181
tender,theta_temporal,band power,31,-0.024372222173699196,0.5161290322580645,0.5551384268328547,0.955603802327452
tense,coh_CP_alpha,coherence,31,0.018767706928598613,0.5161290322580645,0.5551384268328547,0.9542875436465602
afraid,delta_central,band power,31,0.03146683931077542,0.5483870967741935,0.5551384268328547,0.9827131300530535
tense,delta_temporal,band power,31,-0.02151432210781872,0.5483870967741935,0.5551384268328547,0.9516658745706081
tender,coh_CF_delta,coherence,31,0.026367953723763802,0.6129032258064516,0.5551384268328547,0.9609053490810024
tender,coh_FT_gamma,coherence,31,-0.014582112135719036,0.5806451612903226,0.5551384268328547,0.9595744552457102
happy,asym_P4P3_beta,asymmetry,31,0.021728980748486833,0.5483870967741935,0.5551384268328547,0.9716868957747584
pleasant,gamma_temporal,band power,31,-0.020943258729353532,0.5806451612903226,0.5551384268328547,0.9676155819656462
pleasant,coh_FO_beta,coherence,31,-0.03055267922930421,0.5483870967741935,0.5551384268328547,0.9689688904718919
afraid,alpha_occipital,band power,31,0.021798138821283012,0.5483870967741935,0.5551384268328547,0.9841090293855153
happy,icoh_FP_delta,imaginary coherence,31,0.023015809308999734,0.5161290322580645,0.5551384268328547,0.9703259897582671
sad,coh_OP_delta,coherence,31,-0.018596257356365116,0.5161290322580645,0.5551384268328547,0.9635782429588355
tender,icoh_OP_delta,imaginary coherence,31,0.008287238401705439,0.6129032258064516,0.5551384268328547,0.9569236970820479
angry,asym_F8F7_beta,asymmetry,31,-0.01706047921129205,0.6129032258064516,0.5551384268328547,0.9813211851096356
sad,asym_P4P3_theta,asymmetry,31,-0.004442952802213277,0.5806451612903226,0.5551384268328547,0.9649202739378868
sad,asym_P4P3_delta,asymmetry,31,0.014244014662746543,0.5161290322580645,0.5551384268328547,0.9662660483785254
tender,icoh_CO_beta,imaginary coherence,31,-0.008723180753384949,0.5483870967741935,0.5551384268328547,0.9582472429977907
tense,coh_PT_gamma,coherence,31,-0.0293117582953693,0.5483870967741935,0.5551384268328547,0.9529749060349418
angry,asym_T4T3_beta,asymmetry,31,0.035555232365330126,0.5161290322580645,0.5551384268328547,0.9799331777756757
tense,icoh_OT_gamma,imaginary coherence,31,0.0264337745507561,0.5483870967741935,0.5551384268328547,0.9503604344134469
energetic,icoh_FO_gamma,imaginary coherence,31,0.03221183339077407,0.5483870967741935,0.5551384268328547,0.9744201922466986
energetic,theta_temporal,band power,31,0.023265106714921314,0.5161290322580645,0.5551384268328547,0.9730516245609588
angry,icoh_FT_theta,imaginary coherence,31,-0.01944553679140888,0.5483870967741935,0.5682233804836869,0.9648201072702602
angry,icoh_PT_beta,imaginary coherence,31,-0.02043704434451895,0.5161290322580645,0.5682233804836869,0.9635092103853822
angry,coh_FO_alpha,coherence,31,-0.01897159799753719,0.5806451612903226,0.5682233804836869,0.9661345760812552
afraid,asym_P4P3_delta,asymmetry,31,0.025328471208189172,0.5161290322580645,0.5682233804836869,0.9714284641693716
happy,icoh_CO_alpha,imaginary coherence,31,0.019923236724445743,0.5483870967741935,0.5682233804836869,0.9608980743138771
tender,coh_OP_theta,coherence,31,0.01478633974380437,0.5161290322580645,0.5682233804836869,0.9557180307865786
afraid,coh_OT_theta,coherence,31,0.01615180548758311,0.5161290322580645,0.5682233804836869,0.970099560661616
tender,coh_FT_delta,coherence,31,-0.027922123038323296,0.5806451612903226,0.5682233804836869,0.9570077987093675
angry,asym_F4F3_gamma,asymmetry,31,-0.015208683193227433,0.5483870967741935,0.5682233804836869,0.9687742880377613
happy,coh_FP_gamma,coherence,31,-0.01180159277312126,0.5483870967741935,0.5682233804836869,0.9622018708868946
sad,icoh_OP_beta,imaginary coherence,31,0.009937471852180566,0.5483870967741935,0.5682233804836869,0.9583010524914072
angry,asym_T4T3_gamma,asymmetry,31,0.0195850253416753,0.5483870967741935,0.5682233804836869,0.967452631437437
happy,theta_central,band power,31,-0.017442718164503757,0.5161290322580645,0.5682233804836869,0.9595978062836824
afraid,icoh_CO_alpha,imaginary coherence,31,0.015933605336713626,0.6129032258064516,0.5814498504623771,0.9701195366003297
tense,theta_parietal,band power,31,0.017235767787904296,0.5483870967741935,0.5814498504623771,0.9548018597066402
angry,delta_parietal,band power,31,-0.02230263687522911,0.5483870967741935,0.5814498504623771,0.9675325511693954
angry,asym_F4F3_delta,asymmetry,31,0.02361521046494007,0.5483870967741935,0.5814498504623771,0.9688243169252958
tense,gamma_temporal,band power,31,0.021883316194457072,0.5483870967741935,0.5814498504623771,0.9560598331713394
tense,asym_F8F7_gamma,asymmetry,31,0.019833606881635817,0.6129032258064516,0.5814498504623771,0.9573211258272383
angry,faa,band power,31,-0.020307259615672268,0.5161290322580645,0.5814498504623771,0.9662442255353483
energetic,gamma_temporal,band power,31,0.024213183498359818,0.5483870967741935,0.5814498504623771,0.9623997524894518
energetic,asym_T6T5_alpha,asymmetry,31,0.014915876577105315,0.5483870967741935,0.5814498504623771,0.9636778398101549
energetic,alpha_frontal,band power,31,0.024118588123856435,0.5483870967741935,0.5814498504623771,0.9649593262992641
afraid,beta_central,band power,31,-0.022067321881413006,0.5806451612903226,0.5814498504623771,0.9766479318668191
afraid,coh_FP_delta,coherence,31,-0.03078417157952441,0.5161290322580645,0.5814498504623771,0.9740260582242236
happy,icoh_CT_delta,imaginary coherence,31,0.02946826029146064,0.5483870967741935,0.5814498504623771,0.9611250508305252
tender,gamma_frontal,band power,31,0.014974395970564129,0.6129032258064516,0.5814498504623771,0.958585750828331
afraid,coh_PT_beta,coherence,31,0.02957182068855033,0.5161290322580645,0.5814498504623771,0.971418224065658
sad,icoh_CO_theta,imaginary coherence,31,-0.02511871990767815,0.5161290322580645,0.5814498504623771,0.9598537213982098
afraid,coh_OP_beta,coherence,31,0.028505897120173793,0.5161290322580645,0.5814498504623771,0.9727203932668185
afraid,coh_CO_gamma,coherence,31,-0.026728451331018723,0.5806451612903226,0.5814498504623771,0.9753352330336648
afraid,coh_CF_beta,coherence,31,0.012588045710199421,0.6129032258064516,0.5948144253343344,0.9754643926639281
tender,coh_FP_gamma,coherence,31,-0.025160679974701478,0.5483870967741935,0.5948144253343344,0.9615652886233799
tender,coh_PT_beta,coherence,31,0.021897728627180504,0.5161290322580645,0.5948144253343344,0.9603213490520689
energetic,asym_F8F7_alpha,asymmetry,31,0.03135842006888773,0.5161290322580645,0.5948144253343344,0.9703639252513063
tender,icoh_OP_theta,imaginary coherence,31,-0.014793825561556237,0.5483870967741935,0.5948144253343344,0.9590806237948958
happy,coh_PT_beta,coherence,31,-0.022087899822888776,0.5161290322580645,0.5948144253343344,0.9665734411682934
angry,coh_OT_alpha,coherence,31,-0.020682090937824613,0.5161290322580645,0.5948144253343344,0.9729074742034722
angry,coh_CO_alpha,coherence,31,0.019390162569112517,0.5483870967741935,0.5948144253343344,0.9741842556656815
angry,icoh_CF_theta,imaginary coherence,31,-0.020402818023425043,0.5483870967741935,0.5948144253343344,0.9716340351011117
happy,coh_FP_delta,coherence,31,-0.025604665167627914,0.5483870967741935,0.5948144253343344,0.9678336412219678
tense,asym_T4T3_theta,asymmetry,31,-0.017709252381244604,0.5161290322580645,0.5948144253343344,0.9578431004093539
pleasant,icoh_FP_beta,imaginary coherence,31,0.016386249591583173,0.5161290322580645,0.5948144253343344,0.9640628608016225
sad,icoh_CF_alpha,imaginary coherence,31,0.019360540395641022,0.5806451612903226,0.5948144253343344,0.9628124550158875
pleasant,asym_T6T5_gamma,asymmetry,31,-0.017912404811648033,0.5161290322580645,0.5948144253343344,0.9653165186180095
energetic,icoh_FP_beta,imaginary coherence,31,0.02590578685321817,0.5483870967741935,0.5948144253343344,0.9690971316152079
energetic,coh_CT_beta,coherence,31,-0.016751580048130908,0.5806451612903226,0.608313562348485,0.9683358747588129
energetic,coh_OT_alpha,coherence,31,-0.00892313166519294,0.6129032258064516,0.608313562348485,0.9671023258737698
tender,icoh_PT_alpha,imaginary coherence,31,0.01992449171713786,0.5806451612903226,0.608313562348485,0.9561402088298605
pleasant,coh_FO_alpha,coherence,31,0.018045248238259964,0.5161290322580645,0.608313562348485,0.9609814250771004
pleasant,asym_F4F3_beta,asymmetry,31,-0.011230169277495709,0.5483870967741935,0.608313562348485,0.962199398999885
happy,coh_CO_beta,coherence,31,-0.004882174738674611,0.5806451612903226,0.608313562348485,0.9646446325424515
angry,theta_frontal,band power,31,0.01312782137468233,0.6129032258064516,0.608313562348485,0.9708124370983494
tense,coh_FP_delta,coherence,31,0.01004162907390904,0.5483870967741935,0.608313562348485,0.9537378464961171
tender,theta_parietal,band power,31,0.020319312062159787,0.5161290322580645,0.608313562348485,0.9549375167432821
tender,icoh_CT_theta,imaginary coherence,31,0.02064197729099591,0.5161290322580645,0.608313562348485,0.9573459341877797
afraid,icoh_FT_theta,imaginary coherence,31,-0.017657294655648078,0.5483870967741935,0.608313562348485,0.9745511242758784
happy,icoh_PT_gamma,imaginary coherence,31,-0.015045455458493258,0.5161290322580645,0.608313562348485,0.9634204642270422
sad,coh_FT_delta,coherence,31,-0.021197535557929102,0.5161290322580645,0.608313562348485,0.9585547043067036
tense,coh_OT_delta,coherence,31,-0.011861461221057483,0.5483870967741935,0.608313562348485,0.9525411867138134
afraid,coh_CP_theta,coherence,31,0.001488716472945138,0.5483870967741935,0.608313562348485,0.9758037606824027
angry,delta_occipital,band power,31,-0.02539045350203939,0.5161290322580645,0.608313562348485,0.9720554747898966
angry,beta_central,band power,31,0.015225031065629122,0.5806451612903226,0.608313562348485,0.973301699757576
sad,asym_T4T3_gamma,asymmetry,31,-0.0018202089876237612,0.5806451612903226,0.608313562348485,0.9597665307343985
afraid,asym_F8F7_alpha,asymmetry,31,-0.02222062474537947,0.5483870967741935,0.608313562348485,0.9770596213782616
afraid,asym_F4F3_theta,asymmetry,31,0.024852518705660583,0.5161290322580645,0.608313562348485,0.9783187188284913
angry,theta_occipital,band power,31,-0.012389247943071667,0.5483870967741935,0.608313562348485,0.9695725744711485
tense,icoh_FT_gamma,imaginary coherence,31,0.023835716286462857,0.5483870967741935,0.608313562348485,0.9513475260788337
happy,beta_parietal,band power,31,-0.017640202864140378,0.5161290322580645,0.608313562348485,0.9658719157899609
energetic,asym_O2O1_alpha,asymmetry,31,0.007145797732267652,0.5483870967741935,0.6219436237588525,0.9654050279241889
pleasant,coh_FP_beta,coherence,31,-0.006072240032732461,0.6451612903225806,0.6219436237588525,0.9570723088175683
energetic,delta_frontal,band power,31,-0.01477046680650403,0.5483870967741935,0.6219436237588525,0.9630094819491909
sad,coh_OT_alpha,coherence,31,0.01322662513543916,0.5161290322580645,0.6219436237588525,0.9558936483387289
afraid,coh_CT_theta,coherence,31,0.020549850124152856,0.5483870967741935,0.6219436237588525,0.9690207770924443
afraid,asym_T6T5_delta,asymmetry,31,0.006297961849064744,0.5806451612903226,0.6219436237588525,0.9714463610150788
happy,icoh_CF_gamma,imaginary coherence,31,0.019108579327201714,0.5806451612903226,0.6219436237588525,0.9594383713857205
angry,asym_F4F3_theta,asymmetry,31,0.02180600497866859,0.5483870967741935,0.6219436237588525,0.9678125217594113
angry,asym_T6T5_theta,asymmetry,31,-0.01827439338276051,0.6129032258064516,0.6219436237588525,0.9666072757796362
happy,coh_PT_gamma,coherence,31,0.01695414013979266,0.6129032258064516,0.6219436237588525,0.9606257951126831
energetic,coh_FT_alpha,coherence,31,-0.00868827719818129,0.5161290322580645,0.6219436237588525,0.9642057670199353
tense,coh_CO_theta,coherence,31,-0.030855383769859294,0.5161290322580645,0.6219436237588525,0.9523750214123287
afraid,beta_occipital,band power,31,-0.02809632361356023,0.5161290322580645,0.6219436237588525,0.9702320530638099
tender,faa,band power,31,-0.028098194181291697,0.5483870967741935,0.6219436237588525,0.9535450152961277
happy,icoh_OT_beta,imaginary coherence,31,0.020116211940838305,0.5483870967741935,0.6219436237588525,0.9582538795691949
energetic,icoh_CP_beta,imaginary coherence,31,0.014453348444453305,0.5483870967741935,0.6219436237588525,0.9618161616493778
tender,beta_occipital,band power,31,0.019474382204608055,0.5806451612903226,0.6219436237588525,0.9547178873936628
afraid,asym_F8F7_beta,asymmetry,31,-0.02154348517767091,0.5161290322580645,0.635700810700655,0.9722482987186488
tender,icoh_FO_delta,imaginary coherence,31,-0.01916595249540888,0.5483870967741935,0.635700810700655,0.95700194421522
tender,coh_OT_alpha,coherence,31,-0.010014801454098152,0.5483870967741935,0.635700810700655,0.9581577436647554
tender,theta_occipital,band power,31,-0.01742999766094321,0.5161290322580645,0.635700810700655,0.9558489298245993
pleasant,icoh_FO_delta,imaginary coherence,31,-0.013119950521709122,0.5161290322580645,0.635700810700655,0.9651515958082937
tense,alpha_occipital,band power,31,0.011630777368834902,0.5483870967741935,0.635700810700655,0.9546986904385287
tender,asym_O2O1_beta,asymmetry,31,0.012280334785173605,0.5483870967741935,0.635700810700655,0.9593163382762
sad,coh_FP_theta,coherence,31,-0.010872057004104638,0.6129032258064516,0.635700810700655,0.9604777382014739
happy,coh_FT_theta,coherence,31,0.019783662253888494,0.5161290322580645,0.635700810700655,0.9663271763147594
sad,beta_occipital,band power,31,0.016192323783935564,0.5161290322580645,0.635700810700655,0.962808994847594
afraid,coh_CT_gamma,coherence,31,-0.0187541819586936,0.5161290322580645,0.635700810700655,0.9698711635139577
afraid,asym_P4P3_alpha,asymmetry,31,-0.005524551720464648,0.5161290322580645,0.635700810700655,0.9710582763211963
tense,gamma_occipital,band power,31,0.014574260461664825,0.6129032258064516,0.635700810700655,0.9535512160509825
sad,coh_CT_gamma,coherence,31,-0.018230560833904282,0.5161290322580645,0.635700810700655,0.9616419536417181
energetic,asym_F4F3_theta,asymmetry,31,0.0070954615344872105,0.5806451612903226,0.635700810700655,0.9686869496390933
happy,asym_T4T3_gamma,asymmetry,31,0.013728621109074638,0.5161290322580645,0.635700810700655,0.9675056240907529
pleasant,icoh_PT_beta,imaginary coherence,31,0.013715345217419343,0.5806451612903226,0.635700810700655,0.9639788721195838
sad,icoh_CO_beta,imaginary coherence,31,-0.005966023236382217,0.5483870967741935,0.6495812004432082,0.9662423577510415
afraid,coh_CO_delta,coherence,31,-0.009954139066201295,0.5483870967741935,0.6495812004432082,0.9720351776416353
afraid,asym_T4T3_gamma,asymmetry,31,-0.014870326080781858,0.5806451612903226,0.6495812004432082,0.973202086618396
tense,coh_CF_alpha,coherence,31,-0.008643525491623593,0.5806451612903226,0.6495812004432082,0.9627996890179619
tender,icoh_OT_delta,imaginary coherence,31,0.005438807452456956,0.5806451612903226,0.6495812004432082,0.9639445162343923
afraid,icoh_FO_alpha,imaginary coherence,31,-0.012056898717092278,0.5806451612903226,0.6495812004432082,0.9697097346329233
afraid,icoh_CT_alpha,imaginary coherence,31,0.014217857900010471,0.5483870967741935,0.6495812004432082,0.9708710636564357
angry,alpha_parietal,band power,31,0.013299277174515522,0.5806451612903226,0.6495812004432082,0.9673953915908399
afraid,icoh_FT_beta,imaginary coherence,31,0.025745327261692253,0.5161290322580645,0.6495812004432082,0.9685511805891563
tender,coh_CP_theta,coherence,31,-0.031835777407731206,0.5483870967741935,0.6495812004432082,0.9650920692299093
pleasant,coh_FT_delta,coherence,31,0.028952646992792715,0.5161290322580645,0.6635807873681188,0.9697293005098504
afraid,icoh_PT_gamma,imaginary coherence,31,-0.003134292218918586,0.5806451612903226,0.6635807873681188,0.98005777826676
sad,icoh_OP_gamma,imaginary coherence,31,-0.0077278847070846425,0.5161290322580645,0.6635807873681188,0.9674635778451077
angry,coh_FT_alpha,coherence,31,0.01697760323689821,0.5161290322580645,0.6635807873681188,0.9788993175359483
afraid,coh_CF_theta,coherence,31,0.012379952855139322,0.6451612903225806,0.6635807873681188,0.9812189841651804
happy,icoh_OT_delta,imaginary coherence,31,0.010336152400889708,0.5806451612903226,0.6635807873681188,0.9720056603702021
afraid,alpha_frontal,band power,31,0.018356518887590146,0.5161290322580645,0.6635807873681188,0.982382945000489
pleasant,coh_CP_alpha,coherence,31,-0.006339152283315227,0.5483870967741935,0.6635807873681188,0.9708661461141995
tense,icoh_CP_theta,imaginary coherence,31,-0.005991999896805212,0.5806451612903226,0.6635807873681188,0.9640847760598512
happy,icoh_FO_gamma,imaginary coherence,31,-0.01956668056887292,0.5161290322580645,0.6635807873681188,0.9731478526855608
energetic,icoh_FO_beta,imaginary coherence,31,0.01898342998516248,0.5806451612903226,0.6635807873681188,0.9754403093467753
tender,icoh_FT_gamma,imaginary coherence,31,-0.019294755249686376,0.5161290322580645,0.6635807873681188,0.9652084179899909
tender,icoh_CT_gamma,imaginary coherence,31,0.013782214874515433,0.5806451612903226,0.6635807873681188,0.9663346821883456
energetic,coh_FO_theta,coherence,31,0.004772732297430271,0.6129032258064516,0.6635807873681188,0.9765905927304389
angry,icoh_CF_delta,imaginary coherence,31,-0.015054544457640375,0.5483870967741935,0.6635807873681188,0.9777435922496012
happy,alpha_occipital,band power,31,0.029927453924785123,0.5161290322580645,0.6635807873681188,0.9742927325122497
pleasant,icoh_CO_delta,imaginary coherence,31,-0.020320970890250645,0.5483870967741935,0.6635807873681188,0.9685951141934646
sad,icoh_FP_beta,imaginary coherence,31,0.019611402799450357,0.5483870967741935,0.6776954075321555,0.972142377701299
tender,icoh_FP_alpha,imaginary coherence,31,0.0017283872590689103,0.5483870967741935,0.6776954075321555,0.9688016822452807
energetic,icoh_CP_delta,imaginary coherence,31,-0.021511342140064515,0.5483870967741935,0.6776954075321555,0.9777616978036185
tense,coh_CP_theta,coherence,31,-0.012866325058094742,0.5806451612903226,0.6776954075321555,0.967693213501293
energetic,asym_O2O1_gamma,asymmetry,31,-0.032818865648425934,0.5806451612903226,0.6776954075321555,0.9800276577058286
energetic,asym_T4T3_gamma,asymmetry,31,-0.020433626112057793,0.5161290322580645,0.6776954075321555,0.9788933664353358
happy,coh_FO_delta,coherence,31,0.0038598974404125265,0.6129032258064516,0.6776954075321555,0.9766326427253235
tender,asym_O2O1_gamma,asymmetry,31,0.0013390159172897921,0.5161290322580645,0.6776954075321555,0.9710262555684617
pleasant,icoh_OT_gamma,imaginary coherence,31,-0.011651175461219469,0.5161290322580645,0.6776954075321555,0.974382337096924
sad,icoh_CO_delta,imaginary coherence,31,0.015786323909239796,0.5483870967741935,0.6776954075321555,0.9732610685847297
tender,coh_FO_delta,coherence,31,-0.01283680400213528,0.5161290322580645,0.6776954075321555,0.9699126933487731
happy,icoh_CO_beta,imaginary coherence,31,0.01590069528936695,0.5483870967741935,0.6776954075321555,0.9755061921570127
tense,delta_occipital,band power,31,-0.0027248373249454043,0.5806451612903226,0.6776954075321555,0.9665872784001487
afraid,icoh_FP_delta,imaginary coherence,31,0.027555103559512295,0.5806451612903226,0.6776954075321555,0.9823041447155982
tense,icoh_FO_gamma,imaginary coherence,31,-0.009019634872148286,0.6129032258064516,0.6776954075321555,0.9654838682649887
angry,asym_P4P3_gamma,asymmetry,31,-0.014773355082989947,0.5483870967741935,0.6776954075321555,0.9811645807426103
afraid,coh_CP_beta,coherence,31,-0.023206145143701354,0.5161290322580645,0.6776954075321555,0.9834463588373605
afraid,coh_CF_delta,coherence,31,-0.010046318315673904,0.5161290322580645,0.691920786164701,0.9846261586471458
tender,icoh_FP_beta,imaginary coherence,31,0.0015454185214350893,0.5483870967741935,0.691920786164701,0.9735255255169637
afraid,icoh_FP_beta,imaginary coherence,31,0.012738575469782762,0.5161290322580645,0.691920786164701,0.9812694785608487
sad,coh_FO_theta,coherence,31,-0.01003406322945148,0.5806451612903226,0.691920786164701,0.9768293451736955
afraid,icoh_CT_beta,imaginary coherence,31,-0.019118790400620134,0.5483870967741935,0.691920786164701,0.982385826090497
tense,coh_PT_delta,coherence,31,-0.004423867278185589,0.6129032258064516,0.691920786164701,0.9691550405539247
angry,coh_FP_delta,coherence,31,-0.024776798515163265,0.5483870967741935,0.691920786164701,0.9801556653048205
tender,asym_T6T5_delta,asymmetry,31,0.011898581907505418,0.5806451612903226,0.691920786164701,0.9746243127918136
afraid,coh_PT_alpha,coherence,31,0.014984657922093714,0.5161290322580645,0.691920786164701,0.9835047165530146
tense,asym_F8F7_alpha,asymmetry,31,-0.025285441613439864,0.5161290322580645,0.691920786164701,0.9713353668543834
sad,icoh_OP_delta,imaginary coherence,31,0.018636879569960473,0.5483870967741935,0.691920786164701,0.9757255832017478
pleasant,asym_T4T3_alpha,asymmetry,31,0.013894014934939424,0.5161290322580645,0.691920786164701,0.9779356071727597
tense,coh_CP_delta,coherence,31,-0.012476651606682694,0.5483870967741935,0.691920786164701,0.970243978801738
energetic,coh_OT_theta,coherence,31,-0.01854942539086291,0.5161290322580645,0.691920786164701,0.979044377702434
tender,icoh_PT_beta,imaginary coherence,31,-0.01784188817509871,0.5483870967741935,0.691920786164701,0.9724292129882284
sad,coh_PT_theta,coherence,31,0.010154938144741667,0.5161290322580645,0.7062525749206543,0.97824995949054
energetic,beta_frontal,band power,31,0.017690017988367,0.5806451612903226,0.7062525749206543,0.9837089436394828
pleasant,icoh_PT_gamma,imaginary coherence,31,-0.00380972572397674,0.5483870967741935,0.7062525749206543,0.9815180551235819
sad,coh_OT_theta,coherence,31,0.0073816127601497835,0.5483870967741935,0.7062525749206543,0.979336903889974
energetic,alpha_occipital,band power,31,-0.010334239248667219,0.5483870967741935,0.7062525749206543,0.9848080597776274
tense,asym_T4T3_beta,asymmetry,31,-0.02154067052005695,0.5806451612903226,0.7062525749206543,0.9760832929135953
sad,icoh_FT_alpha,imaginary coherence,31,0.012957324419088001,0.5161290322580645,0.7062525749206543,0.9771654251673798
pleasant,gamma_occipital,band power,31,0.004172204679449432,0.5161290322580645,0.7062525749206543,0.9826122781504756
tense,coh_CT_delta,coherence,31,0.013625413468387365,0.5483870967741935,0.7062525749206543,0.9750035547577174
afraid,faa,band power,31,0.005176944721739697,0.5483870967741935,0.7062525749206543,0.9881201945078213
angry,coh_CF_delta,coherence,31,-0.012340082731312811,0.5483870967741935,0.7062525749206543,0.9859096347885644
afraid,icoh_OP_alpha,imaginary coherence,31,0.02467416451413925,0.5161290322580645,0.7062525749206543,0.9870136769327845
tense,icoh_OP_alpha,imaginary coherence,31,0.0067756644634005825,0.5161290322580645,0.7062525749206543,0.97392620276351
tense,icoh_PT_alpha,imaginary coherence,31,-0.030858373780956946,0.5161290322580645,0.7062525749206543,0.9728512290297755
sad,coh_OT_gamma,coherence,31,-0.013616465285064737,0.5161290322580645,0.7062525749206543,0.9804262664082053
tender,coh_CP_gamma,coherence,31,0.026568571298024434,0.5161290322580645,0.7206862810999155,0.979756512867859
afraid,icoh_CF_theta,imaginary coherence,31,-0.00871909975478109,0.5806451612903226,0.7206862810999155,0.9905467828333641
pleasant,asym_F4F3_gamma,asymmetry,31,0.02328704563131031,0.5161290322580645,0.7206862810999155,0.9851221016568396
tender,asym_T6T5_alpha,asymmetry,31,-0.005846636325189917,0.5483870967741935,0.7206862810999155,0.9818957192278325
tender,coh_CF_theta,coherence,31,-0.0069333123554838815,0.5161290322580645,0.7206862810999155,0.9808249496321642
angry,coh_CT_beta,coherence,31,0.0056321679860678545,0.5161290322580645,0.7206862810999155,0.9894570724012042
sad,coh_CP_gamma,coherence,31,-0.020637634571356,0.5161290322580645,0.7206862810999155,0.9829688293034913
energetic,asym_F8F7_theta,asymmetry,31,0.016843736785427842,0.5161290322580645,0.7206862810999155,0.9862022793998844
tense,asym_T6T5_delta,asymmetry,31,0.011795077309570759,0.5806451612903226,0.7206862810999155,0.9776266074051028
angry,icoh_FO_delta,imaginary coherence,31,0.009973144442717234,0.5483870967741935,0.7206862810999155,0.9872848285540006
tense,icoh_FT_delta,imaginary coherence,31,-0.02038884127943894,0.5161290322580645,0.7206862810999155,0.9765651235751298
pleasant,asym_F8F7_theta,asymmetry,31,-0.016320239633532796,0.5161290322580645,0.7206862810999155,0.9840442875412413
afraid,asym_O2O1_beta,asymmetry,31,0.003934706592779302,0.5483870967741935,0.7206862810999155,0.9916388961551208
tense,theta_central,band power,31,0.014631747134751091,0.5161290322580645,0.7206862810999155,0.9755059423131177
angry,coh_PT_theta,coherence,31,-0.019931221953893113,0.5161290322580645,0.7206862810999155,0.988369756937027
tender,icoh_FP_gamma,imaginary coherence,31,0.003447462577379555,0.5806451612903226,0.7206862810999155,0.9786904013195806
tense,icoh_OP_beta,imaginary coherence,31,0.018835276071782068,0.5806451612903226,0.7352173123508692,0.9855544638172768
happy,asym_T4T3_beta,asymmetry,31,-0.011467869280641897,0.5161290322580645,0.7352173123508692,0.9898071260128206
angry,icoh_FP_alpha,imaginary coherence,31,-0.02061085003499914,0.5161290322580645,0.7352173123508692,0.9919472495285241
afraid,icoh_CF_gamma,imaginary coherence,31,-0.008088714276333417,0.5483870967741935,0.7352173123508692,0.9930207855128622
pleasant,asym_P4P3_gamma,asymmetry,31,-0.008848239313281693,0.6129032258064516,0.7352173123508692,0.9887405235063413
tense,beta_frontal,band power,31,0.010046675726433302,0.5161290322580645,0.7352173123508692,0.9866141997998761
happy,asym_F8F7_alpha,asymmetry,31,-0.007735551566728372,0.5483870967741935,0.7352173123508692,0.9908760321964198
tender,coh_CP_delta,coherence,31,0.015531792274779794,0.5483870967741935,0.7352173123508692,0.9876762172377661
afraid,asym_F8F7_delta,asymmetry,31,-0.013438069868253199,0.5161290322580645,0.7352173123508692,0.9940966476856823
afraid,delta_occipital,band power,31,0.01089550201941427,0.5483870967741935,0.7498410120606422,1.0
energetic,coh_FP_beta,coherence,31,0.018314522280704144,0.5483870967741935,0.7498410120606422,0.9944756461760696
tender,coh_FP_delta,coherence,31,0.003415445298196943,0.5483870967741935,0.7498410120606422,0.9892194324013547
angry,coh_CT_gamma,coherence,31,0.008365330435261728,0.5806451612903226,0.7498410120606422,0.9987210064585715
angry,coh_FT_delta,coherence,31,-0.01415563095816337,0.5161290322580645,0.7498410120606422,0.9976562719101082
afraid,asym_T6T5_gamma,asymmetry,31,-0.012464122469789788,0.5483870967741935,0.7498410120606422,1.0
angry,coh_CO_gamma,coherence,31,-0.010106713089162531,0.5483870967741935,0.7498410120606422,0.9997880160808563
angry,icoh_PT_delta,imaginary coherence,31,0.010609864922778975,0.5483870967741935,0.7498410120606422,0.9955335989911506
angry,icoh_OT_beta,imaginary coherence,31,-0.01432504678098514,0.5483870967741935,0.7498410120606422,0.99659380516686
afraid,coh_FO_alpha,coherence,31,0.015891368115450784,0.5161290322580645,0.7498410120606422,1.0
afraid,coh_CO_beta,coherence,31,0.0017483909109588301,0.5161290322580645,0.7498410120606422,1.0
happy,coh_CF_gamma,coherence,31,-0.013945425002089862,0.5483870967741935,0.7498410120606422,0.9923664719530026
happy,asym_F4F3_alpha,asymmetry,31,-0.017867414914108395,0.5161290322580645,0.7498410120606422,0.9934199395453095
sad,icoh_FO_alpha,imaginary coherence,31,0.001703476187114626,0.5161290322580645,0.7498410120606422,0.9902662254515149
tender,coh_FT_beta,coherence,31,0.029249316820889784,0.5806451612903226,0.7498410120606422,0.9881748501073723
happy,icoh_CT_beta,imaginary coherence,31,-0.01444355141217286,0.5483870967741935,0.7498410120606422,0.9913152362835609
tense,icoh_OP_theta,imaginary coherence,31,0.010119151615273533,0.5483870967741935,0.7645525922998786,0.9877449639650605
afraid,icoh_PT_theta,imaginary coherence,31,-0.009052943814093842,0.5161290322580645,0.7645525922998786,1.0
pleasant,icoh_PT_alpha,imaginary coherence,31,0.001711223026688142,0.5161290322580645,0.7645525922998786,0.9928841157026519
pleasant,icoh_FO_beta,imaginary coherence,31,-0.005627482188140864,0.5483870967741935,0.7645525922998786,0.9939183699898422
angry,theta_temporal,band power,31,-0.0012212780738003512,0.6129032258064516,0.7645525922998786,1.0
tender,coh_CT_delta,coherence,31,0.004971702085468712,0.5483870967741935,0.7645525922998786,0.9908220510802165
sad,asym_F8F7_theta,asymmetry,31,0.005155508715677332,0.5161290322580645,0.7645525922998786,0.991852011632275
tense,asym_P4P3_delta,asymmetry,31,0.005767720343624324,0.5483870967741935,0.7645525922998786,0.9887685338759051
tender,icoh_CO_delta,imaginary coherence,31,-0.01620592501533398,0.5161290322580645,0.7645525922998786,0.9897942273757765
energetic,icoh_OT_gamma,imaginary coherence,31,0.007678950230904793,0.5161290322580645,0.7645525922998786,0.9991221310892654
energetic,icoh_FT_alpha,imaginary coherence,31,-0.0023249565277796806,0.5806451612903226,0.7645525922998786,1.0
pleasant,coh_CF_theta,coherence,31,-0.006856369058105828,0.5161290322580645,0.7645525922998786,0.9970341015572085
energetic,coh_OT_beta,coherence,31,-0.008086229048678489,0.5806451612903226,0.7645525922998786,1.0
energetic,coh_PT_theta,coherence,31,-0.009572176573120946,0.6129032258064516,0.7645525922998786,1.0
pleasant,coh_PT_alpha,coherence,31,0.010129162028879493,0.5483870967741935,0.7645525922998786,0.9959933561484848
pleasant,gamma_frontal,band power,31,0.009607158610329472,0.5161290322580645,0.7645525922998786,0.9949547812202799
afraid,coh_FT_beta,coherence,31,0.008815024416440751,0.5483870967741935,0.7645525922998786,1.0
afraid,asym_T4T3_beta,asymmetry,31,-0.010266500536225734,0.5161290322580645,0.7645525922998786,1.0
energetic,icoh_OT_theta,imaginary coherence,31,0.014014649725400558,0.5161290322580645,0.7645525922998786,0.9980770242575822
energetic,delta_parietal,band power,31,-0.01709625761561698,0.5483870967741935,0.7793471785262227,1.0
tense,asym_T4T3_delta,asymmetry,31,0.007879998282335569,0.5161290322580645,0.7793471785262227,0.9904534407339368
pleasant,coh_PT_theta,coherence,31,0.026258292316980597,0.5161290322580645,0.7793471785262227,0.995522291505349
energetic,icoh_CF_alpha,imaginary coherence,31,-0.00489912537038567,0.5806451612903226,0.7793471785262227,1.0
happy,theta_parietal,band power,31,0.01586124099167451,0.5806451612903226,0.7793471785262227,0.9965422938532028
pleasant,icoh_CO_gamma,imaginary coherence,31,-0.003219231719059609,0.5161290322580645,0.7793471785262227,0.9945043750518671
energetic,asym_F4F3_gamma,asymmetry,31,-0.012814222334424748,0.5161290322580645,0.7793471785262227,1.0
angry,icoh_OP_beta,imaginary coherence,31,-0.022023168132054516,0.5161290322580645,0.7793471785262227,1.0
sad,icoh_CP_delta,imaginary coherence,31,0.0024808961811244195,0.5161290322580645,0.7793471785262227,0.992474774286455
tense,icoh_CP_beta,imaginary coherence,31,0.002460125993699249,0.5483870967741935,0.7793471785262227,0.9884403239844776
happy,icoh_FT_gamma,imaginary coherence,31,-0.011831263844775905,0.5161290322580645,0.7793471785262227,0.9975643885135651
tender,icoh_FT_alpha,imaginary coherence,31,-0.008847303253663456,0.5161290322580645,0.7793471785262227,0.9914630772688338
sad,beta_parietal,band power,31,-0.007854581645541026,0.5161290322580645,0.7793471785262227,0.9934885381008437
happy,asym_F4F3_beta,asymmetry,31,0.013957686983696116,0.5161290322580645,0.7793471785262227,0.9996148805762857
tense,coh_FP_theta,coherence,31,-0.002925140366751183,0.5161290322580645,0.7793471785262227,0.9894458583934139
happy,icoh_CO_gamma,imaginary coherence,31,0.008071822657144198,0.5161290322580645,0.7793471785262227,0.9985885819309301
afraid,coh_CF_gamma,coherence,31,0.004559793972225429,0.5483870967741935,0.7793471785262227,1.0
energetic,icoh_CT_beta,imaginary coherence,31,0.021913249012198866,0.5483870967741935,0.7793471785262227,1.0
tense,icoh_CP_delta,imaginary coherence,31,-0.008510099542137495,0.5483870967741935,0.7942198486998677,0.9872374214914691
sad,asym_F4F3_theta,asymmetry,31,-0.01003973897643922,0.5806451612903226,0.7942198486998677,0.9961672072135024
pleasant,theta_parietal,band power,31,0.0017279146397763956,0.5161290322580645,0.7942198486998677,0.9971693875024497
tender,coh_OT_delta,coherence,31,0.011723238005737824,0.5161290322580645,0.7942198486998677,0.9892079552669011
pleasant,coh_FO_theta,coherence,31,-0.0031546074805522467,0.5161290322580645,0.7942198486998677,1.0
happy,theta_occipital,band power,31,0.0031316263474413966,0.5161290322580645,0.7942198486998677,1.0
pleasant,icoh_OP_alpha,imaginary coherence,31,0.010332466372932765,0.5483870967741935,0.7942198486998677,0.9981735862814047
tender,coh_CP_alpha,coherence,31,0.009222141560116954,0.5483870967741935,0.7942198486998677,0.9901961750024325
sad,coh_CO_delta,coherence,31,-0.009653214576534798,0.5161290322580645,0.7942198486998677,0.995167039334774
sad,icoh_FT_delta,imaginary coherence,31,-0.01685524940530812,0.5161290322580645,0.7942198486998677,0.9931727166106562
sad,icoh_FO_beta,imaginary coherence,31,-0.009565836735924893,0.5161290322580645,0.7942198486998677,0.9941688778108675
happy,asym_P4P3_alpha,asymmetry,31,-0.012997385623763453,0.5161290322580645,0.7942198486998677,1.0
angry,coh_CP_alpha,coherence,31,-0.004078090072021217,0.5161290322580645,0.7942198486998677,1.0
tender,asym_O2O1_delta,asymmetry,31,0.016457305998292825,0.5161290322580645,0.7942198486998677,0.9911863711774349
happy,icoh_OP_alpha,imaginary coherence,31,-0.012361186039249237,0.5483870967741935,0.7942198486998677,1.0
pleasant,coh_FT_theta,coherence,31,-0.012838123441623628,0.5806451612903226,0.7942198486998677,0.9991798096546723
afraid,beta_temporal,band power,31,-0.01971144402398744,0.5161290322580645,0.7942198486998677,1.0
sad,icoh_PT_delta,imaginary coherence,31,0.013588504855053883,0.5483870967741935,0.7942198486998677,0.9921785497271621
afraid,coh_OP_alpha,coherence,31,0.011670309130091627,0.5483870967741935,0.7942198486998677,1.0
tender,gamma_central,band power,31,-0.015145925120879367,0.5806451612903226,0.7942198486998677,0.9882217060592572
tender,coh_CO_delta,coherence,31,-0.0027913821279662225,0.5806451612903226,0.8091655615717173,0.9900378635701012
sad,icoh_CT_beta,imaginary coherence,31,-0.003688067920507968,0.5161290322580645,0.8091655615717173,0.9929583292443492
tender,coh_PT_alpha,coherence,31,0.016815206138307535,0.5161290322580645,0.8091655615717173,0.9881004117822927
tender,icoh_CO_gamma,imaginary coherence,31,-0.004349523882457063,0.5161290322580645,0.8091655615717173,0.9861705281655304
sad,icoh_CT_theta,imaginary coherence,31,-0.014461099117838914,0.5161290322580645,0.8091655615717173,0.9919829281350718
energetic,icoh_CO_alpha,imaginary coherence,31,-0.010428438503625612,0.5483870967741935,0.8091655615717173,0.9998402186549536
tender,gamma_occipital,band power,31,0.0007021625235073951,0.5806451612903226,0.8091655615717173,0.987134526726787
angry,alpha_frontal,band power,31,-0.010628065732960122,0.5161290322580645,0.8091655615717173,1.0
happy,icoh_CF_beta,imaginary coherence,31,-0.0002990729361821503,0.5806451612903226,0.8091655615717173,0.9978642498433825
afraid,alpha_temporal,band power,31,-0.008009897237913637,0.5483870967741935,0.8091655615717173,1.0
energetic,icoh_PT_delta,imaginary coherence,31,0.007987415075582418,0.6129032258064516,0.8091655615717173,0.9988512570143453
sad,theta_central,band power,31,0.02217793218306022,0.5161290322580645,0.8091655615717173,0.9910094414538795
tense,beta_temporal,band power,31,0.02435142773457767,0.5483870967741935,0.8091655615717173,0.9852084105770762
angry,theta_parietal,band power,31,-0.011845238108212666,0.5483870967741935,0.8091655615717173,1.0
tender,coh_FP_theta,coherence,31,-0.008895102166583194,0.5161290322580645,0.8091655615717173,0.9890681888751255
energetic,asym_P4P3_delta,asymmetry,31,0.0115504931393842,0.5483870967741935,0.8091655615717173,1.0
pleasant,icoh_CP_alpha,imaginary coherence,31,0.009275656460146992,0.5161290322580645,0.8091655615717173,0.995896075780575
angry,icoh_FP_delta,imaginary coherence,31,0.010870464791043985,0.5161290322580645,0.8091655615717173,1.0
sad,icoh_CP_theta,imaginary coherence,31,0.007505628551601957,0.5161290322580645,0.8091655615717173,0.9939356504345503
pleasant,icoh_CO_alpha,imaginary coherence,31,-0.01465798173634712,0.5483870967741935,0.8091655615717173,0.9968791913539025
sad,coh_OP_theta,coherence,31,-0.006823300560671468,0.5483870967741935,0.8091655615717173,0.9949148973807913
happy,coh_FT_gamma,coherence,31,0.001899086569856725,0.5483870967741935,0.8241792023181915,0.9966818260592084
sad,icoh_CF_theta,imaginary coherence,31,-0.017903392391959105,0.5483870967741935,0.8241792023181915,0.9899669340645842
angry,coh_FP_alpha,coherence,31,-0.0040010861310306985,0.5161290322580645,0.8241792023181915,0.9995876039777484
angry,coh_OP_alpha,coherence,31,-0.006594604303283213,0.5806451612903226,0.8241792023181915,0.9986171305758281
pleasant,icoh_CF_delta,imaginary coherence,31,0.00840972270926341,0.5483870967741935,0.8241792023181915,0.9937928932300513
tender,coh_FO_alpha,coherence,31,0.00522126532923482,0.5161290322580645,0.8241792023181915,0.9890150427818298
tense,coh_OP_theta,coherence,31,-0.011052448832144682,0.5161290322580645,0.8241792023181915,0.9871167413561449
tender,theta_central,band power,31,0.006656923473431202,0.5161290322580645,0.8241792023181915,0.9880649803007714
pleasant,coh_CP_delta,coherence,31,0.007628771041436929,0.5806451612903226,0.8241792023181915,0.9947540082138328
angry,coh_FO_delta,coherence,31,-0.015269092071671424,0.5161290322580645,0.8241792023181915,1.0
afraid,coh_CP_gamma,coherence,31,-0.01776638281883604,0.5161290322580645,0.8241792023181915,1.0
happy,gamma_occipital,band power,31,-0.00011890543190434452,0.5161290322580645,0.8241792023181915,0.9957169840204289
happy,asym_P4P3_delta,asymmetry,31,-0.001089806881291961,0.5483870967741935,0.8241792023181915,0.9976485397605267
sad,coh_PT_alpha,coherence,31,-0.0035110636674490743,0.5161290322580645,0.8241792023181915,0.9909206594345886
afraid,coh_OT_delta,coherence,31,-0.017413393823614228,0.5161290322580645,0.8241792023181915,1.0
sad,asym_T6T5_theta,asymmetry,31,0.0037144179049950683,0.5483870967741935,0.8241792023181915,0.991876224197785
sad,asym_T4T3_beta,asymmetry,31,0.003912080543288459,0.5483870967741935,0.8241792023181915,0.9928336336806014
pleasant,coh_CT_theta,coherence,31,0.008989240670432283,0.5483870967741935,0.8392556216567755,0.9927876927276358
afraid,asym_O2O1_gamma,asymmetry,31,0.004465370180127486,0.5161290322580645,0.8392556216567755,1.0
angry,alpha_central,band power,31,0.005778959180815298,0.5161290322580645,0.8392556216567755,1.0
happy,coh_CT_delta,coherence,31,0.013116989266763404,0.5161290322580645,0.8392556216567755,0.997515253169196
happy,beta_occipital,band power,31,-0.0022878124344193227,0.5161290322580645,0.8392556216567755,0.9984661733342762
happy,alpha_central,band power,31,0.011613109786066183,0.5161290322580645,0.8392556216567755,0.999418908232496
angry,asym_T4T3_alpha,asymmetry,31,0.014596517037264374,0.5161290322580645,0.8392556216567755,1.0
happy,faa,band power,31,-0.003352008778588584,0.5161290322580645,0.8392556216567755,0.9965661425572367
sad,coh_FP_gamma,coherence,31,0.009296603073165367,0.5161290322580645,0.8392556216567755,0.9909091918899298
tense,icoh_CF_theta,imaginary coherence,31,-0.015215573009648665,0.5806451612903226,0.8392556216567755,0.9862438943763238
tender,coh_CT_beta,coherence,31,0.014003409052814749,0.5806451612903226,0.8392556216567755,0.9890377864283812
pleasant,coh_OT_delta,coherence,31,0.003690124081197344,0.6129032258064516,0.8392556216567755,0.9918475528670982
tense,asym_P4P3_gamma,asymmetry,31,0.0060472593185459085,0.5483870967741935,0.8392556216567755,0.9871734362183372
pleasant,alpha_frontal,band power,31,-0.0029965131675572755,0.5483870967741935,0.8392556216567755,0.9946733293709932
pleasant,coh_CF_gamma,coherence,31,0.018700404901225716,0.5806451612903226,0.8392556216567755,0.9937296165347778
happy,icoh_PT_theta,imaginary coherence,31,-0.0015018467562868166,0.5483870967741935,0.8392556216567755,0.9956188363380758
tender,coh_OP_delta,coherence,31,0.0001430589107056566,0.5806451612903226,0.8392556216567755,0.9881047319128828
afraid,icoh_CT_gamma,imaginary coherence,31,-0.005114573424800793,0.5161290322580645,0.8392556216567755,1.0
angry,icoh_CO_gamma,imaginary coherence,31,-0.008312355615068266,0.5161290322580645,0.8392556216567755,1.0
sad,icoh_CT_delta,imaginary coherence,31,-0.012255026500772108,0.5483870967741935,0.8392556216567755,0.9899726047520376
pleasant,asym_T6T5_theta,asymmetry,31,-0.009220768389839947,0.5161290322580645,0.8543895706534386,0.9974538673297393
energetic,gamma_frontal,band power,31,0.010174809814763496,0.5806451612903226,0.8543895706534386,0.9993235090679394
afraid,icoh_FP_gamma,imaginary coherence,31,-0.007876864327810665,0.5483870967741935,0.8543895706534386,1.0
sad,asym_O2O1_theta,asymmetry,31,-0.004980383589090399,0.5483870967741935,0.8543895706534386,0.9918866829539454
sad,icoh_CP_beta,imaginary coherence,31,-0.014381314563214034,0.5161290322580645,0.8543895706534386,0.9900447392530096
pleasant,icoh_OT_delta,imaginary coherence,31,0.01109549539343514,0.5161290322580645,0.8543895706534386,0.9928102273514817
pleasant,coh_FO_delta,coherence,31,-0.003092749534536423,0.5161290322580645,0.8543895706534386,0.9965216674537302
angry,coh_FP_theta,coherence,31,0.00581683416987065,0.5161290322580645,0.8543895706534386,1.0
pleasant,coh_FT_gamma,coherence,31,0.00818372091485769,0.5806451612903226,0.8543895706534386,0.9955912083804774
pleasant,icoh_OP_delta,imaginary coherence,31,0.011811388281810224,0.5161290322580645,0.8543895706534386,0.9937354931738037
angry,icoh_FT_delta,imaginary coherence,31,0.010281460791354629,0.5483870967741935,0.8543895706534386,1.0
tense,coh_FO_delta,coherence,31,0.002412550590542629,0.6129032258064516,0.8543895706534386,0.9872946149773068
tender,coh_CO_theta,coherence,31,0.001646563063132785,0.5161290322580645,0.8543895706534386,0.9882096238883145
tender,asym_F4F3_alpha,asymmetry,31,0.002450509724831151,0.5483870967741935,0.8543895706534386,0.9891263304039808
happy,coh_OT_gamma,coherence,31,-0.01912406621483735,0.5161290322580645,0.8543895706534386,0.9983878128984002
sad,coh_PT_gamma,coherence,31,-0.012025204230199624,0.5483870967741935,0.8543895706534386,0.9909648551816834
tense,gamma_frontal,band power,31,0.009057097119761236,0.5161290322580645,0.8543895706534386,0.9863812989597515
angry,asym_T4T3_theta,asymmetry,31,-0.006370401790433393,0.5161290322580645,0.8543895706534386,1.0
pleasant,coh_PT_delta,coherence,31,0.004588902932522893,0.5161290322580645,0.8543895706534386,0.9946624852383315
happy,gamma_frontal,band power,31,-0.006580480566386833,0.5483870967741935,0.8695757398381829,0.995624333319314
afraid,coh_FP_theta,coherence,31,-0.0035976098499857674,0.5161290322580645,0.8695757398381829,1.0
sad,icoh_CO_alpha,imaginary coherence,31,-0.00382195580813022,0.5161290322580645,0.8695757398381829,0.9892712154221078
happy,icoh_FT_delta,imaginary coherence,31,0.0010231031123820065,0.5483870967741935,0.8695757398381829,0.9947117537287372
tender,icoh_PT_delta,imaginary coherence,31,0.004419573964145965,0.5161290322580645,0.8695757398381829,0.985677132895597
tender,icoh_CF_beta,imaginary coherence,31,-0.0047396439574486715,0.5161290322580645,0.8695757398381829,0.9865732030164112
tense,coh_CF_delta,coherence,31,-0.005110670912629451,0.5161290322580645,0.8695757398381829,0.9838898670154599
sad,gamma_parietal,band power,31,0.007774090295091408,0.5483870967741935,0.8695757398381829,0.9901738351442083
happy,coh_CF_delta,coherence,31,0.008623528315345151,0.5483870967741935,0.8695757398381829,0.9965385889054659
happy,asym_O2O1_beta,asymmetry,31,-0.0034331376954989078,0.5161290322580645,0.8695757398381829,0.997454525108504
tender,coh_OP_gamma,coherence,31,0.01095183870867415,0.5161290322580645,0.8695757398381829,0.9874709038380821
pleasant,icoh_FP_delta,imaginary coherence,31,-0.003473851535201581,0.5806451612903226,0.8695757398381829,0.9928916041336252
energetic,faa,band power,31,0.006523337844979636,0.5483870967741935,0.8695757398381829,0.9983721465667454
energetic,coh_PT_delta,coherence,31,0.01947632084374544,0.5483870967741935,0.8695757398381829,0.9992914579355914
angry,delta_temporal,band power,31,-0.0055878960040079894,0.5161290322580645,0.8695757398381829,1.0
angry,icoh_FO_alpha,imaginary coherence,31,-0.019710027722554493,0.5161290322580645,0.8695757398381829,1.0
sad,asym_P4P3_beta,asymmetry,31,0.014948778007756926,0.5161290322580645,0.8695757398381829,0.9919840249707973
sad,coh_CP_delta,coherence,31,-0.0003865946701782722,0.5161290322580645,0.8695757398381829,0.9910781034868057
tender,coh_CO_alpha,coherence,31,-0.0022278519271101156,0.5161290322580645,0.8695757398381829,0.9883702398160767
pleasant,coh_FP_theta,coherence,31,0.005734563224254188,0.5161290322580645,0.8695757398381829,0.9938008455293519
energetic,coh_PT_beta,coherence,31,0.0013734008872825893,0.5161290322580645,0.8695757398381829,1.0
tender,icoh_PT_theta,imaginary coherence,31,-0.006745314290947057,0.5161290322580645,0.8695757398381829,0.9847826890363451
tender,coh_FP_alpha,coherence,31,0.015828154763135406,0.5806451612903226,0.8848088048398495,0.9894636097133801
sad,asym_T6T5_delta,asymmetry,31,0.000987838905765005,0.5483870967741935,0.8848088048398495,0.9912400255297416
afraid,icoh_CT_delta,imaginary coherence,31,0.0024278607444536185,0.5806451612903226,0.8848088048398495,1.0
sad,icoh_OP_alpha,imaginary coherence,31,0.006566104890655316,0.5161290322580645,0.8848088048398495,0.99035102102254
energetic,icoh_FT_beta,imaginary coherence,31,0.02737308186497429,0.5806451612903226,0.8848088048398495,0.9966077512997582
happy,icoh_OT_theta,imaginary coherence,31,0.006564405231113287,0.5483870967741935,0.8848088048398495,0.9948120616577767
happy,theta_frontal,band power,31,0.007813141811137993,0.5483870967741935,0.8848088048398495,0.9939166412602449
energetic,coh_CT_theta,coherence,31,0.004683686722308654,0.5483870967741935,0.8848088048398495,0.998409935298492
tender,coh_PT_theta,coherence,31,0.0019327189528505063,0.5161290322580645,0.8848088048398495,0.9885777873233054
pleasant,icoh_CF_alpha,imaginary coherence,31,-0.0196564241311896,0.5161290322580645,0.8848088048398495,0.9930228313310541
energetic,coh_FT_gamma,coherence,31,-0.003667950950502324,0.5483870967741935,0.8848088048398495,0.9975080293045457
angry,icoh_OP_alpha,imaginary coherence,31,-0.006515979310613099,0.5161290322580645,0.8848088048398495,0.999313473701477
sad,asym_T4T3_delta,asymmetry,31,-0.0076883846003396586,0.5161290322580645,0.8848088048398495,0.9921306275293191
happy,coh_OP_alpha,coherence,31,0.007508387426209377,0.5483870967741935,0.8848088048398495,0.9957090968801913
afraid,coh_CT_beta,coherence,31,-0.006372394826035712,0.5806451612903226,0.9000833509489894,1.0
afraid,coh_FP_gamma,coherence,31,0.011826618471354454,0.5161290322580645,0.9000833509489894,1.0
tense,icoh_CO_theta,imaginary coherence,31,0.003731891028565203,0.5161290322580645,0.9000833509489894,0.99056792062111
happy,asym_F8F7_beta,asymmetry,31,0.0020287720932526663,0.5161290322580645,0.9000833509489894,1.0
happy,coh_CP_beta,coherence,31,0.012020410377625449,0.5161290322580645,0.9000833509489894,0.9984924639860789
happy,asym_F8F7_gamma,asymmetry,31,-0.0041198781603894495,0.5161290322580645,0.9000833509489894,0.9993808024771698
happy,icoh_CT_theta,imaginary coherence,31,-0.009007186217263237,0.5161290322580645,0.9000833509489894,0.9976057033608693
energetic,icoh_FT_theta,imaginary coherence,31,-0.0042675652966277225,0.5161290322580645,0.9000833509489894,1.0
pleasant,asym_F4F3_alpha,asymmetry,31,-0.0007098107564074208,0.5161290322580645,0.9000833509489894,0.9958368989222861
pleasant,icoh_CO_theta,imaginary coherence,31,0.016567792674682655,0.5161290322580645,0.9000833509489894,0.9931954217368159
pleasant,coh_FT_alpha,coherence,31,0.0073021688569405606,0.5483870967741935,0.9000833509489894,0.9940743557383529
pleasant,asym_T4T3_beta,asymmetry,31,0.015951672498382058,0.5161290322580645,0.9000833509489894,0.9949548467531787
happy,icoh_FP_beta,imaginary coherence,31,0.0055980177592605705,0.5483870967741935,0.9000833509489894,0.9967205164013654
afraid,icoh_FO_gamma,imaginary coherence,31,0.007519308478766767,0.5161290322580645,0.9000833509489894,1.0
pleasant,icoh_FP_gamma,imaginary coherence,31,-0.015938030287088626,0.5161290322580645,0.9000833509489894,0.9923180406222074
tender,coh_CT_gamma,coherence,31,0.0056555606922435095,0.5483870967741935,0.9000833509489894,0.991442208282735
afraid,icoh_CF_beta,imaginary coherence,31,0.008282220670486767,0.5161290322580645,0.9000833509489894,1.0
energetic,coh_CP_gamma,coherence,31,0.0027397973066791777,0.5806451612903226,0.9153939224779606,1.0
energetic,delta_occipital,band power,31,-0.0004602187435182816,0.5161290322580645,0.9153939224779606,1.0
tense,coh_CT_theta,coherence,31,-0.005866993608837986,0.5806451612903226,0.9153939224779606,0.9916767493511239
energetic,icoh_CT_alpha,imaginary coherence,31,-0.0014057366397631217,0.6129032258064516,0.9153939224779606,0.9986115517941389
pleasant,icoh_CP_gamma,imaginary coherence,31,-0.0029853238688897356,0.5161290322580645,0.9153939224779606,0.995999664561896
pleasant,coh_OT_alpha,coherence,31,0.0044885478000754216,0.5483870967741935,0.9153939224779606,0.9968687742168366
energetic,coh_FT_theta,coherence,31,-0.013220280207641013,0.5806451612903226,0.9153939224779606,1.0
pleasant,asym_P4P3_beta,asymmetry,31,0.002628445620987455,0.5806451612903226,0.9153939224779606,0.9977394019672444
tender,icoh_OP_beta,imaginary coherence,31,-0.0031722231025711183,0.5161290322580645,0.9153939224779606,0.9925383277606384
energetic,icoh_CO_theta,imaginary coherence,31,0.007419732742361555,0.5483870967741935,0.9153939224779606,0.9994852276924714
afraid,icoh_FP_alpha,imaginary coherence,31,-0.008383963758418642,0.5161290322580645,0.9153939224779606,1.0
tender,coh_OT_gamma,coherence,31,0.0005741046602421929,0.5161290322580645,0.9153939224779606,0.9934014045673868
angry,asym_O2O1_delta,asymmetry,31,0.00338126094358455,0.5161290322580645,0.9153939224779606,1.0
sad,coh_OP_alpha,coherence,31,-0.0018129135701755925,0.5806451612903226,0.9153939224779606,0.9942659836836334
afraid,coh_FT_delta,coherence,31,-0.00702469397544929,0.5161290322580645,0.9153939224779606,1.0
sad,coh_CP_beta,coherence,31,0.008082535929237975,0.5161290322580645,0.9153939224779606,0.9951320690352742
angry,icoh_OP_theta,imaginary coherence,31,-0.012881598040905263,0.5161290322580645,0.9153939224779606,1.0
angry,icoh_CT_alpha,imaginary coherence,31,0.006483394285621174,0.5161290322580645,0.9153939224779606,1.0
energetic,asym_T6T5_beta,asymmetry,31,0.0010503629922786284,0.5161290322580645,0.9307350646704435,1.0
tense,coh_FP_gamma,coherence,31,0.013522414718668722,0.5161290322580645,0.9307350646704435,0.9961898462338881
afraid,icoh_PT_alpha,imaginary coherence,31,-0.00027568276478917483,0.5806451612903226,0.9307350646704435,1.0
tender,asym_T6T5_beta,asymmetry,31,-0.0076010831701964566,0.5483870967741935,0.9307350646704435,0.9996190711778946
tense,icoh_CP_alpha,imaginary coherence,31,-0.0023583290302258034,0.5161290322580645,0.9307350646704435,0.9953362131180065
tender,coh_OT_theta,coherence,31,-0.008563947201626551,0.5161290322580645,0.9307350646704435,0.9987595534898654
tender,icoh_FT_delta,imaginary coherence,31,-0.004138176078088736,0.5806451612903226,0.9307350646704435,0.9979015126363519
energetic,icoh_CO_beta,imaginary coherence,31,0.002652828127167096,0.5161290322580645,0.9307350646704435,1.0
happy,icoh_CP_alpha,imaginary coherence,31,0.0002770719995462197,0.5483870967741935,0.9307350646704435,1.0
happy,alpha_parietal,band power,31,0.005288390352536646,0.5161290322580645,0.9307350646704435,1.0
tender,theta_frontal,band power,31,0.0025657278902618355,0.6129032258064516,0.9307350646704435,0.9970449448143464
tender,asym_F4F3_delta,asymmetry,31,0.0026923147365699044,0.5806451612903226,0.9307350646704435,1.0
tense,icoh_FO_theta,imaginary coherence,31,0.004354271772689895,0.5483870967741935,0.9307350646704435,0.9944840417026657
angry,icoh_FT_beta,imaginary coherence,31,0.0060668488833035385,0.5161290322580645,0.9307350646704435,1.0
sad,asym_O2O1_delta,asymmetry,31,0.009045029110837748,0.5161290322580645,0.9307350646704435,1.0
energetic,coh_CO_alpha,coherence,31,-0.004218292519178795,0.5483870967741935,0.9307350646704435,1.0
energetic,coh_CO_gamma,coherence,31,0.008156213610911615,0.5483870967741935,0.9461012529209256,1.0
tender,icoh_CF_delta,imaginary coherence,31,0.017208067207124457,0.5806451612903226,0.9461012529209256,0.9980848382462512
happy,icoh_CT_alpha,imaginary coherence,31,0.00027601498691501574,0.5161290322580645,0.9461012529209256,1.0
pleasant,asym_F8F7_delta,asymmetry,31,-0.011707627297395062,0.5161290322580645,0.9461012529209256,1.0
tender,gamma_parietal,band power,31,-0.005133454369132613,0.5161290322580645,0.9461012529209256,0.9989292416627031
angry,coh_OP_gamma,coherence,31,-0.011331124018494766,0.5161290322580645,0.9461012529209256,1.0
afraid,coh_FO_beta,coherence,31,-0.002928350990774096,0.5161290322580645,0.9461012529209256,1.0
afraid,coh_CF_alpha,coherence,31,-0.007079672669665089,0.5161290322580645,0.9461012529209256,1.0
happy,asym_F4F3_gamma,asymmetry,31,-0.002978669571868723,0.5483870967741935,0.9461012529209256,1.0
happy,coh_CO_delta,coherence,31,-0.002253499409581934,0.5161290322580645,0.9461012529209256,1.0
happy,delta_parietal,band power,31,-0.010678582293300872,0.5483870967741935,0.9461012529209256,1.0
tender,delta_temporal,band power,31,-0.0070974865141031785,0.5161290322580645,0.9461012529209256,0.9997750750595387
sad,asym_P4P3_alpha,asymmetry,31,-0.0143842448715275,0.6129032258064516,0.9461012529209256,1.0
energetic,beta_parietal,band power,31,0.012356574065983419,0.5806451612903226,0.9461012529209256,1.0
tense,icoh_CT_theta,imaginary coherence,31,0.0016987415188544827,0.5483870967741935,0.9461012529209256,0.9972418611869216
afraid,icoh_CO_gamma,imaginary coherence,31,-0.0014496985999077074,0.5483870967741935,0.9461012529209256,1.0
pleasant,icoh_CP_beta,imaginary coherence,31,0.002547931023768721,0.5161290322580645,0.9614869365468621,1.0
happy,icoh_FT_beta,imaginary coherence,31,0.0062923394608050895,0.5483870967741935,0.9614869365468621,1.0
energetic,icoh_FO_theta,imaginary coherence,31,0.012674497683885688,0.5483870967741935,0.9614869365468621,1.0
tender,icoh_FT_theta,imaginary coherence,31,0.007013556335126308,0.5161290322580645,0.9614869365468621,0.996624332899073
pleasant,asym_T6T5_beta,asymmetry,31,-0.013417588485475798,0.5161290322580645,0.9614869365468621,1.0
afraid,asym_T4T3_alpha,asymmetry,31,0.004540944144014541,0.5161290322580645,0.9614869365468621,1.0
sad,gamma_frontal,band power,31,-0.00036488780323128535,0.5483870967741935,0.9614869365468621,1.0
tender,asym_F4F3_beta,asymmetry,31,0.012723735717176726,0.5806451612903226,0.9614869365468621,0.9982826096593045
happy,beta_temporal,band power,31,0.0028034086902279745,0.5806451612903226,0.9614869365468621,1.0
happy,gamma_parietal,band power,31,-0.0036038317587413116,0.5161290322580645,0.9614869365468621,1.0
happy,coh_FO_theta,coherence,31,0.0026386588232060596,0.5161290322580645,0.9614869365468621,1.0
angry,alpha_occipital,band power,31,-0.00012891113261520324,0.5806451612903226,0.9614869365468621,1.0
happy,icoh_CP_delta,imaginary coherence,31,0.0022366796069797257,0.5806451612903226,0.9614869365468621,1.0
afraid,asym_F4F3_beta,asymmetry,31,0.002401162053375266,0.5483870967741935,0.9614869365468621,1.0
pleasant,icoh_CO_beta,imaginary coherence,31,-0.0004831227815773349,0.5483870967741935,0.9614869365468621,1.0
tense,coh_CO_delta,coherence,31,-0.0016749919361384422,0.5161290322580645,0.9614869365468621,0.995797258763887
energetic,icoh_CP_alpha,imaginary coherence,31,-0.005202231408555004,0.5161290322580645,0.9614869365468621,1.0
sad,icoh_PT_alpha,imaginary coherence,31,-0.009015075199074919,0.5161290322580645,0.9614869365468621,0.9991138191594371
sad,icoh_OT_gamma,imaginary coherence,31,-0.002700856919381706,0.5161290322580645,0.9614869365468621,0.9999464140087366
sad,asym_F8F7_gamma,asymmetry,31,-0.006522562453032501,0.5161290322580645,0.9614869365468621,1.0
tender,coh_CT_theta,coherence,31,-0.0024973877734524703,0.5161290322580645,0.9614869365468621,0.9974527820536025
afraid,coh_CO_alpha,coherence,31,-0.003951965130121268,0.5161290322580645,0.9768865816295147,1.0
afraid,coh_CO_theta,coherence,31,0.002560639244519832,0.5483870967741935,0.9768865816295147,1.0
sad,icoh_CP_gamma,imaginary coherence,31,0.010754864089037768,0.5483870967741935,0.9768865816295147,0.9984884962110028
sad,icoh_FT_theta,imaginary coherence,31,-0.00026497613123209696,0.5161290322580645,0.9768865816295147,0.997671402515249
angry,coh_OT_theta,coherence,31,-0.0023368620450861326,0.5483870967741935,0.9768865816295147,1.0
energetic,alpha_parietal,band power,31,0.0064665340353827466,0.5483870967741935,0.9768865816295147,1.0
tense,coh_OP_alpha,coherence,31,0.00037001392459966087,0.5161290322580645,0.9768865816295147,0.99522812561113
tense,coh_FO_gamma,coherence,31,-0.006623974130853055,0.5161290322580645,0.9768865816295147,0.9960412204849953
happy,theta_temporal,band power,31,-0.002225839353462017,0.5161290322580645,0.9768865816295147,1.0
pleasant,asym_F8F7_alpha,asymmetry,31,0.0015582892058964982,0.5161290322580645,0.9768865816295147,1.0
pleasant,asym_P4P3_alpha,asymmetry,31,0.003511359728342396,0.5483870967741935,0.9768865816295147,0.9993069294046183
angry,coh_CP_gamma,coherence,31,0.004511589797734187,0.5483870967741935,0.9768865816295147,1.0
angry,asym_F4F3_alpha,asymmetry,31,0.0035879749473022807,0.5161290322580645,0.9768865816295147,1.0
energetic,icoh_OT_alpha,imaginary coherence,31,0.004085598417311631,0.5483870967741935,0.9768865816295147,1.0
energetic,icoh_FP_gamma,imaginary coherence,31,0.01018094348514558,0.5483870967741935,0.9768865816295147,1.0
energetic,gamma_parietal,band power,31,0.0047848748832054495,0.5483870967741935,0.9768865816295147,1.0
tender,icoh_CO_alpha,imaginary coherence,31,0.012230997181957191,0.5483870967741935,0.9768865816295147,0.9968556450315899
afraid,asym_O2O1_alpha,asymmetry,31,-0.006405475356231915,0.5483870967741935,0.9768865816295147,1.0
afraid,asym_F8F7_theta,asymmetry,31,0.002545201832727717,0.5483870967741935,0.9768865816295147,1.0
afraid,icoh_OP_gamma,imaginary coherence,31,-0.007967274326196783,0.5483870967741935,0.9768865816295147,1.0
tender,coh_PT_gamma,coherence,31,-0.002962641756581988,0.5161290322580645,0.9922946002334356,1.0
tender,icoh_OT_beta,imaginary coherence,31,-0.008935313505339425,0.5806451612903226,0.9922946002334356,1.0
tense,asym_F4F3_beta,asymmetry,31,0.003231188523947058,0.5483870967741935,0.9922946002334356,1.0
angry,asym_F8F7_gamma,asymmetry,31,0.003178930908513023,0.5483870967741935,0.9922946002334356,1.0
tender,icoh_CP_alpha,imaginary coherence,31,-0.0057496624066602576,0.5161290322580645,0.9922946002334356,1.0
sad,coh_CT_beta,coherence,31,-0.006677110614938968,0.5161290322580645,0.9922946002334356,1.0
afraid,asym_P4P3_beta,asymmetry,31,-0.011449451915066423,0.5161290322580645,0.9922946002334356,1.0
tender,asym_P4P3_gamma,asymmetry,31,-0.008141378853438758,0.5161290322580645,0.9922946002334356,1.0
sad,asym_F4F3_beta,asymmetry,31,-0.004562664442876199,0.5483870967741935,0.9922946002334356,1.0
angry,icoh_FP_beta,imaginary coherence,31,-0.0032388837573949047,0.5483870967741935,0.9922946002334356,1.0
angry,icoh_CO_theta,imaginary coherence,31,0.0051130381014989545,0.5483870967741935,0.9922946002334356,1.0
sad,icoh_OT_alpha,imaginary coherence,31,0.004996980308928893,0.5161290322580645,0.9922946002334356,1.0
sad,coh_CT_delta,coherence,31,0.0025517118847404457,0.5483870967741935,0.9922946002334356,1.0
tender,icoh_CO_theta,imaginary coherence,31,0.0018176034812963729,0.5161290322580645,1.0,1.0
energetic,coh_OT_delta,coherence,31,0.0057655347404482376,0.5161290322580645,1.0,1.0
happy,icoh_CP_gamma,imaginary coherence,31,-0.001274167663707602,0.5161290322580645,1.0,1.0
angry,icoh_OP_delta,imaginary coherence,31,0.009260248221536154,0.5483870967741935,1.0,1.0
angry,icoh_CP_beta,imaginary coherence,31,0.0026078779229602067,0.5806451612903226,1.0,1.0
energetic,delta_temporal,band power,31,-0.009849198546368714,0.5483870967741935,1.0,1.0
tense,coh_OP_delta,coherence,31,0.006569307091278063,0.5161290322580645,1.0,1.0
pleasant,icoh_CT_theta,imaginary coherence,31,-0.0030274959400008006,0.5483870967741935,1.0,1.0
pleasant,icoh_CT_delta,imaginary coherence,31,0.005204884460872739,0.5161290322580645,1.0,1.0
sad,asym_T6T5_gamma,asymmetry,31,0.007160349432088406,0.5483870967741935,1.0,1.0
